feed_id,feed_source,template_name,mixture_size,active_components,CO2,H2,Ar,N2,CH4,O2,CO,H2S,pool_idx,temperature,P_bubble
462,Random (Dirichlet),dirichlet,5,"CO2,Ar,CH4,O2,CO",0.99,0.0,0.0038600217170192,0.0,5.04984074829632e-05,0.003903159242662,0.0021863206328357,0.0,462,270.0,38.64065407241508
292,Random (Dirichlet),dirichlet,4,"CO2,Ar,CH4,H2S",0.97,0.0,0.01488145694782,0.0,0.0145454268411307,0.0,0.0,0.0005731162110492,292,200.0,10.93031851083234
168,Random (Dirichlet),dirichlet,2,"CO2,H2",0.95,0.05,0.0,0.0,0.0,0.0,0.0,0.0,168,280.0,125.99806677162334
511,Random (Dirichlet),dirichlet,2,"CO2,H2S",0.95,0.0,0.0,0.0,0.0,0.0,0.0,0.05,511,280.0,42.64403856613815
168,Random (Dirichlet),dirichlet,2,"CO2,H2",0.95,0.05,0.0,0.0,0.0,0.0,0.0,0.0,168,200.0,436.41469063067285
511,Random (Dirichlet),dirichlet,2,"CO2,H2S",0.95,0.0,0.0,0.0,0.0,0.0,0.0,0.05,511,200.0,2.5646832937525215
267,Random (Dirichlet),dirichlet,3,"CO2,H2,H2S",0.95,0.0273659156250218,0.0,0.0,0.0,0.0,0.0,0.0226340843749782,267,240.0,114.05639290911131
713,Systematic,systematic_grid,4,"CO2,H2,Ar,N2",0.95,0.0,0.0,0.05,0.0,0.0,0.0,0.0,713,235.0,51.81026385337979
713,Systematic,systematic_grid,4,"CO2,H2,Ar,N2",0.95,0.0,0.0,0.05,0.0,0.0,0.0,0.0,713,280.0,72.49422394718133
44,Random (Dirichlet),dirichlet,2,"CO2,Ar",0.95,0.0,0.05,0.0,0.0,0.0,0.0,0.0,44,255.0,44.30159951079026
168,Random (Dirichlet),dirichlet,2,"CO2,H2",0.95,0.05,0.0,0.0,0.0,0.0,0.0,0.0,168,240.0,206.03036244401767
511,Random (Dirichlet),dirichlet,2,"CO2,H2S",0.95,0.0,0.0,0.0,0.0,0.0,0.0,0.05,511,240.0,13.344843082251325
22,Random (Dirichlet),dirichlet,2,"CO2,CH4",0.95,0.0,0.0,0.0,0.05,0.0,0.0,0.0,22,280.0,56.06879229697399
835,Systematic,systematic_grid,3,"CO2,Ar,CO",0.95,0.0,0.0,0.0,0.0,0.0,0.05,0.0,835,220.0,47.43170148659997
519,Random (Dirichlet),dirichlet,3,"CO2,H2,O2",0.95,0.0236605666279053,0.0,0.0,0.0,0.0263394333720946,0.0,0.0,519,265.0,92.15070430675685
158,Random (Dirichlet),dirichlet,2,"CO2,H2",0.98,0.02,0.0,0.0,0.0,0.0,0.0,0.0,158,215.0,118.23157556169905
710,Systematic,systematic_grid,4,"CO2,O2,CO,H2S",0.95,0.0,0.0,0.0,0.0,0.05,0.0,0.0,710,220.0,26.026547622713522
267,Random (Dirichlet),dirichlet,3,"CO2,H2,H2S",0.95,0.0273659156250218,0.0,0.0,0.0,0.0,0.0,0.0226340843749782,267,200.0,212.88503926731124
267,Random (Dirichlet),dirichlet,3,"CO2,H2,H2S",0.95,0.0273659156250218,0.0,0.0,0.0,0.0,0.0,0.0226340843749782,267,280.0,88.30316417537689
713,Systematic,systematic_grid,4,"CO2,H2,Ar,N2",0.95,0.0,0.0,0.05,0.0,0.0,0.0,0.0,713,200.0,50.95987029843762
883,Systematic,systematic_grid,4,"CO2,H2,Ar,H2S",0.95,0.0,0.03,0.0,0.0,0.0,0.0,0.02,883,215.0,17.99113318753928
16,Random (Dirichlet),dirichlet,3,"CO2,CH4,H2S",0.95,0.0,0.0,0.0,0.0244546223288794,0.0,0.0,0.0255453776711206,16,260.0,31.02034532947503
835,Systematic,systematic_grid,3,"CO2,Ar,CO",0.95,0.0,0.0,0.0,0.0,0.0,0.05,0.0,835,280.0,71.62087305169962
854,Systematic,systematic_grid,4,"CO2,H2,Ar,N2",0.95,0.01,0.04,0.0,0.0,0.0,0.0,0.0,854,200.0,87.17761104889244
854,Systematic,systematic_grid,4,"CO2,H2,Ar,N2",0.95,0.01,0.04,0.0,0.0,0.0,0.0,0.0,854,280.0,74.90864648445219
965,industrial_bound,netl_limits,8,"CO2,O2,H2S,N2,CO,H2,Ar,CH4",0.95,0.0126250213668741,7.075464736006167e-06,3.798811050253337e-06,0.0373405202797816,4.292683696591563e-06,1.269553860675361e-06,1.802184000079169e-05,965,200.0,91.9819626859866
168,Random (Dirichlet),dirichlet,2,"CO2,H2",0.95,0.05,0.0,0.0,0.0,0.0,0.0,0.0,168,220.0,288.670397962824
892,Systematic,systematic_grid,3,"CO2,O2,H2S",0.95,0.0,0.0,0.0,0.0,0.03,0.0,0.02,892,280.0,55.35535855349928
804,Systematic,systematic_grid,3,"CO2,CO,H2S",0.95,0.0,0.0,0.0,0.0,0.0,0.03,0.02,804,200.0,28.12464211015418
785,Systematic,systematic_grid,4,"CO2,H2,O2,H2S",0.95,0.04,0.0,0.0,0.0,0.0,0.0,0.01,785,265.0,122.7285825519988
602,Random (Dirichlet),dirichlet,2,"CO2,H2",0.97,0.03,0.0,0.0,0.0,0.0,0.0,0.0,602,280.0,92.53600999510027
500,Random (Dirichlet),dirichlet,3,"CO2,H2,H2S",0.95,0.0028506653138464,0.0,0.0,0.0,0.0,0.0,0.0471493346861535,500,215.0,20.271456117748766
253,Random (Dirichlet),dirichlet,2,"CO2,H2S",0.98,0.0,0.0,0.0,0.0,0.0,0.0,0.02,253,235.0,11.404330460420251
828,Systematic,systematic_grid,4,"CO2,H2,N2,CO",0.95,0.02,0.0,0.03,0.0,0.0,0.0,0.0,828,240.0,107.64054762781859
810,Systematic,systematic_grid,4,"CO2,H2,CO,H2S",0.95,0.03,0.0,0.0,0.0,0.0,0.02,0.0,810,200.0,255.46042172690585
500,Random (Dirichlet),dirichlet,3,"CO2,H2,H2S",0.95,0.0028506653138464,0.0,0.0,0.0,0.0,0.0,0.0471493346861535,500,265.0,35.21243769203909
710,Systematic,systematic_grid,4,"CO2,O2,CO,H2S",0.95,0.0,0.0,0.0,0.0,0.05,0.0,0.0,710,280.0,63.46076576766871
743,Systematic,systematic_grid,4,"CO2,H2,CH4,H2S",0.95,0.03,0.0,0.0,0.02,0.0,0.0,0.0,743,230.0,140.1781877951114
267,Random (Dirichlet),dirichlet,3,"CO2,H2,H2S",0.95,0.0273659156250218,0.0,0.0,0.0,0.0,0.0,0.0226340843749782,267,220.0,149.731658512398
22,Random (Dirichlet),dirichlet,2,"CO2,CH4",0.95,0.0,0.0,0.0,0.05,0.0,0.0,0.0,22,240.0,24.253249970538096
168,Random (Dirichlet),dirichlet,2,"CO2,H2",0.95,0.05,0.0,0.0,0.0,0.0,0.0,0.0,168,260.0,156.28900053476156
828,Systematic,systematic_grid,4,"CO2,H2,N2,CO",0.95,0.02,0.0,0.03,0.0,0.0,0.0,0.0,828,280.0,91.42696383038194
691,Random (Dirichlet),dirichlet,5,"CO2,H2,Ar,O2,H2S",0.95,0.0130258684708922,0.0063626214175563,0.0,0.0,0.0006889332418013,0.0,0.0299225768697501,691,255.0,60.37837705450311
854,Systematic,systematic_grid,4,"CO2,H2,Ar,N2",0.95,0.01,0.04,0.0,0.0,0.0,0.0,0.0,854,230.0,67.30231784652703
152,Random (Dirichlet),dirichlet,2,"CO2,H2",0.99,0.01,0.0,0.0,0.0,0.0,0.0,0.0,152,250.0,48.855521718388275
785,Systematic,systematic_grid,4,"CO2,H2,O2,H2S",0.95,0.04,0.0,0.0,0.0,0.0,0.0,0.01,785,210.0,269.7180606927041
613,Random (Dirichlet),dirichlet,4,"CO2,H2,Ar,CH4",0.95,0.0373439826108898,0.0105822995804477,0.0,0.0020737178086624,0.0,0.0,0.0,613,250.0,138.13418132563
771,Systematic,systematic_grid,4,"CO2,Ar,N2,H2S",0.95,0.0,0.0,0.02,0.0,0.0,0.0,0.03,771,225.0,24.410956901119427
938,industrial_range,post_combustion_unspecified_48,8,"CO2,H2,Ar,N2,CH4,O2,CO,H2S",0.9995589201162975,1e-06,1e-06,0.0003670500789078,1.8574475587429476e-05,5.057553866971429e-05,1.879790537331545e-06,1e-06,938,280.0,44.27897277340852
152,Random (Dirichlet),dirichlet,2,"CO2,H2",0.99,0.01,0.0,0.0,0.0,0.0,0.0,0.0,152,200.0,74.63997996920735
710,Systematic,systematic_grid,4,"CO2,O2,CO,H2S",0.95,0.0,0.0,0.0,0.0,0.05,0.0,0.0,710,200.0,20.41776142540738
364,Random (Dirichlet),dirichlet,4,"CO2,H2,CO,H2S",0.95,0.0085046695194506,0.0,0.0,0.0,0.0,0.0062016348189866,0.0352936956615627,364,280.0,60.40851072677225
364,Random (Dirichlet),dirichlet,4,"CO2,H2,CO,H2S",0.95,0.0085046695194506,0.0,0.0,0.0,0.0,0.0062016348189866,0.0352936956615627,364,200.0,67.44752777274319
334,Random (Dirichlet),dirichlet,3,"CO2,N2,H2S",0.95,0.0,0.0,0.0322351994790349,0.0,0.0,0.0,0.0177648005209651,334,250.0,42.724494965101776
828,Systematic,systematic_grid,4,"CO2,H2,N2,CO",0.95,0.02,0.0,0.03,0.0,0.0,0.0,0.0,828,200.0,181.2857995595804
44,Random (Dirichlet),dirichlet,2,"CO2,Ar",0.95,0.0,0.05,0.0,0.0,0.0,0.0,0.0,44,280.0,64.29091854633003
364,Random (Dirichlet),dirichlet,4,"CO2,H2,CO,H2S",0.95,0.0085046695194506,0.0,0.0,0.0,0.0,0.0062016348189866,0.0352936956615627,364,235.0,48.61027839518413
33,Random (Dirichlet),dirichlet,3,"CO2,H2,Ar",0.95,0.0395128751081987,0.0104871248918013,0.0,0.0,0.0,0.0,0.0,33,275.0,114.86203334576652
842,Systematic,systematic_grid,4,"CO2,H2,Ar,H2S",0.95,0.0,0.02,0.0,0.0,0.0,0.0,0.03,842,270.0,42.01637591108181
502,Random (Dirichlet),dirichlet,4,"CO2,H2,CO,H2S",0.95,0.0177620087506709,0.0,0.0,0.0,0.0,0.0165767693359208,0.0156612219134082,502,270.0,79.46832488941945
835,Systematic,systematic_grid,3,"CO2,Ar,CO",0.95,0.0,0.0,0.0,0.0,0.0,0.05,0.0,835,245.0,52.584500991251915
261,Random (Dirichlet),dirichlet,3,"CO2,H2,N2",0.95,0.0079502692183299,0.0,0.04204973078167,0.0,0.0,0.0,0.0,261,260.0,73.39165220161311
771,Systematic,systematic_grid,4,"CO2,Ar,N2,H2S",0.95,0.0,0.0,0.02,0.0,0.0,0.0,0.03,771,205.0,21.11512938984707
388,Random (Dirichlet),dirichlet,5,"CO2,H2,O2,CO,H2S",0.95,0.011763471439445,0.0,0.0,0.0,0.0010734823416034,0.0203604555515199,0.0168025906674316,388,210.0,90.96828953453019
785,Systematic,systematic_grid,4,"CO2,H2,O2,H2S",0.95,0.04,0.0,0.0,0.0,0.0,0.0,0.01,785,230.0,190.46775211297916
44,Random (Dirichlet),dirichlet,2,"CO2,Ar",0.95,0.0,0.05,0.0,0.0,0.0,0.0,0.0,44,210.0,25.37464290384151
938,industrial_range,post_combustion_unspecified_48,8,"CO2,H2,Ar,N2,CH4,O2,CO,H2S",0.9995589201162975,1e-06,1e-06,0.0003670500789078,1.8574475587429476e-05,5.057553866971429e-05,1.879790537331545e-06,1e-06,938,230.0,9.942312602984682
801,Systematic,systematic_grid,3,"CO2,CO,H2S",0.95,0.0,0.0,0.0,0.0,0.0,0.01,0.04,801,250.0,25.70318672594875
33,Random (Dirichlet),dirichlet,3,"CO2,H2,Ar",0.95,0.0395128751081987,0.0104871248918013,0.0,0.0,0.0,0.0,0.0,33,200.0,327.3486429449644
771,Systematic,systematic_grid,4,"CO2,Ar,N2,H2S",0.95,0.0,0.0,0.02,0.0,0.0,0.0,0.03,771,280.0,55.14257228933446
768,Systematic,systematic_grid,4,"CO2,H2,N2,CO",0.95,0.01,0.0,0.04,0.0,0.0,0.0,0.0,768,220.0,90.23752510486818
267,Random (Dirichlet),dirichlet,3,"CO2,H2,H2S",0.95,0.0273659156250218,0.0,0.0,0.0,0.0,0.0,0.0226340843749782,267,260.0,95.09491329213671
447,Random (Dirichlet),dirichlet,4,"CO2,H2,CH4,H2S",0.95,0.0254309334092771,0.0,0.0,0.0222364026326943,0.0,0.0,0.0023326639580284,447,255.0,94.54711250966304
835,Systematic,systematic_grid,3,"CO2,Ar,CO",0.95,0.0,0.0,0.0,0.0,0.0,0.05,0.0,835,200.0,47.25300152598694
785,Systematic,systematic_grid,4,"CO2,H2,O2,H2S",0.95,0.04,0.0,0.0,0.0,0.0,0.0,0.01,785,280.0,109.35420577156148
502,Random (Dirichlet),dirichlet,4,"CO2,H2,CO,H2S",0.95,0.0177620087506709,0.0,0.0,0.0,0.0,0.0165767693359208,0.0156612219134082,502,230.0,97.40912089507385
248,Random (Dirichlet),dirichlet,3,"CO2,CH4,H2S",0.95,0.0,0.0,0.0,0.038416714759196,0.0,0.0,0.0115832852408039,248,210.0,10.738237926253975
745,Systematic,systematic_grid,3,"CO2,Ar,H2S",0.97,0.0,0.0,0.0,0.0,0.0,0.0,0.03,745,215.0,5.201351718637496
644,Random (Dirichlet),dirichlet,4,"CO2,H2,Ar,CO",0.95,0.0337567571767094,0.0109563749044756,0.0,0.0,0.0,0.0052868679188149,0.0,644,215.0,209.91580961684673
810,Systematic,systematic_grid,4,"CO2,H2,CO,H2S",0.95,0.03,0.0,0.0,0.0,0.0,0.02,0.0,810,280.0,101.61574330952988
519,Random (Dirichlet),dirichlet,3,"CO2,H2,O2",0.95,0.0236605666279053,0.0,0.0,0.0,0.0263394333720946,0.0,0.0,519,205.0,170.78430575819306
511,Random (Dirichlet),dirichlet,2,"CO2,H2S",0.95,0.0,0.0,0.0,0.0,0.0,0.0,0.05,511,225.0,7.745439145133719
710,Systematic,systematic_grid,4,"CO2,O2,CO,H2S",0.95,0.0,0.0,0.0,0.0,0.05,0.0,0.0,710,255.0,42.9322048872374
253,Random (Dirichlet),dirichlet,2,"CO2,H2S",0.98,0.0,0.0,0.0,0.0,0.0,0.0,0.02,253,265.0,29.225415652972906
965,industrial_bound,netl_limits,8,"CO2,O2,H2S,N2,CO,H2,Ar,CH4",0.95,0.0126250213668741,7.075464736006167e-06,3.798811050253337e-06,0.0373405202797816,4.292683696591563e-06,1.269553860675361e-06,1.802184000079169e-05,965,270.0,66.26197173401243
842,Systematic,systematic_grid,4,"CO2,H2,Ar,H2S",0.95,0.0,0.02,0.0,0.0,0.0,0.0,0.03,842,200.0,10.6292547858274
785,Systematic,systematic_grid,4,"CO2,H2,O2,H2S",0.95,0.04,0.0,0.0,0.0,0.0,0.0,0.01,785,250.0,144.15581850193337
938,industrial_range,post_combustion_unspecified_48,8,"CO2,H2,Ar,N2,CH4,O2,CO,H2S",0.9995589201162975,1e-06,1e-06,0.0003670500789078,1.8574475587429476e-05,5.057553866971429e-05,1.879790537331545e-06,1e-06,938,210.0,4.585471830822974
785,Systematic,systematic_grid,4,"CO2,H2,O2,H2S",0.95,0.04,0.0,0.0,0.0,0.0,0.0,0.01,785,200.0,330.88114059250506
314,Random (Dirichlet),dirichlet,5,"CO2,H2,N2,CO,H2S",0.96,0.0089064717248086,0.0,0.0191877226426272,0.0,0.0,2.7357913214156638e-05,0.0118784477193499,314,280.0,68.82310967767545
810,Systematic,systematic_grid,4,"CO2,H2,CO,H2S",0.95,0.03,0.0,0.0,0.0,0.0,0.02,0.0,810,240.0,137.15181891145184
388,Random (Dirichlet),dirichlet,5,"CO2,H2,O2,CO,H2S",0.95,0.011763471439445,0.0,0.0,0.0,0.0010734823416034,0.0203604555515199,0.0168025906674316,388,245.0,68.88221582477897
511,Random (Dirichlet),dirichlet,2,"CO2,H2S",0.95,0.0,0.0,0.0,0.0,0.0,0.0,0.05,511,255.0,21.515135431753546
471,Random (Dirichlet),dirichlet,4,"CO2,H2,O2,H2S",0.96,0.0124486085154504,0.0,0.0,0.0,0.0104452144706981,0.0,0.0171061770138514,471,200.0,94.88034977155611
691,Random (Dirichlet),dirichlet,5,"CO2,H2,Ar,O2,H2S",0.95,0.0130258684708922,0.0063626214175563,0.0,0.0,0.0006889332418013,0.0,0.0299225768697501,691,220.0,74.25612782230415
713,Systematic,systematic_grid,4,"CO2,H2,Ar,N2",0.95,0.0,0.0,0.05,0.0,0.0,0.0,0.0,713,250.0,55.990583621017336
334,Random (Dirichlet),dirichlet,3,"CO2,N2,H2S",0.95,0.0,0.0,0.0322351994790349,0.0,0.0,0.0,0.0177648005209651,334,270.0,54.45502052423775
44,Random (Dirichlet),dirichlet,2,"CO2,Ar",0.95,0.0,0.05,0.0,0.0,0.0,0.0,0.0,44,240.0,35.968001139077394
829,Systematic,systematic_grid,4,"CO2,H2,Ar,O2",0.95,0.02,0.0,0.0,0.0,0.03,0.0,0.0,829,225.0,110.5405985665162
892,Systematic,systematic_grid,3,"CO2,O2,H2S",0.95,0.0,0.0,0.0,0.0,0.03,0.0,0.02,892,225.0,19.706551719818115
