method,N_train,trial,target,cv_r2_mean,cv_r2_std,cv_rmse_mean,cv_rmse_std,cv_mae_mean,cv_mae_std
AL-MT,25,0,P_bubble,0.9736288240000001,0.02753013512905056,6.013335186000001,5.795115826744112,3.0882975099999994,3.147732067732237
AL-MT,25,1,P_bubble,0.8331096179999999,0.26035238957636214,8.718413172000002,5.526976211083033,5.582606654,4.265821702955348
AL-MT,25,2,P_bubble,0.722199888,0.5346971541582477,7.307090385999999,8.198152725178495,4.06530579,4.686619423528929
AL-MT,25,3,P_bubble,0.9766951840000001,0.01964885762841863,4.852472,4.207433653574776,2.40460415,2.0879928265270222
AL-MT,25,4,P_bubble,0.9172729199999999,0.08481475137595654,9.568807092,9.226249770268877,5.42989469,5.493502208877
AL-MT,25,5,P_bubble,0.948347704,0.08009543459540415,5.756758683999999,4.465606319856122,2.866137922,2.5332848109504953
AL-MT,25,6,P_bubble,0.96784365,0.02520910014645027,7.4625483180000005,4.873678315629609,3.9829820259999997,2.95690304424539
AL-MT,25,7,P_bubble,0.9840843340000001,0.02425674241364458,2.6495704079999998,1.9050688086611052,1.3168927339999998,0.9227161188382035
AL-MT,25,8,P_bubble,0.92554644,0.08861532876547464,8.227705777999999,7.331433545943291,4.130752029999999,4.378152663532656
AL-MT,25,9,P_bubble,0.942255488,0.05555669869386173,6.829697586,5.595865344674836,3.283593248,2.9011549453716015
AL-MT,25,10,P_bubble,0.97037748,0.03134854291587859,6.572761412,5.066103658799036,3.5957537520000002,2.776275408262916
AL-MT,25,11,P_bubble,0.956118208,0.037173873524396356,7.338987668,6.104944632753286,3.8410635419999997,3.310507229256602
AL-MT,25,12,P_bubble,0.943974528,0.06632190035274634,7.202804296000001,5.233881927255444,3.5231678119999996,2.6956603542414195
AL-MT,25,13,P_bubble,0.78328639,0.39730473295851554,8.608896684,6.758545307020504,4.809494774,4.088420662806072
AL-MT,25,14,P_bubble,0.974492266,0.03223283340098391,5.3376193359999995,5.823218794960544,2.437954058,2.7907724448597104
AL-MT,25,15,P_bubble,0.9784212460000001,0.027430509367113574,4.405797957999999,4.889924171326538,2.042459248,2.3456981888406134
AL-MT,25,16,P_bubble,0.9831584240000002,0.02322978825897007,4.278857032,4.581128232656763,2.037968814,1.8585641934247419
AL-MT,25,17,P_bubble,0.929891378,0.07118221038634454,9.725590558,6.405849363115113,5.1012275439999994,3.6418101765819575
AL-MT,25,18,P_bubble,0.9601013380000001,0.04781630498963899,6.4697809820000005,6.490912861667452,3.027848114,3.124321667224744
AL-MT,25,19,P_bubble,0.91917998,0.11642892055793833,8.196843896,5.77751080336562,4.746413744,3.551530142854465
AL-MT,50,0,P_bubble,0.9849697339999999,0.011184717700982186,4.36319797,2.772721569737216,1.896634702,1.2678849729952948
AL-MT,50,1,P_bubble,0.9270093620000001,0.1345975909226404,5.230807724,4.87434241681764,2.5026697739999997,2.827269531764728
AL-MT,50,2,P_bubble,0.9682070420000001,0.05614013902672042,3.868527702,4.242842688349538,2.179220264,2.758331426486707
AL-MT,50,3,P_bubble,0.9814679399999999,0.015734204036115713,4.2510386339999995,2.197855030407099,2.101057236,1.3326602147084916
AL-MT,50,4,P_bubble,0.97851755,0.023109708998817778,4.810604876000001,2.679520746008402,2.27130863,1.1586709475452601
AL-MT,50,5,P_bubble,0.98448675,0.02319789875796771,3.4657103640000004,2.679163960837569,1.693015088,1.5836488436952993
AL-MT,50,6,P_bubble,0.983780172,0.026519017384290387,3.2666371420000004,2.5259949654346308,1.8140569500000001,1.7036229258260827
AL-MT,50,7,P_bubble,0.962722548,0.06220714899781743,4.359236548,4.299264478786307,2.4152313879999996,2.8893286090991186
AL-MT,50,8,P_bubble,0.9685482820000001,0.04388805901709365,4.873651736000001,3.5901978550507856,2.35711733,2.0513867776662478
AL-MT,50,9,P_bubble,0.980802178,0.025654822468855545,3.583958638,2.882965003079962,1.897582688,2.004133897894482
AL-MT,50,10,P_bubble,0.9906954179999999,0.013922502096659772,2.496135864,1.9241430991410131,1.2902760619999998,1.3901246449023972
AL-MT,50,11,P_bubble,0.98495654,0.015106377212137945,4.055917920000001,2.197952664143035,1.931028852,1.2969878567731632
AL-MT,50,12,P_bubble,0.9708742600000001,0.036719364079003315,4.864182212,3.0610690736093824,2.063863306,1.6413402908573858
AL-MT,50,13,P_bubble,0.9813825679999999,0.02559392163053594,3.60172612,2.9160781466957357,1.7874039680000002,1.458239531524004
AL-MT,50,14,P_bubble,0.978483994,0.027924208727617413,3.927398458,3.4848773732761336,2.085216394,2.298934268744875
AL-MT,50,15,P_bubble,0.9834454879999999,0.012251700876159842,4.3563884680000005,2.4067697415422677,1.9242302500000001,1.1423239372702154
AL-MT,50,16,P_bubble,0.9694381140000001,0.0481621904070596,4.329499805999999,3.319437151909541,2.544015582,2.535822358510418
AL-MT,50,17,P_bubble,0.972634738,0.03881739739176723,4.741649669999999,2.796812539657968,2.42082816,1.8731617579314124
AL-MT,50,18,P_bubble,0.981611594,0.02733403378884177,3.62055094,2.472438433509586,1.683953344,1.5305085567351981
AL-MT,50,19,P_bubble,0.9790528439999999,0.019836939633750564,4.563378022,1.9863400864114436,2.09436641,1.1412376296218094
AL-MT,75,0,P_bubble,0.9753814780000001,0.024946267457680638,4.4229558959999995,1.8500515206149326,2.00646498,1.1577449322148952
AL-MT,75,1,P_bubble,0.9814495039999999,0.01849236981641522,3.807062906,1.8310552827600586,1.851736756,1.2910619589841825
AL-MT,75,2,P_bubble,0.991767842,0.010421478457922182,2.221615792,1.4602687667125493,1.090918388,0.7762094072786014
AL-MT,75,3,P_bubble,0.9906956499999999,0.009941253166155663,2.5555987360000003,1.5485602567089625,1.339047818,1.0675610635077453
AL-MT,75,4,P_bubble,0.99143154,0.006686593802318207,3.031078002,1.0256287521095546,1.2086276919999999,0.5495901723303653
AL-MT,75,5,P_bubble,0.992144494,0.008798409500537232,2.350256722,1.6308400928156506,1.1563007299999999,0.89786526159895
AL-MT,75,6,P_bubble,0.983974928,0.02061617127429862,3.2636905819999997,1.7952901059482766,1.575432948,0.987122688871022
AL-MT,75,7,P_bubble,0.986049148,0.016090898339249312,3.071187138,1.8094962032856197,1.434694992,1.0289782629935291
AL-MT,75,8,P_bubble,0.9849570099999999,0.010871943989647834,3.5547114960000004,1.767796142776133,1.7060673579999999,0.8986538755748886
AL-MT,75,9,P_bubble,0.974940066,0.026528716475569307,4.044244146,2.6466807092631415,1.985762072,1.5545602135028571
AL-MT,75,10,P_bubble,0.9856334880000001,0.014623351009263796,3.5086114260000003,2.3249940848108452,1.93921509,1.7998799706921218
AL-MT,75,11,P_bubble,0.98995751,0.008602682709378542,3.0235104020000003,0.9887973071398883,1.32126893,0.6080970048365254
AL-MT,75,12,P_bubble,0.9914823519999999,0.005746076501082811,2.828168454,0.9368068580200709,1.1755535080000001,0.3635469729992676
AL-MT,75,13,P_bubble,0.9878856659999998,0.016009265267731172,2.8808257760000004,1.5769192466564825,1.186796686,0.7200864958490855
AL-MT,75,14,P_bubble,0.9809359719999999,0.027400937101516358,3.1207182739999997,2.5082515788797015,1.557612286,1.4173985680780155
AL-MT,75,15,P_bubble,0.9855098339999999,0.013830549083226755,3.4001022880000003,1.406800948221125,1.612614186,0.9744603763755179
AL-MT,75,16,P_bubble,0.9846425919999999,0.02414060278498483,2.843767778,1.867173399814661,1.340147104,0.9648702166361816
AL-MT,75,17,P_bubble,0.9910425380000001,0.005586502189357505,3.15485512,1.656580565175082,1.296245512,0.6362224003559394
AL-MT,75,18,P_bubble,0.988632494,0.01254517575599898,2.929021148,1.7765885194163833,1.57003299,1.205887958799807
AL-MT,75,19,P_bubble,0.9835916539999999,0.016405287876971382,3.26715563,2.1317450141910803,1.4819222499999998,1.0421436249585223
AL-MT,100,0,P_bubble,0.9939932599999999,0.0056252149993862525,2.573537568,1.3527744637977286,1.174731292,0.8527258144890486
AL-MT,100,1,P_bubble,0.9938586600000001,0.006454375930802288,2.305687082,0.9530677322747072,1.05844914,0.6055407771596654
AL-MT,100,2,P_bubble,0.988530398,0.019724867317829433,2.200224346,2.001016047918691,1.083447794,0.9896593541997138
AL-MT,100,3,P_bubble,0.995845332,0.004406733311410628,1.8333875539999998,1.0691971712790609,0.8055645960000002,0.5199932699180843
AL-MT,100,4,P_bubble,0.997349874,0.001669497772931714,1.7492220280000002,0.5489780926317446,0.6817114240000001,0.19677438810735678
AL-MT,100,5,P_bubble,0.996426688,0.0028717278905174854,1.867208652,1.048476732803074,0.9279279020000001,0.5438212813190342
AL-MT,100,6,P_bubble,0.9874390719999999,0.019974583260376055,2.8108250959999994,1.9272387685542036,1.22709235,0.79095869298826
AL-MT,100,7,P_bubble,0.9958364599999999,0.003393976837581544,2.018292212,0.9946231667212383,0.855926226,0.4940005517929477
AL-MT,100,8,P_bubble,0.9955780080000001,0.003657169869516045,1.999847364,1.1974149007559012,0.783649544,0.4215547389720502
AL-MT,100,9,P_bubble,0.9933933419999998,0.00859400300317703,2.165403822,1.5164541139112646,1.0645635260000001,0.8351204061220638
AL-MT,100,10,P_bubble,0.9910181259999999,0.006354715086933813,3.163851526,1.235693329870151,1.350732132,0.7074217017787439
AL-MT,100,11,P_bubble,0.989900804,0.012781453137266655,2.8599845779999997,1.6245175070193776,1.225129686,0.7226879232331868
AL-MT,100,12,P_bubble,0.997439888,0.0018919687652749304,1.6394670220000003,0.6040807932251517,0.7846536239999999,0.39552325010103245
AL-MT,100,13,P_bubble,0.993825326,0.00464812006565493,2.55638355,1.4392649297298608,1.234131472,0.9541378245596054
AL-MT,100,14,P_bubble,0.9894178979999999,0.012722487782337852,2.857405872,1.8081185602351426,1.30209998,0.847493460572338
AL-MT,100,15,P_bubble,0.9946685860000001,0.005768823916947384,2.286357268,1.0357360494128047,1.0064049320000001,0.5562537793182804
AL-MT,100,16,P_bubble,0.9913657260000001,0.014403863041982311,2.154039576,1.6623145480596389,0.983180196,0.753670412343635
AL-MT,100,17,P_bubble,0.9918498240000002,0.007836531121909985,2.7418012419999997,1.5633199782580551,1.128235712,0.6416508803648524
AL-MT,100,18,P_bubble,0.990046276,0.010152593429967726,2.922805688,1.5246377305536116,1.298442074,0.913654496511389
AL-MT,100,19,P_bubble,0.9944555600000001,0.007882684349336812,1.977901798,1.053110389847298,0.8006275300000001,0.36569268536746324
AL-MT,25,0,gamma,0.998576194,0.0014670364721655622,0.18161796800000002,0.13544684671432428,0.09270498199999999,0.06532783224150068
AL-MT,25,1,gamma,0.991205916,0.006919714248613442,0.49581378000000004,0.2902706199617279,0.291196212,0.19486645605291347
AL-MT,25,2,gamma,0.9974006039999999,0.004125914365725999,0.22648424399999997,0.20091267358259485,0.11817281399999999,0.10984891363095559
AL-MT,25,3,gamma,0.990421212,0.01353190957819686,0.41611821400000004,0.4218091073281755,0.21202862600000003,0.22796691474089362
AL-MT,25,4,gamma,0.9942467599999999,0.00849621925221331,0.35940206799999996,0.30412014186540764,0.18957557399999997,0.17814524428683304
AL-MT,25,5,gamma,0.9964588219999999,0.005399163938268208,0.278545768,0.24076855986024143,0.133888208,0.11894928111892722
AL-MT,25,6,gamma,0.9975339580000002,0.0019250474601048271,0.269062852,0.14199730211313824,0.125141946,0.07118637189354649
AL-MT,25,7,gamma,0.994980734,0.007036394198902158,0.284705392,0.3193642875049374,0.143240812,0.14124284042153662
AL-MT,25,8,gamma,0.99723804,0.0032223752427363362,0.25872396799999997,0.1946360789034686,0.1221404,0.08890452506825419
AL-MT,25,9,gamma,0.9979059920000001,0.003952325959985586,0.16860218200000002,0.2258805935231235,0.09702153999999999,0.12378557137269966
AL-MT,25,10,gamma,0.992064794,0.008713982402969615,0.414243964,0.33089466027972614,0.20237607,0.15366254822704067
AL-MT,25,11,gamma,0.99089676,0.015004925802663579,0.422706378,0.4130124194390183,0.22427165000000002,0.2351702642978868
AL-MT,25,12,gamma,0.9959451859999999,0.004782184251868999,0.314657952,0.24559648677749943,0.15899261000000003,0.12923667182455992
AL-MT,25,13,gamma,0.9975308680000001,0.002635747726277298,0.270089782,0.1354452323438219,0.13133761799999996,0.05112099236677997
AL-MT,25,14,gamma,0.998327016,0.0020778037476585965,0.190347086,0.1585661476373695,0.089711542,0.07752106546487332
AL-MT,25,15,gamma,0.9948173879999999,0.0063488252688553275,0.315067152,0.30514339775193633,0.142746412,0.12947454082095886
AL-MT,25,16,gamma,0.996399098,0.0034935557810196944,0.288823928,0.2219232774987369,0.140135458,0.09943334378801175
AL-MT,25,17,gamma,0.992890762,0.005708732813559954,0.41992277,0.2921840089876044,0.23277162999999995,0.1578069536708112
AL-MT,25,18,gamma,0.993047776,0.008513836286277988,0.36981060800000004,0.3389287666453752,0.192263868,0.19163142314832435
AL-MT,25,19,gamma,0.9915819100000001,0.009707717558975457,0.443227246,0.3429978524062544,0.23185728,0.16983285127906228
AL-MT,50,0,gamma,0.997232,0.0025589111243730324,0.27061879600000005,0.17179297397037535,0.12002299599999999,0.07538855348880667
AL-MT,50,1,gamma,0.9971829700000001,0.00380752966718316,0.254694138,0.1932497995079866,0.121625326,0.10562978069935497
AL-MT,50,2,gamma,0.998044836,0.0032577453692675387,0.179667146,0.19830751915463346,0.10295767199999999,0.11968657596891095
AL-MT,50,3,gamma,0.9973125340000001,0.003177201778915521,0.25069609000000004,0.19755005755804955,0.12288039199999998,0.08905391220112442
AL-MT,50,4,gamma,0.997897862,0.0017896532708588954,0.245485472,0.1357723691678834,0.116629758,0.05416460451414204
AL-MT,50,5,gamma,0.9971401180000001,0.0034179473576952373,0.25098802400000003,0.20984596347495538,0.119989402,0.09350767474674651
AL-MT,50,6,gamma,0.995267022,0.006532152113435223,0.328012236,0.2654209160980402,0.161219684,0.14855630915224888
AL-MT,50,7,gamma,0.9975521520000001,0.001638222282590507,0.27112273,0.13877536924414016,0.11791331399999998,0.06407249715523958
AL-MT,50,8,gamma,0.99611725,0.005273298327108017,0.275507188,0.2657973713678583,0.13710851000000002,0.14066129283238585
AL-MT,50,9,gamma,0.99760315,0.003875513607128726,0.211191046,0.21293480445055282,0.092798888,0.08380435463075994
AL-MT,50,10,gamma,0.9983317280000001,0.0016475172422332936,0.213477994,0.12816985833113287,0.09232706799999998,0.0656595648046185
AL-MT,50,11,gamma,0.996864132,0.005104277927563889,0.24350227200000002,0.24554713394833674,0.110323226,0.09671275138044427
AL-MT,50,12,gamma,0.99851113,0.0010436159136195393,0.21885164000000001,0.09554344836224261,0.10286638399999999,0.045586935818631893
AL-MT,50,13,gamma,0.9988792439999999,0.0012867237779974278,0.171143436,0.10922078147850538,0.093733566,0.07322142844621801
AL-MT,50,14,gamma,0.9981648919999999,0.002444242982646381,0.197151798,0.17138635715498318,0.104822478,0.09699259693917602
AL-MT,50,15,gamma,0.9985410119999999,0.0013642832821727084,0.191018534,0.13716879132961207,0.086374806,0.053258237894419524
AL-MT,50,16,gamma,0.996993638,0.0021953388156218554,0.29975283399999997,0.15486775243230355,0.13133004,0.07314435336834854
AL-MT,50,17,gamma,0.998184706,0.0016843012333973926,0.21552480200000002,0.14065911358364028,0.11775289600000001,0.07987738836623054
AL-MT,50,18,gamma,0.99676361,0.004930390980386861,0.257578122,0.23879403593931264,0.115937772,0.0982604272257145
AL-MT,50,19,gamma,0.9967324959999999,0.003455375506694482,0.284844104,0.20333262887282627,0.130062828,0.07434187573739295
AL-MT,75,0,gamma,0.9984627359999999,0.0013025623442830003,0.2132969,0.10294067843501907,0.092667312,0.04971571091562964
AL-MT,75,1,gamma,0.997291006,0.004558556315763139,0.23178766,0.21205962074247534,0.111072638,0.10938297982086745
AL-MT,75,2,gamma,0.9988603919999999,0.0013735133864567867,0.16251561199999998,0.121523098780427,0.07369775,0.050541961302722316
AL-MT,75,3,gamma,0.998416514,0.0024637176787984725,0.17623899199999998,0.16278579118400946,0.08704770799999999,0.07598403617272444
AL-MT,75,4,gamma,0.9994816099999999,0.000285379950522127,0.133596568,0.03838269855899108,0.060943937999999996,0.019002904140740594
AL-MT,75,5,gamma,0.9987336860000001,0.0012739115225571822,0.18608619600000004,0.1112222922437864,0.09173846,0.05114697618085512
AL-MT,75,6,gamma,0.998395948,0.0015846665276379151,0.209837124,0.12058444611903688,0.106992566,0.06874885756897918
AL-MT,75,7,gamma,0.998597086,0.0016150217460158055,0.184762272,0.13055640601597004,0.07530600200000001,0.04582673988018498
AL-MT,75,8,gamma,0.998669362,0.0009102263773897143,0.198805666,0.09897628796738572,0.101449284,0.05975490317331042
AL-MT,75,9,gamma,0.997816976,0.002907507321762731,0.20463468,0.19225927710902227,0.10451252,0.08975162513444021
AL-MT,75,10,gamma,0.999002044,0.0006690767355871653,0.179596118,0.06920516057716229,0.09270208399999999,0.046634095863143994
AL-MT,75,11,gamma,0.997639034,0.00237863682033722,0.245493792,0.16632873954165653,0.095125174,0.05055329901497492
AL-MT,75,12,gamma,0.999075052,0.0005890213729025408,0.17154047,0.07277687807970606,0.07916403200000001,0.0366135196864685
AL-MT,75,13,gamma,0.998627476,0.0010918152352408419,0.198467522,0.10471439917182994,0.08854298600000002,0.042087003395557925
AL-MT,75,14,gamma,0.99839313,0.002328711345761863,0.18604918,0.15744339326570828,0.08500784800000001,0.06333617009354336
AL-MT,75,15,gamma,0.9980800200000001,0.0024907286636404115,0.211118042,0.16003412298228506,0.108027184,0.08459602688253595
AL-MT,75,16,gamma,0.999349228,0.000697219284340321,0.13770358,0.0760194839126186,0.06448923999999999,0.02071071685383488
AL-MT,75,17,gamma,0.99946409,0.00046254771243624753,0.12701647,0.0626917140244224,0.061969516,0.03228249445429928
AL-MT,75,18,gamma,0.998138298,0.002395910446017546,0.21728850200000002,0.15480560915845606,0.102647034,0.05550807532993216
AL-MT,75,19,gamma,0.9992092140000001,0.0006323438946206491,0.15178291800000002,0.08318668718290023,0.07410424,0.03383371673397707
AL-MT,100,0,gamma,0.999451154,0.0003581684290163087,0.13485362,0.04471512163618835,0.062821982,0.024690542442040758
AL-MT,100,1,gamma,0.999682232,0.00018103328504999737,0.104265176,0.031064951508048166,0.051137774000000004,0.009577446356687362
AL-MT,100,2,gamma,0.9994751940000001,0.0006094395829153212,0.114601972,0.0774892639297322,0.061112096000000005,0.03901647250166657
AL-MT,100,3,gamma,0.9993618900000001,0.0007902253704608407,0.128877454,0.08638571812346892,0.056818062,0.025681638271300686
AL-MT,100,4,gamma,0.999642908,0.0003641876197456422,0.10301214,0.05048713429909723,0.05093844000000001,0.020609805574943206
AL-MT,100,5,gamma,0.9994065320000001,0.00041213839798786255,0.133913322,0.06118183824351093,0.06805450799999999,0.028445025222968177
AL-MT,100,6,gamma,0.999092554,0.0006733111447941648,0.166960602,0.07583301075099719,0.076890116,0.03483612906982669
AL-MT,100,7,gamma,0.999714798,0.00024298417013461486,0.09275102399999999,0.04534263239146029,0.043453996,0.01375439683248175
AL-MT,100,8,gamma,0.9993337480000001,0.00049959471572065,0.13750502599999997,0.07742516888588404,0.060025397999999994,0.029713083845845686
AL-MT,100,9,gamma,0.9989258119999999,0.001418207066565359,0.15319943,0.12511102923668227,0.07521382,0.05967738940570943
AL-MT,100,10,gamma,0.999054926,0.0011329762175015248,0.1616454,0.09070167496631648,0.071075706,0.03126899784656143
AL-MT,100,11,gamma,0.9985650280000001,0.0015673732831256192,0.195021726,0.1259513895530695,0.079267726,0.03189741543360628
AL-MT,100,12,gamma,0.9993310360000001,0.00043522941819689414,0.145963096,0.05958460549152292,0.06369450800000001,0.024055361202045083
AL-MT,100,13,gamma,0.99873984,0.0018442789904458488,0.167337958,0.1357729409440851,0.07403880199999999,0.05116288788421091
AL-MT,100,14,gamma,0.9986869840000001,0.0008903081052894186,0.19764533,0.0984183182955718,0.079395944,0.03486773448841585
AL-MT,100,15,gamma,0.9982377760000001,0.00324084762875144,0.16544286,0.19330408104982327,0.075806858,0.0781414910467668
AL-MT,100,16,gamma,0.9995245779999999,0.00048652334424569715,0.115740298,0.06731779757725928,0.055352387999999995,0.019934950305985112
AL-MT,100,17,gamma,0.9994587340000001,0.0004003493433290575,0.128962982,0.058851505034428944,0.060059171999999994,0.023051149976951173
AL-MT,100,18,gamma,0.998748254,0.00173142937595042,0.175829974,0.12897604998384693,0.074390414,0.037349385743170455
AL-MT,100,19,gamma,0.9994654180000001,0.0003765083160515828,0.13210422,0.050572157598195076,0.057852168,0.019164986447222344
AL-ST,25,0,P_bubble,0.9298340420000001,0.04753259680950257,8.648658068,2.478530084164254,6.676567177999999,1.6513798749246107
AL-ST,25,1,P_bubble,0.923060464,0.034126164233466746,8.875629472,2.4901766532405083,7.061594484000001,1.924746251754043
AL-ST,25,2,P_bubble,0.920622206,0.03901301001372265,9.084277466,2.1388078736960976,6.747038056000001,1.6592100905130123
AL-ST,25,3,P_bubble,0.942065798,0.03614240281049802,8.240042586000001,3.1482273025003567,6.295964958,2.6530124073781827
AL-ST,25,4,P_bubble,0.9680024360000001,0.011516693375400096,6.112047442,2.2424226093756086,4.764216488,1.8538453849546024
AL-ST,25,5,P_bubble,0.9406049500000002,0.02226091466726828,8.784154236000001,3.4954990029107855,6.952981489999999,2.886649381891551
AL-ST,25,6,P_bubble,0.935107906,0.02966048616474826,8.736712742,0.5557683665607963,6.943981061999999,0.5486936156160834
AL-ST,25,7,P_bubble,0.876186644,0.11001090221789048,9.864649702,2.6891871290180207,7.597964088,2.375975383254814
AL-ST,25,8,P_bubble,0.9371053459999998,0.04360438856311396,7.61144439,3.5531644325694653,6.218797273999999,3.235705711804532
AL-ST,25,9,P_bubble,0.9459569779999999,0.03313072236726353,7.504655456,3.0828025760418303,5.9369432060000005,2.2740200263527637
AL-ST,25,10,P_bubble,0.951755712,0.02603271118805369,6.998120646000001,3.3881244539418747,5.519430947999999,2.8133130093534833
AL-ST,25,11,P_bubble,0.92989134,0.022628087268542138,8.337115456,2.844488672823942,6.212637458000001,2.1960927180427174
AL-ST,25,12,P_bubble,0.921725462,0.04183002572087299,9.007886869999998,3.6148490095567,6.936054858,2.8552544754052858
AL-ST,25,13,P_bubble,0.942385922,0.028329365881519745,8.078033358,1.757371551227734,6.094104064,1.1586858880436677
AL-ST,25,14,P_bubble,0.9182268779999999,0.07863514940107011,8.101700174000001,3.0751731387321226,6.587951318,2.6789383991201468
AL-ST,25,15,P_bubble,0.94255684,0.030082899508665085,8.250391982,4.394019996123709,6.216442442,3.1444064472389397
AL-ST,25,16,P_bubble,0.9493495580000001,0.03414769089447156,6.895490248,2.9164441652692297,5.388666402,2.3799910636892774
AL-ST,25,17,P_bubble,0.9185111359999999,0.03518204678646459,9.841102767999999,2.080057127144448,7.262754767999999,1.6809710585446926
AL-ST,25,18,P_bubble,0.9198347200000001,0.07294742212007958,7.95693091,2.166934551338839,5.95873647,1.6443593833903616
AL-ST,25,19,P_bubble,0.938031552,0.035224845892487526,8.254823706,3.2852407468952287,6.502687664,2.597418739106078
AL-ST,50,0,P_bubble,0.979361288,0.010290862919999267,4.934260603999999,1.3521647534485963,3.527445832,1.0110413375486949
AL-ST,50,1,P_bubble,0.98385146,0.0041238063826567,4.169399488000001,0.7892995132634131,2.917485696,0.5030270407974898
AL-ST,50,2,P_bubble,0.978010884,0.0022363869317146424,5.029667196,0.8358578232024785,3.4913109060000003,0.33923809295513585
AL-ST,50,3,P_bubble,0.9795119380000001,0.012556662552476896,4.597943840000001,1.5335972876775712,3.24674616,1.0097699033116065
AL-ST,50,4,P_bubble,0.9826351560000001,0.006371777603983371,4.373032354,1.1617911904607683,3.1533434060000003,0.8630988353781377
AL-ST,50,5,P_bubble,0.9821026939999999,0.009918485901423852,4.576002758,1.5391137498839262,3.3366371379999995,1.0631052317490017
AL-ST,50,6,P_bubble,0.978604492,0.006351254068384931,4.933134198,1.038410590395514,3.6294199760000003,0.8253666286374902
AL-ST,50,7,P_bubble,0.97668964,0.011033976476859109,4.92659386,0.9475580739992381,3.289601298,0.5341290353702235
AL-ST,50,8,P_bubble,0.977441284,0.013355778410705357,4.608180115999999,1.3839853980093126,3.401114118,1.0952492422881925
AL-ST,50,9,P_bubble,0.9715114120000001,0.02000466285904901,5.322963678,1.9862605975970027,3.987572,1.3038452495599815
AL-ST,50,10,P_bubble,0.978842234,0.004740216669004055,5.007864168,0.7022406691257825,3.3942580720000004,0.4292550425412268
AL-ST,50,11,P_bubble,0.978580032,0.009011894468122455,4.976316368,1.4993658769427418,3.399499606,1.0991584599813837
AL-ST,50,12,P_bubble,0.9827859200000001,0.007844999157532145,4.370080327999999,1.4694257583702939,2.969578304,0.7817771172582707
AL-ST,50,13,P_bubble,0.98037814,0.011626516378821295,4.301702898,0.6072333830269766,3.2945070900000006,0.38682794824149874
AL-ST,50,14,P_bubble,0.974793934,0.013277669089353879,4.877556432,1.4238104771155107,3.5195934980000003,1.0549116785808756
AL-ST,50,15,P_bubble,0.9764435739999999,0.011426969411119656,5.093928144,1.3903115473424517,3.433107872,0.5219076930411382
AL-ST,50,16,P_bubble,0.982047848,0.007519979388432931,4.487818352,1.2466881625100976,3.29317292,0.8884523488150917
AL-ST,50,17,P_bubble,0.9799739220000001,0.007421847326832867,4.764784371999999,0.5567669064315854,3.53890417,0.3348756421667583
AL-ST,50,18,P_bubble,0.9765092259999999,0.015160467581639548,4.665234428,1.555583745826898,3.3732991300000004,1.1872857393337712
AL-ST,50,19,P_bubble,0.97934179,0.014679030467793173,4.6737065620000005,1.254882085131264,3.3220233639999996,0.7088431660093096
AL-ST,75,0,P_bubble,0.9873760500000002,0.009310715197594643,3.387046488,0.714411131590185,2.525770988,0.4973120701606117
AL-ST,75,1,P_bubble,0.98864022,0.005317460903796096,3.366075362,0.7475495363447197,2.44811931,0.47992308789087706
AL-ST,75,2,P_bubble,0.987014042,0.008064145916954642,3.4751159799999995,0.949199199765257,2.4754451000000004,0.4366733134486587
AL-ST,75,3,P_bubble,0.988858746,0.004952235903531246,3.343197902,0.8420792129569981,2.356820684,0.4533170723257967
AL-ST,75,4,P_bubble,0.990173736,0.00281019848384845,3.1351326379999995,0.3796323544292008,2.214859686,0.2379452792319078
AL-ST,75,5,P_bubble,0.9864530119999999,0.007656819929904052,3.6542797559999998,1.3879824962350074,2.518006376,0.7345256927752699
AL-ST,75,6,P_bubble,0.987268892,0.006179729294315072,3.41194163,0.1589667596810652,2.465764248,0.16022589314696567
AL-ST,75,7,P_bubble,0.98888059,0.0032322384849017565,3.3620154739999997,0.18973058164693474,2.446496658,0.05567840471987668
AL-ST,75,8,P_bubble,0.989429884,0.005173466548953824,3.3561257859999998,0.9243055458360746,2.443278374,0.5659470297038551
AL-ST,75,9,P_bubble,0.987543316,0.0033423929583016104,3.5629599900000004,0.47237798120486585,2.554344366,0.2128540500765596
AL-ST,75,10,P_bubble,0.9875706799999999,0.004531044608577591,3.518083018,0.46776014187663184,2.468494798,0.3309637358798419
AL-ST,75,11,P_bubble,0.988650432,0.0035772244829834357,3.41610791,0.38482649592767315,2.4291955080000003,0.2849118397412775
AL-ST,75,12,P_bubble,0.988624812,0.005818908672946832,3.4659328240000002,1.0749283643102934,2.4404820280000004,0.4988827851099166
AL-ST,75,13,P_bubble,0.9871886080000001,0.006910677249831325,3.4769081880000003,0.8268094663094585,2.418241334,0.4341268578616238
AL-ST,75,14,P_bubble,0.98786454,0.006823738423978464,3.3625665960000006,0.7262249738518192,2.4688862580000004,0.5536065951642561
AL-ST,75,15,P_bubble,0.9854711120000001,0.00729341604907715,3.581969366,0.6266837263014131,2.484208762,0.3486423883341902
AL-ST,75,16,P_bubble,0.99010993,0.0017563491091465828,3.3075939439999997,0.7211181038216798,2.3140683080000004,0.3996869812044793
AL-ST,75,17,P_bubble,0.9889302019999999,0.004170074970824383,3.32386916,0.3875053938738856,2.449203646,0.321537985084465
AL-ST,75,18,P_bubble,0.9899859879999999,0.002291388479637597,3.25236575,0.38230929392465657,2.476829464,0.28309203897037877
AL-ST,75,19,P_bubble,0.987552508,0.005829733773281251,3.5159075400000006,0.8108683529038523,2.608273808,0.5401069768019683
AL-ST,100,0,P_bubble,0.99041406,0.003698151846109105,3.02758632,0.34745842145700945,2.2207639759999998,0.2709586956336313
AL-ST,100,1,P_bubble,0.9913448260000001,0.002305314688372081,2.912686464,0.32427208105498034,2.081122726,0.15044125146713952
AL-ST,100,2,P_bubble,0.9917559300000001,0.0029314294658749937,2.676381578,0.4256626307657188,1.9449297859999999,0.3523117721542236
AL-ST,100,3,P_bubble,0.992514802,0.003122593393930114,2.54547641,0.6142225612098464,1.786950792,0.36447612357178744
AL-ST,100,4,P_bubble,0.990178944,0.0050066128106918805,2.983043988,0.6057282490619151,2.110363628,0.4234053352228906
AL-ST,100,5,P_bubble,0.9926383079999999,0.0028872122329014777,2.628288476,0.8455998755467531,1.878046044,0.5877464562832183
AL-ST,100,6,P_bubble,0.9916838560000001,0.0024003039125710893,2.687451094,0.39108627167797666,2.02724581,0.326839575031772
AL-ST,100,7,P_bubble,0.991423382,0.0015473511687577588,2.887711836,0.438214688996949,2.13721889,0.27539087664601875
AL-ST,100,8,P_bubble,0.9914860759999999,0.00261850485676541,2.7896292560000004,0.21782800607124303,2.1128135319999997,0.21354654513122656
AL-ST,100,9,P_bubble,0.9911750380000001,0.0026230493992938577,2.8231249000000003,0.4285096788247353,2.0249860479999997,0.18752756413233715
AL-ST,100,10,P_bubble,0.9912762,0.002364601991667944,2.952593866,0.31498523102324016,2.154000678,0.1893774933922457
AL-ST,100,11,P_bubble,0.9909140480000002,0.004545969864024165,2.722028298,0.377643807829432,1.9442620019999999,0.2731872804590369
AL-ST,100,12,P_bubble,0.9926889659999999,0.001746008995837088,2.612053616,0.31442523857884574,1.9386020719999997,0.20050180933992534
AL-ST,100,13,P_bubble,0.9919352339999999,0.002889382035457393,2.852145898,0.3547131568686337,2.050046696,0.17966332569663787
AL-ST,100,14,P_bubble,0.9900417100000001,0.005852549597578813,2.82831847,0.6506055852319887,2.087132098,0.4736645765433255
AL-ST,100,15,P_bubble,0.992573646,0.0020473515467998977,2.706792868,0.63337579738173,1.99413302,0.4239152481166473
AL-ST,100,16,P_bubble,0.99199137,0.0023561659657417794,2.751606024,0.34102996886750536,1.9833997,0.2876447522305485
AL-ST,100,17,P_bubble,0.992159126,0.001999322384955476,2.77686827,0.43916012851813946,2.0087439419999997,0.2590210741892311
AL-ST,100,18,P_bubble,0.992558056,0.0022170409878448315,2.6612009420000002,0.44672561474339206,2.007263692,0.31601961678154616
AL-ST,100,19,P_bubble,0.990903278,0.002429536120525058,2.977258794,0.2989049403701635,2.1197168260000003,0.21859708552144447
AL-ST,25,0,gamma,0.9939578539999999,0.005630457557710911,0.43314121599999994,0.1952847462078633,0.283596026,0.11077022656439925
AL-ST,25,1,gamma,0.995867706,0.002349537817917367,0.379562898,0.10809026647123013,0.265266554,0.06987463092802726
AL-ST,25,2,gamma,0.995472106,0.0015334931257700503,0.402412616,0.07402605174793063,0.28250706,0.05616127021853334
AL-ST,25,3,gamma,0.9953169239999999,0.002910776107168669,0.39689044399999995,0.12711168565433983,0.288048708,0.10811247225950082
AL-ST,25,4,gamma,0.996064814,0.0035400003539299094,0.34903887399999994,0.15693996903926705,0.232169016,0.083351524163306
AL-ST,25,5,gamma,0.9921432299999999,0.0038630736302276273,0.517474652,0.15771717650998565,0.36051946999999995,0.1045250748827482
AL-ST,25,6,gamma,0.993921748,0.001828016387983435,0.47261406600000005,0.075025264472969,0.30518456400000005,0.04799435455488805
AL-ST,25,7,gamma,0.9946313539999998,0.0026604798414165964,0.4365767720000001,0.10849628846401696,0.28713647200000003,0.05902041525427668
AL-ST,25,8,gamma,0.9931987580000001,0.005026537189196569,0.473408126,0.17155780730507061,0.32436263800000004,0.10341745103678883
AL-ST,25,9,gamma,0.9935106640000001,0.006284536012294308,0.452013774,0.2093595844006489,0.305158062,0.1278265034385889
AL-ST,25,10,gamma,0.995829892,0.0013747030747096082,0.38773788000000003,0.06397327535416364,0.273743202,0.042496367972247893
AL-ST,25,11,gamma,0.991952654,0.004372893457062965,0.5314305939999999,0.1437313282616007,0.353962932,0.09365807486016747
AL-ST,25,12,gamma,0.9959212000000001,0.0007591385694061522,0.387560904,0.029765523191339065,0.26556421399999997,0.02711567037672541
AL-ST,25,13,gamma,0.98994693,0.008547532349875034,0.546491902,0.2726845624978459,0.382391908,0.19298648550025482
AL-ST,25,14,gamma,0.995693226,0.0031883610712816206,0.374429408,0.1452009330374575,0.271516188,0.09685859430215316
AL-ST,25,15,gamma,0.9950361799999999,0.002222531676552668,0.41621843,0.09445180677735708,0.28875692,0.05174191269448511
AL-ST,25,16,gamma,0.9949884880000001,0.0025179896060580054,0.416006654,0.11531392676103085,0.272262936,0.06841570448099782
AL-ST,25,17,gamma,0.9938319159999999,0.004443417002558267,0.45695011799999996,0.1526454228688231,0.32401801999999996,0.11091257429380186
AL-ST,25,18,gamma,0.992104052,0.004003936432789101,0.523436792,0.14812596743605533,0.338852216,0.06418120964411862
AL-ST,25,19,gamma,0.9948119639999998,0.003087354846107569,0.413307104,0.1456789675199539,0.283145442,0.09680016889534593
AL-ST,50,0,gamma,0.9982765539999999,0.0006882227969662036,0.249027288,0.05189065884002453,0.17565629,0.03588487692182544
AL-ST,50,1,gamma,0.9985203119999999,0.0004699536416030835,0.23113899,0.04214547659673622,0.161822908,0.02880806187008588
AL-ST,50,2,gamma,0.9983093139999999,0.0005162726989721801,0.248352808,0.038391845642927566,0.17031131800000002,0.016799344349166013
AL-ST,50,3,gamma,0.99820112,0.0010969991108838782,0.247871364,0.07340147884067531,0.17370249200000001,0.058155570437642995
AL-ST,50,4,gamma,0.998884312,0.00039017797571879023,0.200456656,0.04146503270383883,0.151537624,0.03151074935131477
AL-ST,50,5,gamma,0.998435016,0.0007661165615387975,0.23468954000000003,0.05676081287120437,0.171343622,0.043462106013826975
AL-ST,50,6,gamma,0.99818319,0.0007217814631313111,0.254557768,0.05136807395938586,0.18013121199999999,0.04342805437230979
AL-ST,50,7,gamma,0.99772029,0.0025875397878061873,0.257424172,0.13190221107285766,0.168792426,0.06406519104170146
AL-ST,50,8,gamma,0.9982712340000001,0.000650808081898169,0.24918864200000002,0.04323643772101093,0.177620546,0.03502383547224067
AL-ST,50,9,gamma,0.996812714,0.0018983082466722664,0.32930982799999997,0.10062333939800158,0.230884904,0.07076574488376748
AL-ST,50,10,gamma,0.997539448,0.0006623199113238237,0.30038349200000003,0.041050676329087384,0.202259894,0.02879864179716022
AL-ST,50,11,gamma,0.9981249740000001,0.0011935469277343006,0.253068772,0.07977267649656827,0.17930365,0.053195240560166654
AL-ST,50,12,gamma,0.9977579499999999,0.0010877992389958721,0.280310112,0.06427289875629118,0.193912586,0.04836829840960155
AL-ST,50,13,gamma,0.997045486,0.0013204024962351268,0.321657052,0.07819082613108763,0.208614888,0.03958480611497416
AL-ST,50,14,gamma,0.9975133060000001,0.0014588182219262278,0.291429812,0.0891380165810614,0.195506138,0.058380844141635156
AL-ST,50,15,gamma,0.998426022,0.0006114261660871347,0.23848369600000002,0.04459954117629489,0.16639114400000002,0.03171499665700225
AL-ST,50,16,gamma,0.9972055559999999,0.0006681378517222575,0.319662248,0.04212568274315012,0.199742916,0.02908432736133439
AL-ST,50,17,gamma,0.9977278940000002,0.0010373388259310493,0.282246716,0.06552797381362149,0.186155012,0.04079717954862145
AL-ST,50,18,gamma,0.998058206,0.001022331788659628,0.259618646,0.06951447178490264,0.17845112400000002,0.044482424191910945
AL-ST,50,19,gamma,0.9983248960000001,0.0007063982110849279,0.24455486399999998,0.05192963996663124,0.164201668,0.03539159273671159
AL-ST,75,0,gamma,0.9984258180000001,0.0011114522264028873,0.23041181000000002,0.07253053894364553,0.154859798,0.038110441201433184
AL-ST,75,1,gamma,0.99901169,0.00013561924715910242,0.190863286,0.012566023038591966,0.135226406,0.00573836769465882
AL-ST,75,2,gamma,0.99838133,0.0008681757166610918,0.23645880999999996,0.06234763518650729,0.161104098,0.032043753137480875
AL-ST,75,3,gamma,0.9991466960000001,0.00015734869667082135,0.177753358,0.01628368648365031,0.12876891399999998,0.013521379060928061
AL-ST,75,4,gamma,0.99869479,0.0006372440747782455,0.21404489799999998,0.05109119304217446,0.14732661199999997,0.029573282261939338
AL-ST,75,5,gamma,0.9991706020000001,0.00024342725849010925,0.17369757400000002,0.025583945895581158,0.12530070000000001,0.022871574545750013
AL-ST,75,6,gamma,0.99851586,0.0009780588036922963,0.22413894400000003,0.0670454812209839,0.153955606,0.031276176521439186
AL-ST,75,7,gamma,0.9984446200000001,0.0011821164189198938,0.22693313600000004,0.0785127526873905,0.15753807,0.04974214220206563
AL-ST,75,8,gamma,0.999043636,0.0002079563079687608,0.187400862,0.020452320814402843,0.13088485600000002,0.01544286547845134
AL-ST,75,9,gamma,0.998915474,0.00031202822228763974,0.198256112,0.030729052911996756,0.14100906000000002,0.02317214808316657
AL-ST,75,10,gamma,0.997788352,0.002631235068126001,0.2520435,0.14123711212440077,0.165890246,0.0773895202682892
AL-ST,75,11,gamma,0.9987225439999999,0.0008678298704607933,0.205773274,0.06963572589196658,0.139732586,0.03384049576221519
AL-ST,75,12,gamma,0.9984225560000001,0.0011145447091005542,0.23065154200000001,0.07338422571589413,0.153198846,0.024206748178619616
AL-ST,75,13,gamma,0.9984875540000001,0.000826788536896826,0.22911895000000002,0.06137168819850339,0.148997852,0.023930568166375323
AL-ST,75,14,gamma,0.9987003999999999,0.00019074712422469575,0.219176614,0.01665221994451743,0.14556296,0.004813457436525226
AL-ST,75,15,gamma,0.99897691,0.000186203708341195,0.194013612,0.017418606494866803,0.143903798,0.014125945026783023
AL-ST,75,16,gamma,0.9988079759999999,0.00042315639678963923,0.20751272799999998,0.035890037360884086,0.136140332,0.013161050452237314
AL-ST,75,17,gamma,0.998617838,0.0005413676311860564,0.222309162,0.04117659355772229,0.14955527,0.016180828330395206
AL-ST,75,18,gamma,0.9985506599999999,0.00048793408767988433,0.229157008,0.03847849095169061,0.15663194200000002,0.021280191662198345
AL-ST,75,19,gamma,0.9989260480000001,0.0003035015256238271,0.197955032,0.02641583998170067,0.137782926,0.014939027619309894
AL-ST,100,0,gamma,0.9991348459999999,0.00022379564165550127,0.17803796600000002,0.022766058546464824,0.125255868,0.008356181780567965
AL-ST,100,1,gamma,0.999269084,0.00010604720978883409,0.16464268999999998,0.012444617824635686,0.118445836,0.012636260200919574
AL-ST,100,2,gamma,0.9992324,9.992263447286113e-05,0.169090582,0.012323115710933495,0.12029278800000001,0.012420244095858018
AL-ST,100,3,gamma,0.9991973699999999,0.000309094610564453,0.170537708,0.03155942296318892,0.12103513399999999,0.01765205460400641
AL-ST,100,4,gamma,0.999265408,0.00022361223950401069,0.163557352,0.02493398074518339,0.116179912,0.017792931390826407
AL-ST,100,5,gamma,0.9993165320000001,0.00010343146859639036,0.159393534,0.012651023442739487,0.11597502999999998,0.01260316034987416
AL-ST,100,6,gamma,0.998847694,0.000457179047752636,0.20359813400000001,0.03698703785922014,0.136107198,0.009564649268190447
AL-ST,100,7,gamma,0.9991056339999999,0.00028820968329325004,0.180240754,0.029732907171334994,0.12521943,0.016910967875296785
AL-ST,100,8,gamma,0.999360398,0.0001609887895972624,0.15342250200000002,0.019709899509580867,0.11277200999999999,0.01852958793614256
AL-ST,100,9,gamma,0.9990147439999999,0.0003270906298015924,0.18951227399999998,0.029510502886436623,0.13480567599999999,0.013855622117978826
AL-ST,100,10,gamma,0.999112002,0.000270129789501253,0.180006956,0.026956721536724453,0.12796375799999998,0.017613011952482632
AL-ST,100,11,gamma,0.9992676060000001,0.00014896063300079155,0.164419506,0.01642851832321174,0.11614987000000002,0.00842766215560876
AL-ST,100,12,gamma,0.99887493,0.0006313505875818934,0.19837005000000002,0.054919296345859715,0.13238461399999998,0.029152021851741674
AL-ST,100,13,gamma,0.9992655819999999,0.00019249124773866713,0.163917436,0.020207697813431992,0.11283843600000001,0.006856250028669026
AL-ST,100,14,gamma,0.9991695820000001,0.0003321731196469964,0.17264660199999998,0.03574843858358258,0.12609063599999998,0.02155502892953252
AL-ST,100,15,gamma,0.9991642580000001,0.00012289118184802733,0.17570101,0.01308038558782271,0.12601612599999998,0.007504115697755733
AL-ST,100,16,gamma,0.999237076,0.00024218876758428897,0.16738943,0.025790684374918788,0.11801966400000001,0.013773381493491856
AL-ST,100,17,gamma,0.9991523499999999,0.00010962032457533525,0.17741998200000003,0.012082864021662084,0.12478318000000002,0.006609625266103974
AL-ST,100,18,gamma,0.999243134,0.00016394991022870934,0.16724860599999997,0.018454904101085544,0.12165147800000001,0.010001414052765533
AL-ST,100,19,gamma,0.9992187180000001,0.00020398040507855312,0.16932208799999998,0.022153912474287156,0.12177136200000001,0.017460367314179163
Random,25,0,P_bubble,0.764719304,0.29267102206232565,8.970850342,7.700331011704207,5.3928802959999995,3.9807641082193768
Random,25,1,P_bubble,0.9171315160000001,0.07312900708673448,5.1543107599999995,2.4558451051852743,3.8944670960000005,1.6823716692309747
Random,25,2,P_bubble,0.8852828739999999,0.055916029369812596,7.09150027,3.936666419774855,4.621597,1.4942634503695922
Random,25,3,P_bubble,0.747891208,0.21685212594462808,11.251758826,6.776003772703907,6.705015616,3.0507278438579797
Random,25,4,P_bubble,0.8350965760000001,0.07468724017959388,10.214667594,5.623159354424923,6.513078562,3.071576485777557
Random,25,5,P_bubble,0.906877236,0.05030242505725688,9.236507606,2.956572091013165,6.344856074000001,1.9376734332767673
Random,25,6,P_bubble,0.9190225740000001,0.06864778237178694,6.052784592,4.045520670948822,3.963928536,2.0860182146847275
Random,25,7,P_bubble,0.8589165659999999,0.08142527397895757,7.551764554,2.125714606584212,5.1660538339999995,1.257159627666463
Random,25,8,P_bubble,0.9422660199999999,0.03750405326093702,4.05422397,1.2845931211283688,3.152965848,0.7762542796118849
Random,25,9,P_bubble,0.9081330959999999,0.10553288971334986,4.9612114499999995,3.069142896819431,3.4881746560000004,1.3419089185633004
Random,25,10,P_bubble,0.9033804959999999,0.08700756977313653,5.879053019999999,2.690198728241247,4.336791162,1.8175480768491237
Random,25,11,P_bubble,0.8632695100000001,0.14479340412896063,7.187311295999999,5.788079442255926,4.591355206,2.662415935766967
Random,25,12,P_bubble,0.860875158,0.05521611541798623,7.269271057999999,2.2874907346733475,5.293674656,1.4874507370469177
Random,25,13,P_bubble,0.8547506300000001,0.08474675649095018,6.781620768000001,2.5192010996442478,4.7603247600000005,1.171676457219314
Random,25,14,P_bubble,0.8255696199999999,0.15581190605176137,9.669078528,7.975793571588995,6.2540973520000005,4.315188573632594
Random,25,15,P_bubble,0.9026855479999998,0.05946555906308908,7.091935189999999,2.1854119495177162,4.604029391999999,1.4174689436171033
Random,25,16,P_bubble,0.7507819099999999,0.24150283472089437,10.444730928,9.237809600237844,6.1838082739999995,4.077807227862271
Random,25,17,P_bubble,0.865236934,0.1333384612522598,7.256862074,5.44143716216322,4.799537758,3.086815578202189
Random,25,18,P_bubble,0.800439596,0.1926059382454198,8.085544500000001,5.610793361900952,4.954403549999999,2.445568643330934
Random,25,19,P_bubble,0.923065916,0.05967796339705756,5.685135318,1.656320249268947,4.057373504,1.103077650910701
Random,50,0,P_bubble,0.9611952720000001,0.028066645786411604,3.996095824,1.5001929417461743,2.7571891219999998,1.2808288838111017
Random,50,1,P_bubble,0.951023238,0.021019563824430224,5.402206254,1.6894919567550624,3.387456068,0.5785820833788875
Random,50,2,P_bubble,0.947615446,0.030859730158440866,4.660501508,2.2107608776331995,3.0458576620000004,1.0212414126621123
Random,50,3,P_bubble,0.934282452,0.07425793185712955,5.495846028000001,4.535854741975169,3.46969572,1.9795715508799583
Random,50,4,P_bubble,0.94297834,0.01824598625137047,5.341794022,1.7347686583584156,3.2537810039999995,0.9288956826934212
Random,50,5,P_bubble,0.9715552599999999,0.016409977035257546,3.9422391080000003,1.5312583820543089,2.520072172,0.4549812102646827
Random,50,6,P_bubble,0.962807108,0.020558382911994237,4.52480489,1.679549187280479,2.884325612,0.6642215749236373
Random,50,7,P_bubble,0.974811632,0.019587703197750814,3.3262945959999994,0.8724048588234651,2.41424946,0.6521572998960343
Random,50,8,P_bubble,0.967463388,0.013152622210092424,3.533886582,0.9622562057446415,2.281065014,0.577939312352907
Random,50,9,P_bubble,0.9721247399999999,0.014975270479388344,3.166273434,1.0999926825197117,2.07620572,0.6585108760737393
Random,50,10,P_bubble,0.9466315419999999,0.022654382672973827,5.333369832000001,2.1530332511023182,3.154150318,1.061319002802391
Random,50,11,P_bubble,0.977314934,0.013909285501466416,3.774925708,1.405426355856042,2.51801638,0.9778553749606415
Random,50,12,P_bubble,0.96341965,0.02543090346053872,4.585318516,1.1762545638416093,3.047453114,0.696648112281311
Random,50,13,P_bubble,0.967783822,0.013503492409230149,3.958392878,0.8761895284259776,2.5554683679999997,0.3442472865897498
Random,50,14,P_bubble,0.9312049699999999,0.0664194299729737,4.60894841,3.127139837396704,2.706875454,1.3896951489581169
Random,50,15,P_bubble,0.9736783179999999,0.008414106046418476,3.736158786,0.6109002810770797,2.5283964160000005,0.40375340776687857
Random,50,16,P_bubble,0.93476625,0.048866154289095416,6.18878829,3.321440453878576,3.3497772240000003,1.1758868255580643
Random,50,17,P_bubble,0.9554879679999999,0.02803787676833709,4.59036594,1.1697697454597742,3.065198504,0.766988686582575
Random,50,18,P_bubble,0.956743364,0.024517994203523758,4.617565792000001,1.7945974684096784,3.015207666,0.5936268368691002
Random,50,19,P_bubble,0.963358206,0.009290355485854362,5.204701182000001,1.6144783368514883,3.3591194100000004,1.0733809377984065
Random,75,0,P_bubble,0.94397637,0.04724617907612802,5.59171261,3.5440561883561505,3.0290593020000003,1.2487920171046423
Random,75,1,P_bubble,0.965438464,0.013262034901324299,4.012197521999999,1.5274162277977654,2.4690319379999996,0.624276512951401
Random,75,2,P_bubble,0.9426532099999999,0.06333689627390121,5.009835984,2.251826825061181,2.775339882,0.9695145978191086
Random,75,3,P_bubble,0.98648565,0.0062065966124277925,3.198170814,0.8392158545359373,2.200204748,0.5302959101125944
Random,75,4,P_bubble,0.97413717,0.01337592021043487,4.117032266,1.6197079240012209,2.48954081,0.4056422928875876
Random,75,5,P_bubble,0.9681491680000001,0.01358338940825802,4.24287543,1.629809750036081,2.44002488,0.6278017607739291
Random,75,6,P_bubble,0.9732377040000001,0.016635013162609277,3.8326736500000003,1.6258294891275196,2.515305506,0.9256735669192039
Random,75,7,P_bubble,0.9646649,0.028063447609267822,4.68715475,2.878655454876699,2.393448998,0.6838455505600974
Random,75,8,P_bubble,0.9743171580000001,0.020987993658048782,3.1889038120000004,1.5474473533076263,2.03584605,0.8321021621941066
Random,75,9,P_bubble,0.979133604,0.0038479500325944854,3.9776617020000002,0.34094483656834,2.68816476,0.27206740443568656
Random,75,10,P_bubble,0.975486414,0.014574786529717134,3.713727692,1.6176553437510772,2.2675330599999994,0.5757926926768918
Random,75,11,P_bubble,0.9705552839999999,0.018832769144978764,3.333111828,1.0422812087100084,2.06437986,0.3124426089336654
Random,75,12,P_bubble,0.9703185480000001,0.023054536498147513,3.7230867239999994,2.328480118642806,2.1352513340000003,0.690397021375901
Random,75,13,P_bubble,0.97112755,0.015123304857678403,3.834095524,0.8347689304937538,2.470724572,0.5413069297925563
Random,75,14,P_bubble,0.9374205339999999,0.09351789266675604,4.228277136000001,4.073646826166863,2.2987144620000004,1.2658918076399543
Random,75,15,P_bubble,0.9355608739999999,0.04139172681692735,6.139534322,3.0819733515899346,3.313542202,1.003687652167703
Random,75,16,P_bubble,0.975524904,0.009628733084693128,4.274006346,1.3807958348559715,2.417226114,0.5510376510310429
Random,75,17,P_bubble,0.974898664,0.01359356367317209,4.351288225999999,1.677140940446732,2.406817074,0.5931180809741116
Random,75,18,P_bubble,0.975859496,0.01577445283669339,3.707092307999999,2.0587963747626117,2.1143105340000004,0.6599492185507302
Random,75,19,P_bubble,0.978503348,0.010312965917974128,3.67234835,0.6649359541061617,2.356961458,0.5246937619172077
Random,100,0,P_bubble,0.9779532979999999,0.009167300811949821,3.650561704,0.5795971850463559,2.2038984459999997,0.2844337193817884
Random,100,1,P_bubble,0.9786772920000001,0.00828965411736679,3.5350783800000003,0.9636402043548298,2.105732536,0.38508524008837985
Random,100,2,P_bubble,0.981707084,0.0074244626736474,3.3983350000000003,0.5648710408185802,2.2464709480000002,0.2933108795641129
Random,100,3,P_bubble,0.979329308,0.014777263995931577,3.40711878,0.5699287813334667,2.046520874,0.2879686714686231
Random,100,4,P_bubble,0.983130714,0.011604507853000235,2.7795519499999997,0.7881967419233645,1.8309081159999998,0.5221629469799018
Random,100,5,P_bubble,0.9888243939999999,0.0013046682378995767,2.543651148,0.37662868475701256,1.6933393339999998,0.23872398250410878
Random,100,6,P_bubble,0.969777726,0.013292745630406983,3.9981060060000004,0.7033507885966881,2.492626714,0.4475918401640244
Random,100,7,P_bubble,0.981002314,0.012702746435478588,2.905785828,0.8854102812382902,1.8485407680000001,0.6462892620631181
Random,100,8,P_bubble,0.9834669400000001,0.012131539013533294,2.7511028540000004,0.7302789448267195,1.869355324,0.46919458865955577
Random,100,9,P_bubble,0.9773484759999999,0.011422678247480509,3.3823715659999998,1.4096615937696357,1.93250207,0.4146238705197437
Random,100,10,P_bubble,0.9526776,0.047184783761325864,4.2646897159999995,3.2216198320831855,2.356419506,1.1893834153811245
Random,100,11,P_bubble,0.981873598,0.006693053918403475,3.163648556,1.2159676600136002,1.8476279339999997,0.45886784357108906
Random,100,12,P_bubble,0.983342528,0.006394996744231859,2.8818825420000005,0.8076221016476015,1.8878550899999997,0.347491255228211
Random,100,13,P_bubble,0.9724163499999999,0.018322823467066422,3.506859662,1.680452923496584,1.873187118,0.6768375046407923
Random,100,14,P_bubble,0.97795203,0.015944362957939703,3.656445164,1.4938065666182962,2.0418307639999997,0.6454759372454902
Random,100,15,P_bubble,0.977338228,0.003516848869396564,3.307778586,0.5606034769065562,2.003335462,0.32463959815977583
Random,100,16,P_bubble,0.9821460099999999,0.005055736614460844,2.983296578,0.7354402069825431,1.827355992,0.41709920490340957
Random,100,17,P_bubble,0.977939606,0.009173175385702819,3.8434378199999997,1.50956033660418,2.26150013,0.42809398652167924
Random,100,18,P_bubble,0.9849657319999998,0.004814904715445126,2.910616298,0.4678235202207223,1.905935294,0.3299897119531503
Random,100,19,P_bubble,0.9785656039999999,0.00795906832712623,3.419541244,1.4214658934323003,2.183947898,0.7458065221235335
Random,25,0,gamma,0.99736674,0.0020440732912691507,0.299131876,0.1154652076083364,0.20052633000000003,0.04746955557740771
Random,25,1,gamma,0.997640766,0.0011412084588645582,0.290996172,0.0733081654058737,0.19994998800000002,0.04031556990693268
Random,25,2,gamma,0.9966339100000001,0.001315131071080004,0.355543656,0.06040642674746475,0.23464650199999998,0.0335903523141246
Random,25,3,gamma,0.9968173379999999,0.0024366628795087757,0.326833708,0.1208470707636536,0.220990218,0.08220724583758475
Random,25,4,gamma,0.996991448,0.001376007714184798,0.33004700400000003,0.08140912301904882,0.23153557,0.06589197232459383
Random,25,5,gamma,0.992645242,0.008520089469423205,0.44129435,0.3128425540851414,0.317162246,0.24063712852466423
Random,25,6,gamma,0.9967872720000001,0.0025332846440256,0.315782272,0.14955630669105446,0.209972812,0.08600672589601988
Random,25,7,gamma,0.997627162,0.0013678139502490817,0.284648492,0.09281234920307133,0.20282314,0.06978577331829604
Random,25,8,gamma,0.9970747799999999,0.0036207690262981354,0.290596584,0.16514183723984455,0.201124052,0.0962405130147057
Random,25,9,gamma,0.9967983260000001,0.004063552185571624,0.291184894,0.19263938609785347,0.186204834,0.0952036880892772
Random,25,10,gamma,0.997996504,0.0015245401699082873,0.25699839199999996,0.09016169602892227,0.186131418,0.05892443932808777
Random,25,11,gamma,0.997373834,0.0011111927664919504,0.309574154,0.07051867506626217,0.20245893399999998,0.037771924456656225
Random,25,12,gamma,0.995614174,0.003063778356589102,0.383162804,0.14258511831990514,0.2385215,0.07684374097956007
Random,25,13,gamma,0.9972895700000001,0.0017124499611959293,0.298227826,0.11483224748089373,0.20458594400000002,0.0768047060715643
Random,25,14,gamma,0.99802289,0.0006678090247069231,0.27288906199999996,0.04490393860000229,0.187881458,0.02230220990293778
Random,25,15,gamma,0.998310766,0.0008233715702306105,0.24739158199999997,0.06702241267513588,0.17949115399999999,0.03490679251088395
Random,25,16,gamma,0.995401258,0.005231712948407637,0.36456755799999996,0.19735612892325743,0.21353647599999998,0.09445515422117749
Random,25,17,gamma,0.997783546,0.001109134824132787,0.28274865600000004,0.074211337582002,0.173806224,0.03874711771464072
Random,25,18,gamma,0.99631434,0.003221632491300048,0.33978905,0.1420978542986075,0.219395854,0.08773319013044233
Random,25,19,gamma,0.997770174,0.0013372942830446749,0.27667237,0.09219161344584875,0.17544659999999998,0.06248777150895109
Random,50,0,gamma,0.9988285979999999,0.0004650050196030342,0.20924400799999998,0.04223319700758606,0.14419423,0.022297333691780285
Random,50,1,gamma,0.9989838759999999,0.0004700626721023398,0.19190401999999998,0.044894882535363424,0.13966691400000003,0.02359676944586322
Random,50,2,gamma,0.99890227,0.0004779558194645411,0.19995448,0.04231771628356852,0.148210734,0.027450813977474398
Random,50,3,gamma,0.998556844,0.0010324621754737517,0.22220577600000002,0.07132245608692976,0.159154828,0.04955640954882643
Random,50,4,gamma,0.998708598,0.00036474422832446276,0.219113108,0.030676145728801982,0.147698826,0.019346711411355265
Random,50,5,gamma,0.998783532,0.00039221173696867007,0.21529569199999998,0.03551775557400743,0.15207959,0.020314556783108013
Random,50,6,gamma,0.998543888,0.0006998554577453966,0.228858828,0.053449203433540295,0.160394546,0.02836212901473555
Random,50,7,gamma,0.9986927339999999,0.0005432920146882579,0.21847592799999999,0.04904302868560481,0.1531154,0.029183822814219527
Random,50,8,gamma,0.998233928,0.0008600862786581105,0.253574226,0.06864694182359374,0.162073456,0.038091612999584884
Random,50,9,gamma,0.999017874,0.0004396572753679959,0.18810794999999997,0.048082331726277995,0.12909038,0.02537532674825134
Random,50,10,gamma,0.9988845540000002,0.00031755494356727634,0.204595474,0.028646185409176277,0.13954346199999998,0.016654778114484018
Random,50,11,gamma,0.998895064,0.0007106974137732493,0.197677658,0.062244159637263444,0.13972609,0.04061807241745969
Random,50,12,gamma,0.9990703240000001,0.0002759911916420649,0.18916739400000002,0.02654294588326216,0.140902684,0.017328507561357495
Random,50,13,gamma,0.9992731600000001,0.00014551741820140751,0.165859294,0.015688486614841603,0.11736153199999999,0.0060755682594219925
Random,50,14,gamma,0.998353352,0.0006822933184899163,0.24545310000000004,0.054710377761816635,0.15953837599999998,0.03384106318730285
Random,50,15,gamma,0.998880464,0.00033557001943557786,0.20450438599999998,0.030405675186437543,0.148187338,0.01813988032655497
Random,50,16,gamma,0.998053756,0.0017840226417576504,0.24487938800000003,0.11233480798534966,0.158776812,0.06565999996373208
Random,50,17,gamma,0.99858432,0.0007441543505752082,0.223177894,0.05922817257364695,0.158341752,0.03317170374385458
Random,50,18,gamma,0.999098966,0.00045875295698666704,0.181718954,0.04963506856459074,0.12354289999999998,0.02710106667697638
Random,50,19,gamma,0.9986744139999999,0.0002539846998226492,0.22269321400000003,0.022090198643072996,0.16171408999999998,0.022641418103817614
Random,75,0,gamma,0.998365454,0.0006264798828565765,0.24604287,0.04690384758990034,0.166575204,0.02550764323709002
Random,75,1,gamma,0.999316508,0.00014050933739792533,0.161535584,0.015484772051690786,0.122459108,0.009684574363758896
Random,75,2,gamma,0.9989974140000001,0.00035097405314924964,0.193775106,0.032964245457231145,0.137713854,0.019029027185651505
Random,75,3,gamma,0.9992771000000001,0.00040547209339237227,0.16272691200000003,0.0440236853940387,0.11908081200000001,0.022969539559436012
Random,75,4,gamma,0.999013326,0.00017301487815793895,0.193594528,0.0168035513734965,0.14251011,0.0132041689583616
Random,75,5,gamma,0.9992002600000001,0.00025355506060813936,0.17351390000000003,0.02816554860226017,0.13131956,0.015703202142263853
Random,75,6,gamma,0.99888124,0.0003834865119401357,0.20445528,0.033512087096836576,0.135886582,0.01931816135488613
Random,75,7,gamma,0.998800256,0.00011681123312420689,0.21411476000000002,0.011046849966657462,0.146858372,0.007786964172336736
Random,75,8,gamma,0.9992195880000001,0.00038885185798193036,0.167860706,0.03804295422593918,0.12161033400000001,0.02498184873018136
Random,75,9,gamma,0.999095388,0.00020083207277721765,0.185183602,0.021501087850172976,0.132687824,0.011806051357412604
Random,75,10,gamma,0.9989371120000001,0.00016385287722831218,0.202771122,0.014916579901326447,0.150634472,0.013475675222655675
Random,75,11,gamma,0.999143164,0.0005346604091047161,0.17421204399999998,0.04854513592912583,0.126677482,0.030005613629622317
Random,75,12,gamma,0.9991884600000001,0.00022173350229497043,0.176026924,0.02137183079890499,0.12492113000000002,0.008910699129605942
Random,75,13,gamma,0.998829046,0.0007670715532099838,0.202469132,0.06198391138944409,0.131521328,0.020887171010646133
Random,75,14,gamma,0.9992594020000001,0.00036978145461340824,0.164915498,0.039797269330201744,0.118612534,0.022867948791627644
Random,75,15,gamma,0.9987425759999999,0.0006353775340882079,0.21089731400000003,0.052475649283732204,0.142522348,0.022819162030161756
Random,75,16,gamma,0.999084234,0.00018197218431396838,0.186018578,0.01951429639205411,0.13704332800000002,0.014637447111531981
Random,75,17,gamma,0.998954696,0.0004289305185971081,0.196230216,0.03876847121564563,0.13545474400000002,0.02298293512114639
Random,75,18,gamma,0.9989484519999999,0.00027618763914410825,0.199892224,0.02835939189243845,0.144101532,0.016258239531973192
Random,75,19,gamma,0.998777022,0.0012391617744814346,0.19606123000000003,0.08780815627570096,0.13887446,0.04181312332226905
Random,100,0,gamma,0.999041536,5.7607737535873085e-05,0.191105028,0.007543227198607766,0.13592515,0.010124767718898043
Random,100,1,gamma,0.99920192,0.0003350511017143715,0.171538872,0.034849687011903226,0.12590057,0.021618615727161627
Random,100,2,gamma,0.999169756,0.0003293860176510421,0.17650596000000002,0.03250565318630345,0.12437046,0.018723535960707843
Random,100,3,gamma,0.999297272,0.0001912476507986521,0.16217775799999998,0.021862849974755252,0.11964495199999998,0.013559696446567527
Random,100,4,gamma,0.9993755459999999,0.00021244982048475522,0.153674348,0.024795984640256088,0.11750027199999999,0.016473619321542426
Random,100,5,gamma,0.9993089100000001,0.000161168354958425,0.162249562,0.01723384135496019,0.120517162,0.00584537426602403
Random,100,6,gamma,0.9989620419999999,0.0004964202340114621,0.19420612399999998,0.041582694778296216,0.13813552799999998,0.016152278004847993
Random,100,7,gamma,0.9991265799999999,0.0005564600173956865,0.176456326,0.04974018198195844,0.125012766,0.018818623882059606
Random,100,8,gamma,0.9991805960000001,0.0001828930565768005,0.176259686,0.019879807237282353,0.12332246799999999,0.012471250544954017
Random,100,9,gamma,0.999190974,0.00039742278146074006,0.171786512,0.03780439237467911,0.12624878600000003,0.026121944269229726
Random,100,10,gamma,0.9994038359999999,0.0003985046442690641,0.144568694,0.04143351415543538,0.105488128,0.01892682560457342
Random,100,11,gamma,0.999300166,0.00010985880512730955,0.163002408,0.01314326815502355,0.113395764,0.006050516441258878
Random,100,12,gamma,0.9992832179999999,8.462883938702147e-05,0.16449840400000001,0.00904852228720823,0.119292904,0.00521823720996123
Random,100,13,gamma,0.999438688,0.00014033246187534644,0.146147064,0.018060314109756347,0.10845771,0.013722223196122417
Random,100,14,gamma,0.999150294,0.0004525014516042948,0.174450974,0.044618051764913985,0.12690798,0.02514123501219222
Random,100,15,gamma,0.999472538,0.0001337118874894786,0.141311956,0.01849868051912525,0.10701410200000001,0.011197435604713075
Random,100,16,gamma,0.9992989600000002,0.00015511198496571978,0.163826842,0.016902408808764983,0.11701044599999999,0.008153112378682388
Random,100,17,gamma,0.9988838680000001,0.0005394601081599938,0.20049266999999998,0.04870997362114621,0.137368906,0.023830286141554073
Random,100,18,gamma,0.9992851979999999,0.000257003009741137,0.16366274200000003,0.03079310058501833,0.11656767400000001,0.01843450584998752
Random,100,19,gamma,0.9991200900000001,0.0004134706059201723,0.180096542,0.03988417589973367,0.13524190799999997,0.025805207746702908
Stratified,25,0,P_bubble,0.8961554460000001,0.10326366346063957,6.164903895999999,4.71610683731266,4.1540890500000005,2.510434035061202
Stratified,25,1,P_bubble,0.873503694,0.06094592395441342,8.696299816,4.715119269215439,5.214466334,2.166184836702626
Stratified,25,2,P_bubble,0.878965498,0.04697782764096373,8.547891758,2.364849145925711,5.743263586,1.4138753698416031
Stratified,25,3,P_bubble,0.712760384,0.29653586892733,10.447588058000001,6.592520180876463,6.622393735999999,3.842997300950633
Stratified,25,4,P_bubble,0.7876039199999999,0.3501816276740482,11.521065373999999,16.44549707126892,7.49196082,9.77278666069138
Stratified,25,5,P_bubble,0.895535468,0.06832294149977602,7.303864811999999,4.249871727005919,4.707043690000001,1.81206224740253
Stratified,25,6,P_bubble,0.8570512480000001,0.06480790840740885,10.254214487999999,5.6020619384831205,6.303155952,2.893873527689152
Stratified,25,7,P_bubble,0.8976343,0.08303926545517655,6.962164634,2.8024639909492643,4.841538558,1.6939745283695613
Stratified,25,8,P_bubble,0.83005222,0.0769863760713091,8.688214694000001,3.2143813794383833,5.540155496000001,1.5574271712453003
Stratified,25,9,P_bubble,0.8692807979999999,0.11890965479246071,6.604363706000001,3.9711215317734876,4.722882766000001,2.173019484081573
Stratified,25,10,P_bubble,0.9133284700000001,0.020975187516186843,6.39063096,1.800788138917931,4.27506979,1.23697504476581
Stratified,25,11,P_bubble,0.7073739299999999,0.2402571571377404,13.120812771999999,12.060399200124838,8.295528983999999,7.091634276021452
Stratified,25,12,P_bubble,0.905060308,0.08251753718898265,7.425951302,5.794999615987501,4.34693584,2.223449240521525
Stratified,25,13,P_bubble,0.8805212579999999,0.07993827397670966,8.562177228,5.494609081651471,5.66015969,3.1060982490123448
Stratified,25,14,P_bubble,0.823390904,0.09038971702995505,9.652801579999998,4.738347173331168,6.082632240000001,2.088658388002572
Stratified,25,15,P_bubble,0.807602878,0.2774111056139292,11.509145024,12.86168181755516,6.60074587,5.71960365487739
Stratified,25,16,P_bubble,0.8440224300000001,0.1119221552207551,8.859675417999998,5.212026410128483,5.709544468,2.8151270642407185
Stratified,25,17,P_bubble,0.753875214,0.2208164612130983,11.402861968000002,10.102443995705,7.095706139999999,5.323334372235765
Stratified,25,18,P_bubble,0.8730687419999998,0.06937780410661824,7.225665066,3.209388868960795,4.879321930000001,1.5407366228920794
Stratified,25,19,P_bubble,0.89811156,0.09319795581122302,7.579757087999999,5.852262509025151,5.306512146,3.5555443493210896
Stratified,50,0,P_bubble,0.937963772,0.04313825803762106,5.993247654,3.3907813824637953,3.5188238139999997,1.4968883989257484
Stratified,50,1,P_bubble,0.9559463019999999,0.01181416784651275,4.502067906,0.8439049562762826,3.2152569939999998,0.4854922469524215
Stratified,50,2,P_bubble,0.9431218580000001,0.028390576461811666,5.47220925,2.633795935213005,3.000458594,0.8397113891104998
Stratified,50,3,P_bubble,0.941698506,0.0338073633273165,5.854645125999999,2.3291371951238538,3.187185596,0.9883293517307169
Stratified,50,4,P_bubble,0.9686838959999999,0.008574615864456197,4.114050518,0.9077157963893895,2.6428278480000005,0.37943196007421504
Stratified,50,5,P_bubble,0.9490609619999999,0.04317160296788685,5.300013143999999,3.624003327929057,3.320072932,1.6166623378922826
Stratified,50,6,P_bubble,0.946346328,0.023392765726205526,5.378953608,1.7764817455481101,3.346814276,0.9690806422107238
Stratified,50,7,P_bubble,0.9639772759999999,0.0275781365173549,4.5631424,2.2162520766550475,3.008949918,1.1902819809007028
Stratified,50,8,P_bubble,0.930778468,0.07156261814079427,5.710616121999999,3.409922372803792,3.8129066179999995,1.871011722005819
Stratified,50,9,P_bubble,0.935715028,0.0395201967014454,6.000072665999999,2.8456141666782986,3.46551921,1.2782425431087916
Stratified,50,10,P_bubble,0.965098738,0.01625809800698151,4.202509622,1.7658912118575147,2.948107824,0.9746101179409886
Stratified,50,11,P_bubble,0.959014114,0.013798858565312721,4.85108008,1.5667375075027297,2.8246433719999997,0.7180101355561247
Stratified,50,12,P_bubble,0.935738916,0.06847965776442273,5.008400988,2.0068569328361296,3.169626744,1.0974058226242942
Stratified,50,13,P_bubble,0.9409319499999999,0.04456107472150644,5.512817414,3.2622716453092164,3.7161056480000005,1.6585053637612823
Stratified,50,14,P_bubble,0.9414025479999999,0.027597659833564454,5.24778844,1.8307209508629696,3.1388301200000006,0.513449974899553
Stratified,50,15,P_bubble,0.8990210519999999,0.056818014892692434,7.730093788,3.8866865440938185,3.923619086,1.4791684002535326
Stratified,50,16,P_bubble,0.946108068,0.05361021852754281,4.77426771,2.153886979124986,3.007196948,1.0482589832562361
Stratified,50,17,P_bubble,0.9345075740000001,0.03852592173900247,5.763081334000001,2.9971523345458713,3.1604114340000002,0.7555140468384633
Stratified,50,18,P_bubble,0.9414662939999999,0.02668820209007088,6.118001924,2.2014311411843592,3.615519898,0.8381870530012785
Stratified,50,19,P_bubble,0.9574771139999999,0.0139482996277103,4.592651978,1.185005171556245,2.964778716,0.5891344453677102
Stratified,75,0,P_bubble,0.971993268,0.010587278597595144,3.758121352,0.903010630956994,2.428271564,0.583528426564272
Stratified,75,1,P_bubble,0.959114604,0.04125816182578694,4.730933078,3.8440207279759555,2.715134432,1.5507785767732554
Stratified,75,2,P_bubble,0.9747198960000001,0.011310142332574945,3.800504444,1.6308091859313318,2.337377948,0.5946622797328329
Stratified,75,3,P_bubble,0.96762479,0.01654654151819887,4.278795068,1.7271468864149888,2.7369778100000004,0.8589230868906382
Stratified,75,4,P_bubble,0.9551032359999999,0.023972997527487123,5.115884203999999,1.631750728602292,2.89701755,0.9352628823036284
Stratified,75,5,P_bubble,0.9680642579999998,0.03194330369554623,4.278428092,1.539358350920502,2.6099111440000002,0.8013081422538448
Stratified,75,6,P_bubble,0.982106656,0.01018155363581729,3.1752708440000004,0.5754545363375334,2.2355684580000004,0.39392638920832207
Stratified,75,7,P_bubble,0.974120834,0.020200401222931767,3.5526320219999996,1.87958612471493,2.2831140519999997,1.0874120956373878
Stratified,75,8,P_bubble,0.950773706,0.05307512587768874,5.320280812,4.914971489619411,2.7737646239999996,1.9007297646485297
Stratified,75,9,P_bubble,0.9772574119999999,0.008263994415991328,3.3448781860000003,0.886659639500011,2.285667182,0.3422580150559721
Stratified,75,10,P_bubble,0.9677974060000001,0.005955143665909663,4.354936992000001,0.9211499383845865,2.700348768,0.4123691282064128
Stratified,75,11,P_bubble,0.9678656060000002,0.012817374774882094,4.3374535299999994,1.5103873735894302,2.482186726,0.6834933254572797
Stratified,75,12,P_bubble,0.9378554620000001,0.0740921747432133,5.872889862,5.6299865961524915,3.0747632319999996,1.9916107843177455
Stratified,75,13,P_bubble,0.945269154,0.04904805890246489,4.64328292,2.2066980346397225,2.6291988960000006,1.1906301944714215
Stratified,75,14,P_bubble,0.971077408,0.010916961558874182,4.044279374,1.3603123578705627,2.4465414819999998,0.7170435541735521
Stratified,75,15,P_bubble,0.96955412,0.010887540309147887,3.893871796,0.8278075566246855,2.448129144,0.36888464517220676
Stratified,75,16,P_bubble,0.9809181880000001,0.0037738819420082377,3.159200418,0.5750096014537038,2.150644434,0.45878520825614294
Stratified,75,17,P_bubble,0.9671881819999999,0.01726177948166343,3.966251618,1.6770262913260328,2.5462665299999996,0.8563715213142055
Stratified,75,18,P_bubble,0.9757261139999999,0.015098754275618373,3.5683716860000003,1.356369839927324,2.32787681,0.6167730387076111
Stratified,75,19,P_bubble,0.9722882979999999,0.017570641983440903,3.689226156,0.7699313641208025,2.405852906,0.2540399275082975
Stratified,100,0,P_bubble,0.9721273619999999,0.02740755496367042,3.577668068,2.76760028602788,2.158914266,1.1454093929300453
Stratified,100,1,P_bubble,0.9753646720000001,0.014424114854494737,3.935272576,1.4241700831543285,2.358222094,0.6856395566747874
Stratified,100,2,P_bubble,0.9765235560000001,0.01338097936116575,3.3670768559999997,0.7217290879606933,2.210163274,0.42750560038961266
Stratified,100,3,P_bubble,0.9866435280000001,0.003142699465194859,2.679067758,0.44277084065938116,1.8331675019999998,0.32019102803960486
Stratified,100,4,P_bubble,0.9768653900000001,0.005611484396317963,3.3893246559999994,0.9901097032555269,2.080551402,0.4582468667630816
Stratified,100,5,P_bubble,0.978548862,0.011788979398555935,3.409776402,0.3505402976547783,2.081327482,0.23189928255093858
Stratified,100,6,P_bubble,0.980505454,0.006696430478165524,3.165573034,0.2462320895564977,1.9609070039999998,0.16307124605979012
Stratified,100,7,P_bubble,0.9817417799999999,0.012662596691955404,2.972120076,1.3768794626280227,1.727057156,0.4617532833115372
Stratified,100,8,P_bubble,0.9664258140000002,0.01788824650348222,4.11538811,2.0463973644851063,2.2428253479999998,0.4131990097794778
Stratified,100,9,P_bubble,0.9860293920000001,0.0032629881966590333,2.8497263580000003,0.5822670263092522,1.8619029059999999,0.38697028768197794
Stratified,100,10,P_bubble,0.97420664,0.014914891823469584,3.718945166,1.2152739115578601,2.194211302,0.6719616631528095
Stratified,100,11,P_bubble,0.9733363319999999,0.015534014223799854,3.952979796,2.117738031793263,2.27965425,0.8675369554025146
Stratified,100,12,P_bubble,0.9806855459999999,0.012538308782762683,3.105571606,1.1564601942996395,1.98628042,0.6395797722645643
Stratified,100,13,P_bubble,0.9713206019999999,0.01582145344000152,4.255909006,2.2504800331317396,2.375681518,0.8715202779882538
Stratified,100,14,P_bubble,0.971563918,0.011296495119939442,3.9977959819999995,1.5486095874824983,2.459364952,0.628737629606592
Stratified,100,15,P_bubble,0.98414018,0.010103225801243884,2.691842784,0.9177540123991336,1.6874744980000003,0.49881663200726234
Stratified,100,16,P_bubble,0.9604014620000001,0.024670464989352308,4.75441995,1.8817453591787945,2.642689182,0.8623290399522213
Stratified,100,17,P_bubble,0.983784404,0.004604886207447914,3.111557104,0.8607461218082065,1.9084980699999998,0.2479365617834979
Stratified,100,18,P_bubble,0.970636488,0.029185027555669263,3.498518608,1.7419789519090698,2.156559114,0.8402154454455848
Stratified,100,19,P_bubble,0.9860292239999999,0.0031635910511227695,2.717647418,0.552729867034214,1.89212988,0.3910818194925498
Stratified,25,0,gamma,0.997898056,0.0011507799424842217,0.27093922800000003,0.07989129567643484,0.181568114,0.052846456398948305
Stratified,25,1,gamma,0.9955300539999999,0.0029129806054596277,0.39672598400000003,0.11560117653155917,0.25869570199999997,0.09662452462061842
Stratified,25,2,gamma,0.99429157,0.004480021433604977,0.429262418,0.1881662718564532,0.28387329400000005,0.12140542344192679
Stratified,25,3,gamma,0.997108364,0.0019275082659495728,0.30824341,0.11920367255025946,0.21731684600000004,0.07815970180887452
Stratified,25,4,gamma,0.9937270079999999,0.00901736430778176,0.395609614,0.283696542404807,0.25980299799999995,0.17867320812728757
Stratified,25,5,gamma,0.994163816,0.004727262221398792,0.437712258,0.1730545037586745,0.27696745999999994,0.10290809123719029
Stratified,25,6,gamma,0.998155676,0.0006168828954866489,0.264004688,0.0468791849034385,0.185904182,0.03340733990407222
Stratified,25,7,gamma,0.9954350719999999,0.002148159907692175,0.401564164,0.11899341185597624,0.278871482,0.07979502855948643
Stratified,25,8,gamma,0.996620972,0.0025905598513788464,0.33663040200000005,0.13986724175115164,0.22167768799999998,0.0832602321813922
Stratified,25,9,gamma,0.995010984,0.004216565075449903,0.40342902399999997,0.1701973492176333,0.26906886399999996,0.1134706441282385
Stratified,25,10,gamma,0.997422134,0.0011900002330184434,0.30637128599999996,0.06882197913684832,0.199237158,0.03548483481147765
Stratified,25,11,gamma,0.993212834,0.0045986198599953995,0.47842822200000007,0.1779791003426861,0.30920433999999997,0.11534751016405773
Stratified,25,12,gamma,0.997846786,0.001020190292986575,0.27884666999999996,0.07405472892773345,0.17512674,0.039147363128774336
Stratified,25,13,gamma,0.9968273419999999,0.0016302800227985157,0.338729826,0.08604775998719166,0.24733525199999998,0.056161557200847416
Stratified,25,14,gamma,0.9977173799999999,0.001556450555321297,0.27951666,0.09295921718033452,0.18774228600000004,0.049958851130587296
Stratified,25,15,gamma,0.99824254,0.0007931722228872882,0.253811366,0.060919524207861175,0.17847176400000003,0.035570132778223136
Stratified,25,16,gamma,0.9958610800000001,0.004727208315189865,0.349826792,0.1878739574509,0.24131271999999998,0.13089269956183852
Stratified,25,17,gamma,0.995388742,0.005869373710192238,0.35378535400000005,0.23117644995287442,0.23279346000000004,0.12733500421095892
Stratified,25,18,gamma,0.997651574,0.0005675451202715333,0.29834118000000004,0.03734769783924413,0.20407753199999998,0.017278805718496177
Stratified,25,19,gamma,0.997258504,0.0014753104201164155,0.31247409400000004,0.08904160922007433,0.21106611400000003,0.0575691057658368
Stratified,50,0,gamma,0.998879978,0.0004765683436150759,0.202029532,0.04722471846240119,0.137475778,0.02709817847983469
Stratified,50,1,gamma,0.998652858,0.0005002451994132436,0.223144746,0.040408169398283615,0.15165054799999997,0.01775185440776755
Stratified,50,2,gamma,0.9987074119999999,0.00035732987635515585,0.220699876,0.03101574323692895,0.15024737999999999,0.00806197148562806
Stratified,50,3,gamma,0.9983526899999999,0.0011191273555230534,0.23511760600000003,0.08083154361558924,0.144574166,0.0279006321176339
Stratified,50,4,gamma,0.999215922,0.000248650875679103,0.171999772,0.028409693105640125,0.12315541999999999,0.015372743453325432
Stratified,50,5,gamma,0.997984542,0.0012020237536321879,0.26619910199999997,0.08443813487074081,0.17672459599999998,0.04712580154612995
Stratified,50,6,gamma,0.9984410159999999,0.0010630959109243427,0.234229066,0.07195122823190293,0.151711608,0.02132836060624388
Stratified,50,7,gamma,0.99842915,0.0009486283530867129,0.232557496,0.07702701630539602,0.157559228,0.042432571899423864
Stratified,50,8,gamma,0.9987766199999999,0.00030040876764835433,0.214923734,0.024899593490784223,0.148243402,0.010478589763179773
Stratified,50,9,gamma,0.99876226,0.0004319837590465633,0.213386824,0.04260079100798556,0.14947073,0.0237458949433581
Stratified,50,10,gamma,0.9989513500000001,0.0003427957170677649,0.196936744,0.03663757372754729,0.14499396199999998,0.025868169966789225
Stratified,50,11,gamma,0.9992817760000001,0.00017657980083802372,0.16494462,0.019187735301700405,0.12219837199999999,0.01241131530465712
Stratified,50,12,gamma,0.9984092460000001,0.0009139311824989939,0.23584683599999998,0.06987599345028894,0.154276856,0.03895494516234959
Stratified,50,13,gamma,0.99881011,0.00048583359270433344,0.20936189,0.042630483500895926,0.15003035199999998,0.02885599014512405
Stratified,50,14,gamma,0.9990668919999999,0.00042975158281965265,0.18363968000000003,0.04501436784661893,0.12388986799999999,0.021512264831454082
Stratified,50,15,gamma,0.9982428240000001,0.0009185546537598978,0.2493179,0.07199054091616787,0.171042556,0.04221668832922194
Stratified,50,16,gamma,0.998913546,0.0005051945385532308,0.198776758,0.04873230154421455,0.14090888399999998,0.02773754723841789
Stratified,50,17,gamma,0.998807972,0.00034812961278234903,0.212264768,0.030356268774193177,0.148384566,0.022807380065976532
Stratified,50,18,gamma,0.998091374,0.0011453137051236166,0.258570518,0.07654521258072157,0.171930048,0.04100946926112231
Stratified,50,19,gamma,0.998467426,0.0007304824261979272,0.23590704599999998,0.05505738664651296,0.16315577,0.02871321405537318
Stratified,75,0,gamma,0.9989177760000001,0.0006720109437977588,0.19591347400000003,0.055902784608572974,0.13909233000000001,0.028040574397936998
Stratified,75,1,gamma,0.9989782119999999,0.00048720241368039116,0.192525012,0.04396536790155015,0.137461898,0.02098443222349311
Stratified,75,2,gamma,0.9991045120000001,0.0001571528839570013,0.18525556999999998,0.016197249026500767,0.135715982,0.008497537836242677
Stratified,75,3,gamma,0.99869445,0.0007162120432944493,0.218163522,0.0551768614136808,0.153320764,0.024984913301613516
Stratified,75,4,gamma,0.998768214,0.0005032115747317358,0.21320997000000003,0.040319867952904806,0.14715019,0.013489959850026243
Stratified,75,5,gamma,0.9989049160000001,0.0005543311509774564,0.199727458,0.046586360522511056,0.14149981800000003,0.020952707325700325
Stratified,75,6,gamma,0.999149518,0.0002783781845906397,0.178822302,0.029093679475913247,0.12988200600000002,0.017404032000626297
Stratified,75,7,gamma,0.99881854,0.0010505917189469745,0.19704317199999996,0.08117768435674977,0.13873675800000002,0.03776199808503538
Stratified,75,8,gamma,0.998990678,0.0006315729909804635,0.188456596,0.05299956181349336,0.13505208400000002,0.02923578880988136
Stratified,75,9,gamma,0.9990999439999999,0.00010309883580332466,0.18601378799999999,0.008845173614168129,0.139948596,0.008176763215186308
Stratified,75,10,gamma,0.9990170519999999,0.0003528712639136354,0.191617142,0.03536160944738653,0.13338954,0.020933912080324593
Stratified,75,11,gamma,0.9989920939999999,0.00038672052226898816,0.193026642,0.034292957371219186,0.136045614,0.019629685794382547
Stratified,75,12,gamma,0.99912318,0.0003072624170965504,0.181439466,0.029583453647839427,0.13149382599999998,0.01657822344614477
Stratified,75,13,gamma,0.998660142,0.0009882940326117512,0.21510424600000003,0.0716299345243388,0.146757064,0.03518711828874231
Stratified,75,14,gamma,0.999068804,0.00042096409997053697,0.184776292,0.042088907537276565,0.130938804,0.020301524625046856
Stratified,75,15,gamma,0.999173632,0.000293292376607355,0.17614974599999997,0.031126290533251534,0.12319651599999999,0.020792336299704853
Stratified,75,16,gamma,0.999009086,0.0002202318382614311,0.194324974,0.02222670635062927,0.136790624,0.013287342182300566
Stratified,75,17,gamma,0.9991374719999999,0.0003934217364305019,0.17656984599999997,0.03876343591181184,0.12866272799999998,0.019130890418703878
Stratified,75,18,gamma,0.99903425,0.00013343204292822337,0.19292748599999998,0.013275120211858879,0.14760413,0.006742487232376493
Stratified,75,19,gamma,0.999212824,0.00016406052158882177,0.173342036,0.01764373007891539,0.125367534,0.01198219682898524
Stratified,100,0,gamma,0.99923504,0.0001441762209242417,0.170610914,0.015543950305939098,0.12487187999999998,0.00928130410753791
Stratified,100,1,gamma,0.9991971960000001,0.00034908374608966485,0.171784952,0.037327061656820724,0.123668964,0.0201005662112833
Stratified,100,2,gamma,0.999201738,0.00020515700859587328,0.174081652,0.021103669077171767,0.13017986399999998,0.014042471961466898
Stratified,100,3,gamma,0.9990906940000001,0.0003563110757526562,0.18346852200000002,0.034171565831092605,0.13507698399999998,0.01376817289479269
Stratified,100,4,gamma,0.9990641659999999,0.00021330472714871214,0.18827851799999998,0.02229891793032604,0.136486614,0.012321852728244402
Stratified,100,5,gamma,0.999168576,0.00039261942573439314,0.17471694200000001,0.04122483759980645,0.13022543999999997,0.02662829741492535
Stratified,100,6,gamma,0.99928803,0.00022528669024156957,0.16346392199999998,0.027050115221748983,0.12034591799999998,0.01924136725163719
Stratified,100,7,gamma,0.9992576,0.00033180980775138213,0.165099104,0.03587195742114589,0.12468109599999999,0.018832892127577855
Stratified,100,8,gamma,0.9991573720000002,0.00029493772172445326,0.17813393000000002,0.030440777633810867,0.125816526,0.01683154116450018
Stratified,100,9,gamma,0.999372582,0.00014653933497870276,0.154220352,0.018238362482834253,0.114077298,0.014297928784394473
Stratified,100,10,gamma,0.9993590539999999,0.00022215442535318178,0.154820096,0.02852548064390404,0.113999,0.01903425836725771
Stratified,100,11,gamma,0.9992189180000001,0.0002292001675741096,0.17134897799999999,0.02501342672130822,0.125823298,0.012495937416890982
Stratified,100,12,gamma,0.999082126,0.0003776969518330824,0.184526196,0.03764145664494487,0.12731504,0.016938522148620874
Stratified,100,13,gamma,0.9991396659999999,0.00037876240048873673,0.176639966,0.040718177430775854,0.125564126,0.024283886877058704
Stratified,100,14,gamma,0.99928744,0.00011477343438271234,0.16486521999999998,0.01285793870128179,0.12446730800000001,0.006293015694330976
Stratified,100,15,gamma,0.9991109440000001,0.00037403938908089386,0.18127249,0.03652453158802122,0.13554881800000002,0.02676585118829693
Stratified,100,16,gamma,0.999010468,0.00019902534968190217,0.194343822,0.01899163518077724,0.14378316399999996,0.01572963098611738
Stratified,100,17,gamma,0.9994023380000001,9.541127971052092e-05,0.151442324,0.01324202285820803,0.109720522,0.010647516288065307
Stratified,100,18,gamma,0.999176874,0.0003642020138659448,0.173387746,0.03824016619220298,0.129268262,0.02284102319426115
Stratified,100,19,gamma,0.999159382,0.00026500920326661537,0.17830718,0.027527876002540405,0.12624527800000002,0.013145247930356282
