feed_id,feed_source,template_name,mixture_size,active_components,CO2,H2,Ar,N2,CH4,O2,CO,H2S,pool_idx,P_bubble
121,Random (Dirichlet),dirichlet,3,"CO2,N2,CH4",0.95,0.0,0.0,0.008752336965285,0.041247663034715,0.0,0.0,0.0,121,21.222707613379807
830,Systematic,systematic_grid,3,"CO2,N2,O2",0.97,0.0,0.0,0.02,0.0,0.01,0.0,0.0,830,27.532855243754312
168,Random (Dirichlet),dirichlet,2,"CO2,H2",0.95,0.05,0.0,0.0,0.0,0.0,0.0,0.0,168,288.670397962824
511,Random (Dirichlet),dirichlet,2,"CO2,H2S",0.95,0.0,0.0,0.0,0.0,0.0,0.0,0.05,511,6.3476123779204485
158,Random (Dirichlet),dirichlet,2,"CO2,H2",0.98,0.02,0.0,0.0,0.0,0.0,0.0,0.0,158,109.68017446534701
828,Systematic,systematic_grid,4,"CO2,H2,N2,CO",0.95,0.02,0.0,0.03,0.0,0.0,0.0,0.0,828,133.76888761653214
835,Systematic,systematic_grid,3,"CO2,Ar,CO",0.95,0.0,0.0,0.0,0.0,0.0,0.05,0.0,835,47.43170148659997
710,Systematic,systematic_grid,4,"CO2,O2,CO,H2S",0.95,0.0,0.0,0.0,0.0,0.05,0.0,0.0,710,26.026547622713522
267,Random (Dirichlet),dirichlet,3,"CO2,H2,H2S",0.95,0.0273659156250218,0.0,0.0,0.0,0.0,0.0,0.0226340843749782,267,149.731658512398
44,Random (Dirichlet),dirichlet,2,"CO2,Ar",0.95,0.0,0.05,0.0,0.0,0.0,0.0,0.0,44,28.18975600527279
743,Systematic,systematic_grid,4,"CO2,H2,CH4,H2S",0.95,0.03,0.0,0.0,0.02,0.0,0.0,0.0,743,161.90750553879067
253,Random (Dirichlet),dirichlet,2,"CO2,H2S",0.98,0.0,0.0,0.0,0.0,0.0,0.0,0.02,253,6.4448347874058785
334,Random (Dirichlet),dirichlet,3,"CO2,N2,H2S",0.95,0.0,0.0,0.0322351994790349,0.0,0.0,0.0,0.0177648005209651,334,33.98721029183701
965,industrial_bound,netl_limits,8,"CO2,O2,H2S,N2,CO,H2,Ar,CH4",0.95,0.0126250213668741,7.075464736006167e-06,3.798811050253337e-06,0.0373405202797816,4.292683696591563e-06,1.269553860675361e-06,1.802184000079169e-05,965,71.9420114502003
722,Systematic,systematic_grid,4,"CO2,H2,O2,CO",0.95,0.04,0.0,0.0,0.0,0.0,0.01,0.0,722,231.8579667411816
364,Random (Dirichlet),dirichlet,4,"CO2,H2,CO,H2S",0.95,0.0085046695194506,0.0,0.0,0.0,0.0,0.0062016348189866,0.0352936956615627,364,53.26820979664706
519,Random (Dirichlet),dirichlet,3,"CO2,H2,O2",0.95,0.0236605666279053,0.0,0.0,0.0,0.0263394333720946,0.0,0.0,519,135.83884332383835
938,industrial_range,post_combustion_unspecified_48,8,"CO2,H2,Ar,N2,CH4,O2,CO,H2S",0.9995589201162975,1e-06,1e-06,0.0003670500789078,1.8574475587429476e-05,5.057553866971429e-05,1.879790537331545e-06,1e-06,938,6.851321388467253
16,Random (Dirichlet),dirichlet,3,"CO2,CH4,H2S",0.95,0.0,0.0,0.0,0.0244546223288794,0.0,0.0,0.0255453776711206,16,10.973545748438388
785,Systematic,systematic_grid,4,"CO2,H2,O2,H2S",0.95,0.04,0.0,0.0,0.0,0.0,0.0,0.01,785,224.60689692503013
60,Random (Dirichlet),dirichlet,4,"CO2,H2,CH4,CO",0.95,0.0236216660157326,0.0,0.0,0.0033982591601177,0.0,0.0229800748241495,0.0,60,145.88662109995224
713,Systematic,systematic_grid,4,"CO2,H2,Ar,N2",0.95,0.0,0.0,0.05,0.0,0.0,0.0,0.0,713,50.0278662459933
854,Systematic,systematic_grid,4,"CO2,H2,Ar,N2",0.95,0.01,0.04,0.0,0.0,0.0,0.0,0.0,854,71.4391013217926
602,Random (Dirichlet),dirichlet,2,"CO2,H2",0.97,0.03,0.0,0.0,0.0,0.0,0.0,0.0,602,165.77241618283816
40,Random (Dirichlet),dirichlet,4,"CO2,H2,N2,O2",0.99,0.0078627853371131,0.0,0.0016207612250229,0.0,0.0005164534378638,0.0,0.0,40,47.26188257430546
288,Random (Dirichlet),dirichlet,3,"CO2,O2,H2S",0.95,0.0,0.0,0.0,0.0,0.0232170328574641,0.0,0.0267829671425358,288,15.404456483536437
502,Random (Dirichlet),dirichlet,4,"CO2,H2,CO,H2S",0.95,0.0177620087506709,0.0,0.0,0.0,0.0,0.0165767693359208,0.0156612219134082,502,109.3209077509293
261,Random (Dirichlet),dirichlet,3,"CO2,H2,N2",0.95,0.0079502692183299,0.0,0.04204973078167,0.0,0.0,0.0,0.0,261,81.73785628280186
804,Systematic,systematic_grid,3,"CO2,CO,H2S",0.95,0.0,0.0,0.0,0.0,0.0,0.03,0.02,804,30.47027768544413
503,Random (Dirichlet),dirichlet,2,"CO2,CH4",0.97,0.0,0.0,0.0,0.03,0.0,0.0,0.0,503,12.120014741146639
644,Random (Dirichlet),dirichlet,4,"CO2,H2,Ar,CO",0.95,0.0337567571767094,0.0109563749044756,0.0,0.0,0.0,0.0052868679188149,0.0,644,193.27602179447933
135,Random (Dirichlet),dirichlet,2,"CO2,H2",0.96,0.04,0.0,0.0,0.0,0.0,0.0,0.0,135,225.31716451575107
842,Systematic,systematic_grid,4,"CO2,H2,Ar,H2S",0.95,0.0,0.02,0.0,0.0,0.0,0.0,0.03,842,15.009789096406475
94,Random (Dirichlet),dirichlet,5,"CO2,H2,Ar,CH4,H2S",0.95,0.0093166669528193,0.0097914559708056,0.0,0.0178796331919409,0.0,0.0,0.0130122438844342,94,58.058493554980906
802,Systematic,systematic_grid,4,"CO2,H2,CH4,CO",0.95,0.01,0.0,0.0,0.0,0.0,0.04,0.0,802,88.02763181328572
23,Random (Dirichlet),dirichlet,5,"CO2,H2,Ar,N2,H2S",0.95,0.0301073585472707,0.0028746715383597,0.0048677075448231,0.0,0.0,0.0,0.0121502623695464,23,170.01776503240376
592,Random (Dirichlet),dirichlet,3,"CO2,H2,H2S",0.97,0.0054653120042021,0.0,0.0,0.0,0.0,0.0,0.0245346879957978,592,33.38789658941768
500,Random (Dirichlet),dirichlet,3,"CO2,H2,H2S",0.95,0.0028506653138464,0.0,0.0,0.0,0.0,0.0,0.0471493346861535,500,20.267564483609124
472,Random (Dirichlet),dirichlet,3,"CO2,H2,O2",0.95,0.0052763353745649,0.0,0.0,0.0,0.044723664625435,0.0,0.0,472,48.66034434830002
560,Random (Dirichlet),dirichlet,2,"CO2,H2S",0.96,0.0,0.0,0.0,0.0,0.0,0.0,0.04,560,6.380058321246654
395,Random (Dirichlet),dirichlet,4,"CO2,H2,N2,O2",0.97,0.0129040391670609,0.0,0.0012663257056568,0.0,0.0158296351272821,0.0,0.0,395,77.66975427587197
22,Random (Dirichlet),dirichlet,2,"CO2,CH4",0.95,0.0,0.0,0.0,0.05,0.0,0.0,0.0,22,15.709107184213027
455,Random (Dirichlet),dirichlet,4,"CO2,H2,CO,H2S",0.97,0.0013397666784542,0.0,0.0,0.0,0.0,0.0271887459795675,0.0014714873419782,455,34.88942607179351
464,Random (Dirichlet),dirichlet,5,"CO2,H2,N2,CH4,H2S",0.95,0.0223492013924113,0.0,0.0116953008400082,0.0002643334766084,0.0,0.0,0.0156911642909719,464,131.0466966159408
691,Random (Dirichlet),dirichlet,5,"CO2,H2,Ar,O2,H2S",0.95,0.0130258684708922,0.0063626214175563,0.0,0.0,0.0006889332418013,0.0,0.0299225768697501,691,74.25612782230415
875,Systematic,systematic_grid,4,"CO2,H2,Ar,H2S",0.95,0.04,0.01,0.0,0.0,0.0,0.0,0.0,875,226.54217734863386
764,Systematic,systematic_grid,3,"CO2,H2,N2",0.96,0.03,0.0,0.01,0.0,0.0,0.0,0.0,764,173.30201084317832
728,Systematic,systematic_grid,4,"CO2,H2,N2,H2S",0.98,0.01,0.0,0.0,0.0,0.0,0.0,0.01,728,56.54683486359395
756,Systematic,systematic_grid,4,"CO2,CH4,O2,CO",0.95,0.0,0.0,0.0,0.02,0.0,0.03,0.0,756,33.913118347731306
771,Systematic,systematic_grid,4,"CO2,Ar,N2,H2S",0.95,0.0,0.0,0.02,0.0,0.0,0.0,0.03,771,23.309964960948825
469,Random (Dirichlet),dirichlet,4,"CO2,H2,O2,H2S",0.95,0.0482319568075563,0.0,0.0,0.0,0.0012995456536879,0.0,0.0004684975387557,469,277.1402979380735
370,Random (Dirichlet),dirichlet,6,"CO2,H2,Ar,N2,CH4,CO",0.95,0.0192867130294925,0.0031294482424871,0.0045684189417881,0.0202459007689522,0.0,0.0027695190172799,0.0,370,111.3463812575119
787,Systematic,systematic_grid,4,"CO2,N2,O2,CO",0.95,0.0,0.0,0.02,0.0,0.0,0.03,0.0,787,48.47052086949125
72,Random (Dirichlet),dirichlet,2,"CO2,O2",0.98,0.0,0.0,0.0,0.0,0.02,0.0,0.0,72,14.356137583029941
211,Random (Dirichlet),dirichlet,4,"CO2,H2,Ar,CH4",0.97,0.0044769887454253,0.0008019616304672,0.0,0.0247210496241073,0.0,0.0,0.0,211,32.411865228818954
442,Random (Dirichlet),dirichlet,4,"CO2,H2,N2,H2S",0.95,0.0341535564871515,0.0,0.0029225157021791,0.0,0.0,0.0,0.0129239278106693,442,191.4480891522777
248,Random (Dirichlet),dirichlet,3,"CO2,CH4,H2S",0.95,0.0,0.0,0.0,0.038416714759196,0.0,0.0,0.0115832852408039,248,13.573200499008895
485,Random (Dirichlet),dirichlet,5,"CO2,H2,Ar,CO,H2S",0.96,0.0209802041833871,0.0118193816051687,0.0,0.0,0.0,0.000242804163459,0.006957610047985,485,118.36229237330906
314,Random (Dirichlet),dirichlet,5,"CO2,H2,N2,CO,H2S",0.96,0.0089064717248086,0.0,0.0191877226426272,0.0,0.0,2.7357913214156638e-05,0.0118784477193499,314,66.73967316630676
738,Systematic,systematic_grid,4,"CO2,CH4,O2,H2S",0.95,0.0,0.0,0.0,0.02,0.03,0.0,0.0,738,21.787718357346282
447,Random (Dirichlet),dirichlet,4,"CO2,H2,CH4,H2S",0.95,0.0254309334092771,0.0,0.0,0.0222364026326943,0.0,0.0,0.0023326639580284,447,136.83485132533423
204,Random (Dirichlet),dirichlet,2,"CO2,Ar",0.98,0.0,0.02,0.0,0.0,0.0,0.0,0.0,204,15.220913290608824
493,Random (Dirichlet),dirichlet,6,"CO2,H2,Ar,N2,O2,H2S",0.95,0.0047197710961127,0.0119410421409621,0.0017200391114678,0.0,0.0188256714962932,0.0,0.012793476155164,493,42.74963813342467
585,Random (Dirichlet),dirichlet,4,"CO2,H2,Ar,H2S",0.99,0.0028042386160321,0.0015529307397454,0.0,0.0,0.0,0.0,0.0056428306442224,585,20.934126804655193
927,industrial_range,oxyfuel_unspecified_48,6,"CO2,H2,N2,O2,CO,H2S",0.952427987783272,0.002405046157987,0.0,0.0257715046403511,0.0,0.0193934614183896,1e-06,1e-06,927,47.54679477181144
819,Systematic,systematic_grid,4,"CO2,H2,CH4,H2S",0.96,0.03,0.0,0.0,0.0,0.0,0.0,0.01,819,165.28589329682455
767,Systematic,systematic_grid,4,"CO2,H2,CH4,H2S",0.95,0.0,0.0,0.0,0.01,0.0,0.0,0.04,767,8.250944498655945
421,Random (Dirichlet),dirichlet,5,"CO2,H2,Ar,N2,CH4",0.95,0.0154617277753283,0.0015221636569258,0.0273676191484274,0.0056484894193183,0.0,0.0,0.0,421,107.92628858828127
388,Random (Dirichlet),dirichlet,5,"CO2,H2,O2,CO,H2S",0.95,0.011763471439445,0.0,0.0,0.0,0.0010734823416034,0.0203604555515199,0.0168025906674316,388,81.29486072111368
209,Random (Dirichlet),dirichlet,3,"CO2,H2,N2",0.96,0.0363128329448459,0.0,0.003687167055154,0.0,0.0,0.0,0.0,209,205.60835993358276
202,Random (Dirichlet),dirichlet,5,"CO2,H2,N2,CH4,H2S",0.95,0.002815028092315,0.0,0.002248540395375,0.0233523939846567,0.0,0.0,0.0215840375276531,202,25.703513775397465
286,Random (Dirichlet),dirichlet,5,"CO2,H2,CH4,CO,H2S",0.95,0.0150583168811016,0.0,0.0,0.0138575580525792,0.0,0.0089292990036314,0.0121548260626876,286,89.52083974807792
506,Random (Dirichlet),dirichlet,5,"CO2,H2,Ar,N2,CH4",0.95,0.0035429469413788,0.0269887507293259,0.0022470751640473,0.0172212271652477,0.0,0.0,0.0,506,39.35844339585379
723,Systematic,systematic_grid,4,"CO2,H2,Ar,O2",0.95,0.02,0.02,0.0,0.0,0.01,0.0,0.0,723,118.14791902043909
219,Random (Dirichlet),dirichlet,3,"CO2,H2,N2",0.97,0.0042644931152625,0.0,0.0257355068847375,0.0,0.0,0.0,0.0,219,49.36704146009818
