T,P,z_carbon dioxide,z_hydrogen,z_argon,rho_l,rho_v,x_carbon dioxide,x_hydrogen,x_argon,y_carbon dioxide,y_hydrogen,y_argon,rhoL1_carbon dioxide,rhoL2_hydrogen,rhoL3_argon,rhoV1_carbon dioxide,rhoV2_hydrogen,rhoV3_argon,gamma0_carbon dioxide,rhoL0_carbon dioxide,rhoV0_carbon dioxide,Tc_carbon dioxide,Pc_carbon dioxide,Psat0_carbon dioxide,gamma_wsd,gamma_cDFT_minus_wsd_corrected,gamma_cDFT_minus_wsd_uncorrected
200.0,2.5488217836,0.95,0.02,0.03,0.027775359164232776,0.00015937614266462396,0.9997350215830242,2.5476095239481094e-05,0.00023950232173622612,0.9409702245123679,0.02362652836153368,0.03540324712609838,0.027767999293530504,7.076076953787882e-07,6.652263006891315e-06,0.00014996820474504638,3.765504954817576e-06,5.642432964759994e-06,19.912634119959,0.02777524771620771,0.00014972642075782548,309.1473760575555,82.3795680252517,2.3922586739869414,19.89656405857207,-0.013973423847680522,-0.01924698127407609
200.0,9.2986546089,0.95,0.02,0.03,0.027783579280420936,0.0005798493686691392,0.9894013777778011,0.0013373611410183567,0.009261261081180461,0.2778453367979309,0.3383690633221479,0.3837855998799213,0.027489111619647243,3.715667928803772e-05,0.00025731098148565427,0.00016110844312994458,0.00019620308774451542,0.0002225378377946792,19.912634119959,0.02777524771620771,0.00014972642075782548,309.1473760575555,82.3795680252517,2.3922586739869414,19.279513019665032,-0.5549735535390816,-0.7614987107834885
200.0,16.0484874342,0.95,0.02,0.03,0.0277985658842494,0.0010048877874746745,0.9811477995485928,0.0030567603063182845,0.015795440145089008,0.17179571134153385,0.44331406983730876,0.3848902188211574,0.02727450174793788,8.49735527675472e-05,0.0004390905835439747,0.0001726354122676318,0.00044548089479520657,0.00038677148041183624,19.912634119959,0.02777524771620771,0.00014972642075782548,309.1473760575555,82.3795680252517,2.3922586739869414,18.803581741502832,-0.9928299369247533,-1.354130132836449
200.0,22.7983202595,0.95,0.02,0.03,0.027819277668298625,0.001431230614741052,0.9746077266648336,0.005099694002576513,0.020292579332589815,0.12867497400922076,0.5173232341731689,0.3540017918176103,0.027112882965758298,0.0001418698034810332,0.0005645248990592941,0.0001841635621530059,0.0007404088504654938,0.0005066582021225523,19.912634119959,0.02777524771620771,0.00014972642075782548,309.1473760575555,82.3795680252517,2.3922586739869414,18.440343312480493,-1.3558843915545964,-1.836326137473403
200.0,29.5481530849,0.95,0.02,0.03,0.02784404425291373,0.0018573424751752595,0.969269742097067,0.007357506098671116,0.02337275180426192,0.10539353064133367,0.5741294784383826,0.3204769909202837,0.02698838959196101,0.0002048627254024812,0.0006507919355502381,0.00019575188106883421,0.0010663550665538262,0.0005952355275525989,19.912634119959,0.02777524771620771,0.00014972642075782548,309.1473760575555,82.3795680252517,2.3922586739869414,18.154460558084182,-1.6686010336242525,-2.2441799780690914
200.0,36.2979859102,0.95,0.02,0.03,0.027871465257076355,0.0022826189226091854,0.9647207333680454,0.009744991367357934,0.02553427526459671,0.09091340823654878,0.6184715702986093,0.2906150214648418,0.0268881804028487,0.00027160718832582563,0.0007116776659018314,0.00020752066595964002,0.0014117349094594227,0.0006633633471901225,19.912634119959,0.02777524771620771,0.00014972642075782548,309.1473760575555,82.3795680252517,2.3922586739869414,17.9185346517036,-1.9471407552614792,-2.6024109694968374
200.0,43.0478187355,0.95,0.02,0.03,0.027900601592512814,0.0027068174612432223,0.960688478800769,0.012206874233591434,0.027104646965639592,0.0811182005545074,0.6535143910969773,0.2653674083485153,0.02680378650153745,0.0003405791346813448,0.0007562359562940216,0.00021957216168557025,0.0017689441649950304,0.0007183011345626216,19.912634119959,0.02777524771620771,0.00014972642075782548,309.1473760575555,82.3795680252517,2.3922586739869414,17.714870921350354,-2.2011218416052323,-2.9260171007173454
200.0,49.7976515608,0.95,0.02,0.03,0.027930865740423593,0.003129801385196321,0.9570043812874784,0.014709288864476072,0.028286329848045615,0.07411988759141092,0.6815900068701705,0.2442901055384186,0.026729960886737708,0.00041084317241078897,0.0007900616812750986,0.00023198052685419348,0.002133241347638229,0.0007645795107038979,19.912634119959,0.02777524771620771,0.00014972642075782548,309.1473760575555,82.3795680252517,2.3922586739869414,17.532636301656908,-2.4362240950676117,-3.223918028544926
200.0,56.5474843862,0.95,0.02,0.03,0.02796189173816114,0.0035514525010092806,0.9535640955756685,0.01723147699781276,0.02920442742651872,0.06892900204191804,0.7043995265052568,0.22667147145282512,0.026663456005884382,0.0004818246943014543,0.0008166110379753004,0.0002447980766938436,0.0025016414601168476,0.0008050129641985895,19.912634119959,0.02777524771620771,0.00014972642075782548,309.1473760575555,82.3795680252517,2.3922586739869414,17.365174172301145,-2.6559255240857524,-3.501560937497622
200.0,63.2973172115,0.95,0.02,0.03,0.027993446789790145,0.003971646320691299,0.9503015258677067,0.019760429380374055,0.029938044751919343,0.06497612892257823,0.7231758793712456,0.21184799170617608,0.026602215198634028,0.000553162528402907,0.0008380690627532103,0.0002580622033681213,0.0028721988205175023,0.000841385296805675,19.912634119959,0.02777524771620771,0.00014972642075782548,309.1473760575555,82.3795680252517,2.3922586739869414,17.208287629878935,-2.8624661899515544,-3.762418062441405
211.0777777778,4.3747328722,0.95,0.02,0.03,0.02697981487700986,0.0002643911179892159,0.9995210071187082,5.250487515914677e-05,0.00042648800613263264,0.9381124391919395,0.024788413545318463,0.03709914726274195,0.026966891737745198,1.4165718119342933e-06,1.1506567452723473e-05,0.0002480285965975472,6.553836370425771e-06,9.808685021242902e-06,17.324916275101526,0.02697981287155117,0.0002473766437044414,309.1473760575555,82.3795680252517,4.087196256561205,17.299037601158666,-0.018725516915480966,-0.027015603672175814
211.0777777778,10.5252210407,0.95,0.02,0.03,0.026983109104402846,0.0006315236855882729,0.9900980606076798,0.0013657364438347276,0.008536202948485441,0.41573245710359163,0.2682833846066294,0.3159841582897789,0.026715923993434684,3.68518154718516e-05,0.00023033329549630792,0.0002625448935287288,0.00016942731182887475,0.0001995514802306694,17.324916275101526,0.02697981287155117,0.0002473766437044414,309.1473760575555,82.3795680252517,4.087196256561205,16.797110800315384,-0.3857149357531675,-0.5537023096590694
211.0777777778,16.6757092092,0.95,0.02,0.03,0.026992767193423476,0.0010017890658385173,0.9822284161137617,0.0030416125843440644,0.014729971301894242,0.27706557566128215,0.3740938106602904,0.34884061367842756,0.026513062966923847,8.210154038178646e-05,0.00039760268611784016,0.00027756126421772686,0.00037476308911734346,0.00034946471250344704,17.324916275101526,0.02697981287155117,0.0002473766437044414,309.1473760575555,82.3795680252517,4.087196256561205,16.39023978041228,-0.6964861298697524,-0.9930368266268506
211.0777777778,22.8261973778,0.95,0.02,0.03,0.027008150777610495,0.001372818063929132,0.9757163586876126,0.005027285758901058,0.019256355553486308,0.21314600811928447,0.44901502471099686,0.3378389671697187,0.026352294531616124,0.00013577769177853377,0.0005200785542158354,0.00029261069020053914,0.0006164159368988421,0.0004637914368297508,17.324916275101526,0.02697981287155117,0.0002473766437044414,309.1473760575555,82.3795680252517,4.087196256561205,16.064082910276476,-0.9636207224407354,-1.3634238249840838
211.0777777778,28.9766855463,0.95,0.02,0.03,0.027027967335905675,0.0017434372181406794,0.9702399685186397,0.007240975427414386,0.02251905605394591,0.17647213191493574,0.5076223531369608,0.3159055149481035,0.026223614177111942,0.00019570884733225165,0.000608644311461479,0.00030766808274513055,0.0008850077032191285,0.0005507614321764204,17.324916275101526,0.02697981287155117,0.0002473766437044414,309.1473760575555,82.3795680252517,4.087196256561205,15.798191091327796,-1.1988803941016943,-1.6834560449525782
211.0777777778,35.1271737148,0.95,0.02,0.03,0.02705094242399471,0.002113156732932861,0.965496911675425,0.00960817934114996,0.024894908983425057,0.15277076215858149,0.5546009216002404,0.2926283162411781,0.026117601368276625,0.000259910306156863,0.0006734307495612199,0.00032282856465069116,0.0011719586715703177,0.0006183694967118519,17.324916275101526,0.02697981287155117,0.0002473766437044414,309.1473760575555,82.3795680252517,4.087196256561205,15.574293995146213,-1.4110633393364935,-1.967627772437524
211.0777777778,41.2776618834,0.95,0.02,0.03,0.027076104372049534,0.0024817994834272924,0.9612617175925686,0.012074206799764427,0.026664075607666954,0.1362712382442288,0.5926875881717958,0.2710411735839754,0.02602722259439199,0.0003269224835201318,0.0007219592941374105,0.0003381978886805245,0.0014709317501585305,0.0006726698445882372,17.324916275101526,0.02697981287155117,0.0002473766437044414,309.1473760575555,82.3795680252517,4.087196256561205,15.379100862401742,,
211.0777777778,47.4281500519,0.95,0.02,0.03,0.02710278519610433,0.002849297378906116,0.9573813357017369,0.014602297086291969,0.02801636721197118,0.12419284252732271,0.6238828038944718,0.2519243535782056,0.025947700692283627,0.00039576292129947136,0.0007593215825212353,0.0003538623406920006,0.0017776276378811168,0.0007178074003329987,17.324916275101526,0.02697981287155117,0.0002473766437044414,309.1473760575555,82.3795680252517,4.087196256561205,15.20372016431035,,
211.0777777778,53.5786382204,0.95,0.02,0.03,0.027130540179274333,0.003215607662834388,0.9537547037438583,0.01716835112787445,0.02907694512826716,0.11502849360885062,0.6497024440867961,0.2352690623043533,0.025875880311094637,0.0004657866400866875,0.0007888732280930073,0.0003698865054929165,0.002089188157767732,0.0007565329995737395,17.324916275101526,0.02697981287155117,0.0002473766437044414,309.1473760575555,82.3795680252517,4.087196256561205,15.04233506171842,-1.9575301411364094,-2.6868971771076797
211.0777777778,59.729126389,0.95,0.02,0.03,0.027159072900674135,0.0035806846228323475,0.9503148439775853,0.01975649755351032,0.029928658468904367,0.10788937022912119,0.6712940159657812,0.22081661380509765,0.025809670126180004,0.0005365681573177769,0.000812834617176352,0.00038631780894648034,0.002403692160368045,0.0007906746535178222,17.324916275101526,0.02697981287155117,0.0002473766437044414,309.1473760575555,82.3795680252517,4.087196256561205,14.891114758681534,-2.1180942650376657,-2.896643989712098
222.1555555556,7.055597797,0.95,0.02,0.03,0.02613710902809135,0.00041585143485602517,0.9992128473307346,9.757018891501921e-05,0.0006895824803504951,0.9380639362855248,0.024827127126002005,0.037108936588473335,0.026116535132953006,2.5502026655633273e-06,1.8023692472782552e-05,0.00039009523389102647,1.0324396438700879e-05,1.543180452629789e-05,14.80844964881461,0.02613751915071385,0.00038856268819866414,309.1473760575555,82.3795680252517,6.578834446362182,14.770925895095793,-0.0231542893585317,-0.03479042251765563
222.1555555556,12.6808005457,0.95,0.02,0.03,0.02613539230305531,0.0007400854545124521,0.9905624612969135,0.0014222859987190978,0.008015252704367325,0.5520333627510466,0.2022697669834231,0.2456968702655301,0.025888738526674875,3.7172002543666445e-05,0.00020948177383676506,0.0004085518621776457,0.00014969691243205447,0.00018183667990275183,14.80844964881461,0.02613751915071385,0.00038856268819866414,309.1473760575555,82.3795680252517,6.578834446362182,14.364066380861008,-0.27693374024198647,-0.41378672801379324
222.1555555556,18.3060032944,0.95,0.02,0.03,0.026139607263011268,0.0010664528370357975,0.983082130922213,0.003070142099064189,0.01384772697872279,0.4008508129392971,0.30102838130991216,0.29812080575079064,0.025697380809590872,8.025230871117493e-05,0.0003619741447092193,0.00042748848668721913,0.0003210325712762497,0.0003179317790723286,14.80844964881461,0.02613751915071385,0.00038856268819866414,309.1473760575555,82.3795680252517,6.578834446362182,14.021255785116683,-0.49879420484762704,-0.7400861195488382
222.1555555556,23.9312060431,0.95,0.02,0.03,0.02614938548429253,0.001393205518357866,0.976666703765045,0.005008548155724726,0.018324748079230176,0.32049618128783147,0.37389361456743614,0.3056102041447324,0.025539234126425503,0.00013097045644068828,0.000479180901426339,0.0004465170483828298,0.000520910647094121,0.0004257778228809151,14.80844964881461,0.02613751915071385,0.00038856268819866414,309.1473760575555,82.3795680252517,6.578834446362182,13.735108332650682,-0.694673772723025,-1.022815758427532
222.1555555556,29.5564087918,0.95,0.02,0.03,0.026163777035031838,0.0017194370581034334,0.9711186800846108,0.00717813082478096,0.02170318909060834,0.2707555309884638,0.43239242626737234,0.29685204274416394,0.025408132620288168,0.00018780701442785823,0.000567837400315812,0.00046554709366803716,0.0007434715613673764,0.0005104184030680199,14.80844964881461,0.02613751915071385,0.00038856268819866414,309.1473760575555,82.3795680252517,6.578834446362182,13.494151304838216,-0.8703622164029223,-1.2716817552133026
222.1555555556,35.1816115404,0.95,0.02,0.03,0.02618169984599937,0.0020447521616003706,0.9662274231475642,0.009517331024781053,0.024255245827654925,0.23701336506282586,0.48057854101891906,0.2824080939182551,0.02529747637582295,0.00024917990422583514,0.0006350435659505898,0.00048463359054039094,0.0009826640105671872,0.0005774545604927926,14.80844964881461,0.02613751915071385,0.00038856268819866414,309.1473760575555,82.3795680252517,6.578834446362182,13.28687147951763,-1.0305684361807526,-1.4949848638460619
222.1555555556,40.8068142891,0.95,0.02,0.03,0.026202223613759432,0.002369018968032594,0.9618169374280043,0.01197551560966274,0.026207546962332868,0.21269183632692315,0.5206811524821623,0.2666270111909146,0.025201742469989834,0.00031378513789444973,0.0006866960058751476,0.0005038709946041649,0.0012335035265273137,0.0006316444469011153,14.80844964881461,0.02613751915071385,0.00038856268819866414,309.1473760575555,82.3795680252517,6.578834446362182,13.103937118669064,-1.178715401310292,-1.69892712920897
222.1555555556,46.4320170378,0.95,0.02,0.03,0.026224645056030057,0.002692211626330848,0.9577562931514368,0.014515378565944679,0.02772832828261845,0.19439384021323017,0.5543033919370393,0.2513027678497305,0.0251168188380755,0.00038066065074580577,0.0007271655672087483,0.0005233493567091594,0.001492302036287522,0.0006765602333341665,14.80844964881461,0.02613751915071385,0.00038856268819866414,309.1473760575555,82.3795680252517,6.578834446362182,12.93853015303538,-1.3171502039571052,-1.887829278315012
222.1555555556,52.0572197865,0.95,0.02,0.03,0.0262484611669282,0.0030143340476338747,0.9539528041893701,0.017110682571742163,0.028936513238887723,0.18018644678843676,0.5826981781148379,0.2371153750967254,0.025039793135846942,0.0004491290870240093,0.0007595389440572482,0.0005431421414765544,0.001756446957785784,0.0007147449483715367,14.80844964881461,0.02613751915071385,0.00038856268819866414,309.1473760575555,82.3795680252517,6.578834446362182,12.785880637482892,-1.447450791385867,-2.064623828395611
222.1555555556,57.6824225351,0.95,0.02,0.03,0.026273318431743544,0.003335389778587582,0.9503417948236558,0.019743206428212593,0.029914998748131548,0.16888768117289654,0.6068568171199643,0.2242555017071392,0.024968632594396595,0.0005187195493520755,0.0007859662879948696,0.0005633062455134375,0.0020241040248881225,0.0007479795081860221,14.80844964881461,0.02613751915071385,0.00038856268819866414,309.1473760575555,82.3795680252517,6.578834446362182,12.642687272681977,-1.570712539345985,-2.23133081583007
233.2333333333,10.8206256333,0.95,0.02,0.03,0.025232088795232182,0.0006281078235036387,0.9987778333482226,0.00017036332963165393,0.0010518033221457363,0.9393129814398063,0.024344590167120365,0.03634242839307332,0.02520125097775196,4.298622660717302e-06,2.6539194819501417e-05,0.0005899898323608705,1.5291027543958057e-05,2.2826963598810124e-05,12.372607922926212,0.02523354004865823,0.0005866857160875719,309.1473760575555,82.3795680252517,10.078945843410269,12.321820746415815,-0.027442424662261544,-0.0425201705859628
233.2333333333,15.9627329076,0.95,0.02,0.03,0.025225051507146524,0.0009168310861680299,0.9908067763806069,0.0015136693456196375,0.007679554273773481,0.6687085486416965,0.14743096223918917,0.1838604891191145,0.024993151967830616,3.818238720804413e-05,0.0001937171521078633,0.0006130927849810134,0.0001351692892445536,0.000168569011942463,12.372607922926212,0.02523354004865823,0.0005866857160875719,309.1473760575555,82.3795680252517,10.078945843410269,11.994902807803717,-0.20580606122138612,-0.3171010446972229
233.2333333333,21.104840182,0.95,0.02,0.03,0.025223486197526405,0.0012069094466583363,0.9837165234693893,0.0031447686365787225,0.013138707894032042,0.5273997695544256,0.2312621327896454,0.24133809765592898,0.0248127601520088,7.932202829915734e-05,0.00033140401721844844,0.0006365237640406659,0.00027911245271817765,0.00029127322989949277,12.372607922926212,0.02523354004865823,0.0005866857160875719,309.1473760575555,82.3795680252517,10.078945843410269,11.710774198206893,-0.36527422025251255,-0.5591228669533415
233.2333333333,26.2469474563,0.95,0.02,0.03,0.02522720295687372,0.0014970903294681448,0.9774512716638852,0.005043945271437827,0.017504783064676944,0.4408919229760132,0.2973732436133756,0.2617348334106111,0.024658361610719142,0.00012724463106592558,0.0004415967150886512,0.0006600550342280036,0.00044519460725615936,0.00039184068798398176,12.372607922926212,0.02523354004865823,0.0005866857160875719,309.1473760575555,82.3795680252517,10.078945843410269,11.46554133211288,-0.5087818782047719,-0.7732793362562767
233.2333333333,31.3890547307,0.95,0.02,0.03,0.025235538401781856,0.0017866776042466345,0.971893209468449,0.00716956723224543,0.02093722329930569,0.382605421915092,0.35251945071818924,0.2648751273667189,0.024526248409972064,0.00018092788921348642,0.0005283621025963106,0.0006835925385990293,0.0006298386076595139,0.00047324645798809154,12.372607922926212,0.02523354004865823,0.0005866857160875719,309.1473760575555,82.3795680252517,10.078945843410269,11.25294154471145,-0.6392477764373918,-0.9646786651190578
233.2333333333,36.531162005,0.95,0.02,0.03,0.02524763055709538,0.0020753539495809506,0.9669025372127433,0.009473375840728453,0.023624086946528188,0.3407436273795013,0.3994349197694305,0.25982145285106817,0.024411998044265512,0.00023918029335522482,0.0005964522194746431,0.0007071636328765877,0.0008289688383440378,0.0005392214783603251,12.372607922926212,0.02523354004865823,0.0005866857160875719,309.1473760575555,82.3795680252517,10.078945843410269,11.066105486813353,-0.7592277948375941,-1.138025037014108
233.2333333333,41.6732692794,0.95,0.02,0.03,0.025262650704002177,0.0023630198892210705,0.962349827646729,0.011911356641225331,0.025738815712045608,0.309285409990809,0.4396424404935321,0.25107214951565876,0.024311507550896012,0.00030091244223807214,0.0006502307108680913,0.0007308475752541749,0.0010388838310319073,0.000593288482934988,12.372607922926212,0.02523354004865823,0.0005866857160875719,309.1473760575555,82.3795680252517,10.078945843410269,10.898911820650268,-0.8707282973270267,-1.2971282370599813
233.2333333333,46.8153765537,0.95,0.02,0.03,0.025279910590001925,0.0026496759620716066,0.9581297978200236,0.014448049418683538,0.02742215276129289,0.28483952194289014,0.47424722540113534,0.2409132526559745,0.024221435622506816,0.0003652453975042491,0.0006932295699908587,0.0007547324343400439,0.0012566014732245433,0.0006383420545070192,12.372607922926212,0.02523354004865823,0.0005866857160875719,309.1473760575555,82.3795680252517,10.078945843410269,10.746493037139588,-0.975211877175111,-1.44483283794108
233.2333333333,51.9574838281,0.95,0.02,0.03,0.02529887932799175,0.0029353562453769484,0.954162295201406,0.017056633977278576,0.028781070821315428,0.2653500813113435,0.5041500207497214,0.23049989793893513,0.024139236765620013,0.0004315137247328947,0.0007281288376388435,0.0007788970183885333,0.0014798599120146127,0.0006765993149738024,12.372607922926212,0.02523354004865823,0.0005866857160875719,309.1473760575555,82.3795680252517,10.078945843410269,10.605198812538958,-1.0737358244892619,-1.5832067760708792
233.2333333333,57.0995911024,0.95,0.02,0.03,0.025319161136965997,0.0032200975918216857,0.9503881017425926,0.01971738540268611,0.029894512854721274,0.24949743889065282,0.5301039946452296,0.22039856646411768,0.024063029490675937,0.0004992276582102708,0.0007569039880797893,0.0008034061021374694,0.0017069865965721597,0.0007097048931120571,12.372607922926212,0.02523354004865823,0.0005866857160875719,309.1473760575555,82.3795680252517,10.078945843410269,10.472360927680338,-1.1670538966315647,-1.713729201074342
244.3111111111,15.9245424553,0.95,0.02,0.03,0.024244575406416533,0.0009205433626659037,0.9981655307823868,0.00028667664134996855,0.0015477925762633015,0.9411053571038248,0.023640424359989386,0.035254218536185725,0.02420009947913936,6.95035344846754e-06,3.7525573828707327e-05,0.000866328290051251,2.1762035735193575e-05,3.245303687945904e-05,10.029783714094915,0.024248328319140908,0.0008595708347877037,309.1473760575555,82.3795680252517,14.817630099713131,9.964366765456138,-0.031873240317889184,-0.050186158907564504
244.3111111111,20.600612858,0.95,0.02,0.03,0.024231673986355406,0.0011790947998518526,0.9908169119012753,0.0016529285896808544,0.007530159509043807,0.7590095348884033,0.10584960348220385,0.135140861629393,0.024009152389359127,4.005322670787269e-05,0.00018246837028840362,0.0008949441956248896,0.00012480671703224712,0.00015934388719471607,10.029783714094915,0.024248328319140908,0.0008595708347877037,309.1473760575555,82.3795680252517,14.817630099713131,9.705741462517063,-0.15872854165525574,-0.2486832828825829
244.3111111111,25.2766832606,0.95,0.02,0.03,0.024223738834757043,0.0014383621564948899,0.9841229236393417,0.003274445627953106,0.012602630732705119,0.6421873396273798,0.1708762098430196,0.18693645052960053,0.023839136683536963,7.931931572014807e-05,0.0003052828354999316,0.0009236979667001543,0.000245781873683479,0.0002688823161112565,10.029783714094915,0.024248328319140908,0.0008595708347877037,309.1473760575555,82.3795680252517,14.817630099713131,9.475081777623183,-0.2739462701303701,-0.4268098944736405
244.3111111111,29.9527536633,0.95,0.02,0.03,0.02422069939669438,0.0016974920544136844,0.9780553785352624,0.005139530921643177,0.01680509054309453,0.561113238437609,0.2259868729953746,0.2128998885670163,0.023689185316822722,0.00012448303349313502,0.0004070310463785241,0.0009524852638741724,0.00038361092131144277,0.000361395869228069,10.029783714094915,0.024248328319140908,0.0008595708347877037,309.1473760575555,82.3795680252517,14.817630099713131,9.2703381730692,-0.37899069173549194,-0.5869892023748129
244.3111111111,34.6288240659,0.95,0.02,0.03,0.024222122340527126,0.0019559715152201573,0.9725468551194677,0.007220072339153531,0.02023307254137881,0.5016696027521153,0.2741210299452977,0.22420936730258717,0.023557148906598657,0.00017488547550643268,0.0004900879584220376,0.0009812514530349492,0.000536172926295814,0.0004385471358893942,10.029783714094915,0.024248328319140908,0.0008595708347877037,309.1473760575555,82.3795680252517,14.817630099713131,9.088199410025908,-0.4753787742513307,-0.7319213292894222
244.3111111111,39.3048944686,0.95,0.02,0.03,0.024227366776428495,0.002213554603216049,0.9675096475633661,0.009480235466778427,0.02301011696985557,0.45628963377762816,0.31662029355384214,0.22709007266852957,0.02344021109125074,0.00022968114178054675,0.0005574745433972124,0.001010022019248234,0.000700856308267724,0.0005026762757000908,10.029783714094915,0.024248328319140908,0.0008595708347877037,309.1473760575555,82.3795680252517,14.817630099713131,8.924798908496594,-0.5645102025252733,-0.864217665591319
244.3111111111,43.9809648712,0.95,0.02,0.03,0.02423574795668613,0.002470168101642846,0.9628547171530951,0.011884162563700017,0.02526112028320483,0.42056643414278766,0.3542583662203082,0.22517519963690427,0.023335504243828728,0.0002880215685701185,0.000612222144287284,0.0010388697902411908,0.0008750777159775148,0.0005562205954241407,10.029783714094915,0.024248328319140908,0.0008595708347877037,309.1473760575555,82.3795680252517,14.817630099713131,8.776405002741745,-0.6475627649500808,-0.9861414107189201
244.3111111111,48.6570352739,0.95,0.02,0.03,0.024246641988858522,0.002725829378142539,0.9585031389598483,0.014400385076105287,0.02709647596404639,0.3917643805459535,0.3876177139412818,0.22061790551276467,0.023240482455556554,0.00034916098144202606,0.0006569985518599429,0.0010678828578019734,0.0010565797521495967,0.0006013667681909687,10.029783714094915,0.024248328319140908,0.0008595708347877037,309.1473760575555,82.3795680252517,14.817630099713131,8.639806870158285,-0.7254610207078223,-1.0995076466727323
244.3111111111,53.3331056765,0.95,0.02,0.03,0.024259528218597944,0.0029805920361467716,0.9543901699243845,0.01700326885864867,0.02860656121696678,0.368096666563572,0.4172073679607174,0.21469596547571068,0.023153055258833093,0.0004124912806847951,0.0006939816790800552,0.0010971459928915562,0.00124352495836547,0.0006399210848897455,10.029783714094915,0.024248328319140908,0.0008595708347877037,309.1473760575555,82.3795680252517,14.817630099713131,8.512422222845455,-0.798910957054054,-1.2057153682380415
244.3111111111,58.0091760792,0.95,0.02,0.03,0.02427399246133454,0.0032345164071965584,0.9504649050955095,0.019672764492136393,0.029862330412354084,0.348346651865577,0.4434893117676641,0.20816403636675893,0.023071577941051448,0.00047753653697572867,0.0007248779833073642,0.0011267329608511964,0.0014344734553288193,0.0006733099910165428,10.029783714094915,0.024248328319140908,0.0008595708347877037,309.1473760575555,82.3795680252517,14.817630099713131,8.392249494463837,-0.8684421055816731,-1.3058184599760043
255.3888888889,22.6842052231,0.95,0.02,0.03,0.023145588780565912,0.001322971714266535,0.997241076249512,0.0004834541138551922,0.0022754696366329235,0.9420365687139276,0.023289905405307027,0.03467352588076525,0.02308173186596018,1.1189830113565173e-05,5.266708449216939e-05,0.0012462877342132293,3.0811886079164476e-05,4.5872093974141075e-05,7.796626221595734,0.023154359338221058,0.0012325538115126164,309.1473760575555,82.3795680252517,21.043603896923365,7.713976140768557,-0.037477598127834355,-0.05881874872053228
255.3888888889,26.8883430316,0.95,0.02,0.03,0.02312602754615133,0.001555221201863615,0.9904946758247514,0.0018754124662499533,0.007629911708998783,0.8239943956058782,0.07639752782484141,0.09960807656928049,0.02290620715743943,4.337084035489202e-05,0.00017644954835700842,0.001281493554263057,0.00011881505504315884,0.00015491259255739939,7.796626221595734,0.023154359338221058,0.0012325538115126164,309.1473760575555,82.3795680252517,21.043603896923365,7.514618667075873,-0.12799665890257472,-0.2001110157258008
255.3888888889,31.09248084,0.95,0.02,0.03,0.023110850395171,0.0017876885690863633,0.9842205732636162,0.0034913512300706476,0.012288075506313091,0.7365416782259594,0.12297631293432663,0.14048200883971398,0.022746174424544872,8.068809595515898e-05,0.000283987874670967,0.001316707138820234,0.0002198433489010832,0.00025113808136504614,7.796626221595734,0.023154359338221058,0.0012325538115126164,309.1473760575555,82.3795680252517,21.043603896923365,7.332790239205985,-0.21109077583946156,-0.3286530677646775
255.3888888889,35.2966186484,0.95,0.02,0.03,0.0231000637006297,0.002019816642781807,0.9784057462519222,0.005324476895581225,0.016269776852496646,0.6693040501728769,0.1650185416877043,0.16567740813941886,0.022601235063481544,0.00012299575546045739,0.0003758328816877031,0.0013518714596204465,0.0003333071968684086,0.00033463798629295225,7.796626221595734,0.023154359338221058,0.0012325538115126164,309.1473760575555,82.3795680252517,21.043603896923365,7.16745414724441,-0.2875014260010271,-0.44569328472244685
255.3888888889,39.5007564568,0.95,0.02,0.03,0.023093412769550636,0.002251248941751075,0.9730140309676847,0.0073566624023386675,0.019629306629976688,0.6160864012628161,0.20344384620027195,0.180469752536912,0.02247021464770107,0.00016989044146344085,0.0004533076803861286,0.001386963858870143,0.0004580027434641307,0.0004062823394168015,7.796626221595734,0.023154359338221058,0.0012325538115126164,309.1473760575555,82.3795680252517,21.043603896923365,7.016949084268353,-0.3580240577493319,-0.552634993113827
255.3888888889,43.7048942653,0.95,0.02,0.03,0.023090461788745527,0.002481806571538439,0.967994386285085,0.009562938331657032,0.022442675383257865,0.5729762127919704,0.2386804515130376,0.18834333569499198,0.022351437388235935,0.0002208126621352566,0.0005182117383743356,0.0014220161302423192,0.0005923587130628185,0.00046743172823330133,7.796626221595734,0.023154359338221058,0.0012325538115126164,309.1473760575555,82.3795680252517,21.043603896923365,6.87925408181398,-0.423427594172221,-0.6508821661292599
255.3888888889,47.9090320737,0.95,0.02,0.03,0.02309069438173349,0.0027114396504812504,0.963290538201922,0.011916209516706822,0.02479325228137117,0.5373896696995415,0.2709646645392394,0.19164566576121916,0.022243047418436152,0.0002751535521389814,0.0005724934111583583,0.0014570996581823594,0.0007347043353110445,0.0005196356569878467,7.796626221595734,0.023154359338221058,0.0012325538115126164,309.1473760575555,82.3795680252517,21.043603896923365,6.752289128672325,-0.48440184921260343,-0.741720788814412
255.3888888889,52.1131698821,0.95,0.02,0.03,0.023093594804555452,0.0029401758009845193,0.9588483695518137,0.014390712204038899,0.026760918244147388,0.5075560981399307,0.30048050712262436,0.19196339473744486,0.02214325572543823,0.0003323332765890454,0.0006180058025281753,0.0014923041573931483,0.0008834655157094966,0.0005644061278818744,7.796626221595734,0.023154359338221058,0.0012325538115126164,309.1473760575555,82.3795680252517,21.043603896923365,6.634132530425016,-0.5415253503509776,-0.8262475013245973
255.3888888889,56.3173076905,0.95,0.02,0.03,0.02309869598532977,0.0031680798127947415,0.9546200020362334,0.016963844220225583,0.028416153743540902,0.4822231609045042,0.3274118458229641,0.19036499327253154,0.022050477208549843,0.00039184268038548433,0.0006563760963944418,0.00152772146132363,0.0010372668592215969,0.000603091492249514,7.796626221595734,0.023154359338221058,0.0012325538115126164,309.1473760575555,82.3795680252517,21.043603896923365,6.523128824067095,-0.5952656784215087,-0.9053572039731757
255.3888888889,60.5214454989,0.95,0.02,0.03,0.02310559905962587,0.0033952278011903287,0.9505651907563134,0.019616732689294814,0.029818076554391837,0.46048058505217765,0.3519530399414593,0.18756637500636308,0.021963378177652162,0.00045325636037870233,0.0006889645215950083,0.0015634364842775413,0.0011949607459226929,0.0006368305709900947,7.796626221595734,0.023154359338221058,0.0012325538115126164,309.1473760575555,82.3795680252517,21.043603896923365,6.417913089524939,-0.6460008708640084,-0.9797689410694748
266.4666666667,31.4754256737,0.95,0.02,0.03,0.02188967183880707,0.0018825889941289093,0.9957742047256676,0.000833812370606152,0.0033919829037264058,0.9419397841885079,0.023374905353404005,0.03468531045808817,0.02179717056699395,1.825187916770645e-05,7.424939264541493e-05,0.001773285470845445,4.400533955712331e-05,6.529818372634114e-05,5.696348658300079,0.021909696187411315,0.0017447448301626594,309.1473760575555,82.3795680252517,29.02721421241045,5.593192501704865,-0.04494178472408983,-0.06867777460007574
266.4666666667,35.1757613535,0.95,0.02,0.03,0.021862308814346545,0.0020911841916447472,0.989649382145805,0.002251012822068753,0.008099605032126244,0.8686310095069424,0.05642470804794849,0.0749442824451091,0.021636020410398846,4.921233746112079e-05,0.0001770760664865792,0.0018164674354533361,0.00011799445748804003,0.0001567222987033711,5.696348658300079,0.021909696187411315,0.0017447448301626594,309.1473760575555,82.3795680252517,29.02721421241045,5.445920204011106,-0.1086033680399634,-0.16556155940864503
266.4666666667,38.8760970333,0.95,0.02,0.03,0.021838625462803546,0.002299685489364618,0.983846142069215,0.0038602580507268915,0.012293599880058171,0.8086533497606886,0.08740202341500017,0.10394462682431119,0.021485847409673794,8.430272975959667e-05,0.000268475323370157,0.0018596483743707466,0.00020099716498858246,0.00023903995000528866,5.696348658300079,0.021909696187411315,0.0017447448301626594,309.1473760575555,82.3795680252517,29.02721421241045,5.308866331600348,-0.16742800919431833,-0.2545947610136965
266.4666666667,42.5764327131,0.95,0.02,0.03,0.021818670304591142,0.0025077392062511595,0.9783591534153313,0.005657748218719455,0.01598309836594919,0.7587605131389755,0.11671674012669599,0.12452274673432853,0.021346495807848018,0.00012344454305062758,0.00034872995369249476,0.001902773486953857,0.00029269514524154344,0.0003122705740557592,5.696348658300079,0.021909696187411315,0.0017447448301626594,309.1473760575555,82.3795680252517,29.02721421241045,5.181545773060559,-0.22180288925672453,-0.33641625670445485
266.4666666667,46.2767683929,0.95,0.02,0.03,0.02180232029054704,0.002715109008987561,0.9731708563694809,0.00763259202371544,0.019196551606803728,0.7166652628908489,0.14454204725332884,0.13879268985582233,0.021217382707993372,0.00016640821594811865,0.00041852936660555034,0.0019458243117033826,0.00039244741467501886,0.00037683728260915964,5.696348658300079,0.021909696187411315,0.0017447448301626594,309.1473760575555,82.3795680252517,29.02721421241045,5.063198701414964,-0.27214307305518837,-0.4117293382017735
266.4666666667,49.9771040726,0.95,0.02,0.03,0.021789316696757283,0.0029216706786834,0.9682546251149329,0.009768867800774898,0.0219765070842923,0.6807151729194296,0.1709255132746082,0.14835931380596207,0.02109760666972927,0.0002128569542798391,0.00047885307274817495,0.001988825561253598,0.0004993880603733331,0.00043345705705646876,5.696348658300079,0.021909696187411315,0.0017447448301626594,309.1473760575555,82.3795680252517,29.02721421241045,4.952879447029674,-0.3188665964452264,-0.4812526163290336
266.4666666667,53.6774397524,0.95,0.02,0.03,0.021779317235812688,0.003127390241679667,0.9635788870387033,0.012048072619922977,0.02437304034137381,0.6496908860091548,0.19586391721383167,0.15444519677701363,0.02098609026254724,0.00026239879566941144,0.0005308281775960405,0.0020318369370132478,0.0006125429033916913,0.00048301040127472837,5.696348658300079,0.021909696187411315,0.0017447448301626594,309.1473760575555,82.3795680252517,29.02721421241045,4.849565651934259,-0.3623645583240451,-0.5456672238329752
266.4666666667,57.3777754322,0.95,0.02,0.03,0.02177194640110264,0.0033322959430010304,0.959110878491572,0.014451276994226738,0.026437844514201413,0.6226757521800196,0.21934758057703052,0.15797666724294984,0.020881710639232973,0.0003146324281457922,0.0005756033337238787,0.0020749398827945944,0.0007309310528639304,0.0005264250073425056,5.696348658300079,0.021909696187411315,0.0017447448301626594,309.1473760575555,82.3795680252517,29.02721421241045,4.752252244759318,-0.40298702438405787,-0.6055865609259339
266.4666666667,61.078111112,0.95,0.02,0.03,0.021766833749366582,0.00353645217348459,0.9548193512390063,0.016960622721146103,0.0282200260398476,0.5989689181143686,0.24138164278615173,0.15964943909947982,0.020783394079097506,0.0003691790550569167,0.0006142606152121585,0.002118224932315272,0.0008536346352703672,0.0005645926058989511,5.696348658300079,0.021909696187411315,0.0017447448301626594,309.1473760575555,82.3795680252517,29.02721421241045,4.660014607925365,-0.44103524043543807,-0.6615402846080016
266.4666666667,64.7784467918,0.95,0.02,0.03,0.021763637382485324,0.0037399395707315227,0.9506761136342778,0.019560145557266408,0.029763740808455782,0.5780260582102713,0.26199244414306594,0.15998149764666267,0.020690170205326836,0.00042569991505697743,0.0006477672621015122,0.0021617825280145562,0.0009798359090833204,0.0005983211336336457,5.696348658300079,0.021909696187411315,0.0017447448301626594,309.1473760575555,82.3795680252517,29.02721421241045,4.572040262648187,-0.47676126647450623,-0.7139722273266464
277.5444444444,42.6698591867,0.95,0.02,0.03,0.02039764749547098,0.002677833293006073,0.9935053157680436,0.0014532955014836342,0.0050413887304727205,0.9426262753290302,0.023143484654956834,0.03423024001601297,0.02026517121591314,2.9643809346016896e-05,0.00010283247021182252,0.0025241960229383863,6.197439372521858e-05,9.166287634246827e-05,3.7632798104482377,0.02044340333334865,0.0024634476757375884,309.1473760575555,82.3795680252517,39.067456891519946,3.6401095183099446,-0.05298455791682111,-0.07678046672168293
277.5444444444,45.8005632076,0.95,0.02,0.03,0.020360685531759768,0.0028642984136944796,0.9880660139001529,0.0028825812171768325,0.009051404882670306,0.8997829456480188,0.04258146470595399,0.05763558964602726,0.02011770139364039,5.86913296826948e-05,0.00018429280843668502,0.0025772468638889665,0.00012196602181005148,0.00016508552799546187,3.7632798104482377,0.02044340333334865,0.0024634476757375884,309.1473760575555,82.3795680252517,39.067456891519946,3.538807389474389,-0.09549490307783248,-0.13823706564784377
277.5444444444,48.9312672286,0.95,0.02,0.03,0.02032650016019923,0.0030506189729400095,0.982821508233009,0.004469155550716576,0.012709336216274545,0.8622692826338862,0.061513391620036835,0.07621732574607691,0.019977321544545505,9.084229101759576e-05,0.00025833632463613044,0.002630455033386305,0.00018765391956597336,0.00023251001998773129,3.7632798104482377,0.02044340333334865,0.0024634476757375884,309.1473760575555,82.3795680252517,39.067456891519946,3.4427540901523224,-0.1348979719352119,-0.19507301114430042
277.5444444444,52.0619712495,0.95,0.02,0.03,0.020295153661204563,0.003236580198419693,0.9777699328245086,0.00621123513147251,0.016018832044018882,0.829197406033003,0.07998280853776588,0.09081978542923116,0.019843991031979067,0.00012605797141910672,0.0003251046578063908,0.002683763904947392,0.0002588707743273266,0.00029394551914497494,3.7632798104482377,0.02044340333334865,0.0024634476757375884,309.1473760575555,82.3795680252517,39.067456891519946,3.3517530987529955,-0.1713931674660234,-0.2475968776023154
277.5444444444,55.1926752704,0.95,0.02,0.03,0.0202666114744169,0.0034220316480062063,0.9729040528784132,0.008103222913263155,0.01899272420832366,0.799860216870407,0.09798530422653864,0.10215447890305428,0.019717468441572353,0.00016422487047369698,0.0003849181623708479,0.0027371469761116405,0.0003353088121027315,0.00034957585979183406,3.7632798104482377,0.02044340333334865,0.0024634476757375884,309.1473760575555,82.3795680252517,39.067456891519946,3.265510662995412,-0.20519045546296955,-0.29613683808695024
277.5444444444,58.3233792913,0.95,0.02,0.03,0.020240754582425746,0.0036068873284014506,0.9682122180101935,0.010136486528165447,0.021651295461641077,0.7736892961265611,0.1154877106078428,0.11082299326559612,0.01959734588845042,0.00020517013614466161,0.00043823855783066537,0.002790610118318731,0.000416551159977522,0.000399726050105198,3.7632798104482377,0.02044340333334865,0.0024634476757375884,309.1473760575555,82.3795680252517,39.067456891519946,3.183659269082138,-0.2365061149112675,-0.3410301695481657
277.5444444444,61.4540833122,0.95,0.02,0.03,0.020217400047192968,0.003791118061999449,0.9636796978530845,0.012300366085559367,0.02401993606135608,0.750224046500846,0.13244412876450787,0.11733182473464619,0.019483097968853856,0.00024868142187867875,0.0004856206564604325,0.0028441879332356717,0.0005021113287649065,0.0004448187999988709,3.7632798104482377,0.02044340333334865,0.0024634476757375884,309.1473760575555,82.3795680252517,39.067456891519946,3.1057874784001425,-0.26554850057891644,-0.38260309856505836
277.5444444444,64.5847873331,0.95,0.02,0.03,0.0201963244698622,0.003974739546939013,0.9592900917225986,0.0145831862571139,0.026126722020287495,0.7290885710323425,0.14880777715915733,0.12210365180850015,0.01937413395315347,0.0002945267614531076,0.0005276637552556199,0.002897937176503505,0.0005914721567665906,0.0004853302136689169,3.7632798104482377,0.02044340333334865,0.0024634476757375884,309.1473760575555,82.3795680252517,39.067456891519946,3.031469317106256,-0.29251068549155956,-0.4211587752717252
277.5444444444,67.7154913541,0.95,0.02,0.03,0.02017728534455845,0.004157799283725258,0.9550265459584257,0.016973121067302043,0.02800033297427219,0.7099740094737955,0.16453853999004603,0.12548745053615842,0.01926984312943122,0.0003424715069626898,0.000564970708164539,0.0029519294280536965,0.0006841182237158131,0.0005217516319557482,3.7632798104482377,0.02044340333334865,0.0024634476757375884,309.1473760575555,82.3795680252517,39.067456891519946,2.960288140397964,-0.31756928346619295,-0.4569731389877134
277.5444444444,70.846195375,0.95,0.02,0.03,0.020160038186192178,0.004340364472529753,0.9508726771952929,0.019458824112194878,0.02966849869251221,0.6926248233506478,0.1796068288176855,0.12776834783166674,0.019169629482463892,0.00039229063716024584,0.0005981180665680389,0.003006244176063348,0.0007795590988240152,0.0005545611976423903,3.7632798104482377,0.02044340333334865,0.0024634476757375884,309.1473760575555,82.3795680252517,39.067456891519946,2.8918535661954428,-0.34087921305545654,-0.49028830541625057
288.6222222222,56.870259016,0.95,0.02,0.03,0.01850092647173989,0.0038854017035312976,0.9895866435362128,0.002684188952874276,0.0077291675109129624,0.9438380291745557,0.02269534148288399,0.03346662934256035,0.018308269729479347,4.965998245338347e-05,0.00014299675980716155,0.0036671898864124412,8.818051845982198e-05,0.0001300312986590345,2.053150963683377,0.018614754479407993,0.003524905481451541,309.1473760575555,82.3795680252517,51.50579679726779,1.9127188526986065,-0.060286952750469025,-0.08041436994860529
288.6222222222,59.300523461,0.95,0.02,0.03,0.018451578116721004,0.00404931102160631,0.9850058077618439,0.004082584553492578,0.010911607684663573,0.9218041359732162,0.0328208805990401,0.04537498342774368,0.018174911607341533,7.533012780688684e-05,0.0002013363815725831,0.0037326716475586264,0.0001329019535485178,0.00018373742049916617,2.053150963683377,0.018614754479407993,0.003524905481451541,309.1473760575555,82.3795680252517,51.50579679726779,1.8525033408124505,-0.08451442198009351,-0.11271404374383054
288.6222222222,61.730787906,0.95,0.02,0.03,0.018403743390710398,0.0042134042613338266,0.9805120106865532,0.00559718112386095,0.013890808189585645,0.9015797900965764,0.04285616376933768,0.05556404613408604,0.018045091436184817,0.00010300908511486496,0.0002556428694107127,0.003798720129525372,0.00018057034305014774,0.00023411378875830746,2.053150963683377,0.018614754479407993,0.003524905481451541,309.1473760575555,82.3795680252517,51.50579679726779,1.7943721992158124,-0.10693214168275578,-0.14259586212834052
288.6222222222,64.161052351,0.95,0.02,0.03,0.018357465047687645,0.004377578753954218,0.9761043538954087,0.00722771056130572,0.01666793554328553,0.8829770718363755,0.05279285290739134,0.06423007525623321,0.017918801559530698,0.0001326824440039726,0.0003059810441529747,0.0038653016698996247,0.00023110487124802646,0.000281172212806567,2.053150963683377,0.018614754479407993,0.003524905481451541,309.1473760575555,82.3795680252517,51.50579679726779,1.7382663965566256,-0.12762504991220758,-0.1701789003093046
288.6222222222,66.591316796,0.95,0.02,0.03,0.01831274579484478,0.004541759335364915,0.9717803179327524,0.00897243709731234,0.019247244969935115,0.8658316932759321,0.06261513994782475,0.07155316677624307,0.017795965930735933,0.00016430995972331586,0.0003524699043855266,0.0039323991757907765,0.0002843828963932137,0.00032497726318092465,2.053150963683377,0.018614754479407993,0.003524905481451541,309.1473760575555,82.3795680252517,51.50579679726779,1.6841049416124412,-0.14668692191859223,-0.1955919111874449
288.6222222222,69.021581241,0.95,0.02,0.03,0.01826955081117607,0.004705899113170547,0.9675359445770675,0.01082834923590739,0.021635706187025094,0.8499997265927718,0.07230214887906822,0.07769812452815993,0.017676447101089968,0.00019782907656656963,0.0003952746335195314,0.004000012959568132,0.000340246618290332,0.00036563953531208254,2.053150963683377,0.018614754479407993,0.003524905481451541,309.1473760575555,82.3795680252517,51.50579679726779,1.6317888482194907,-0.16421029551752486,-0.21896224959637522
288.6222222222,71.451845686,0.95,0.02,0.03,0.01822781206157592,0.004869978647086626,0.9633660830202628,0.012791424516018604,0.02384249246371849,0.8353549461680724,0.08183019536536633,0.08281485846656128,0.017560055907789897,0.00023315968207782183,0.0004345964717082009,0.0040681607505767105,0.00039851130411626103,0.0004033065923936545,2.053150963683377,0.018614754479407993,0.003524905481451541,309.1473760575555,82.3795680252517,51.50579679726779,1.58120567039411,-0.18028531288707628,-0.240413812611193
288.6222222222,73.882110131,0.95,0.02,0.03,0.018187434365781213,0.0050340032923768905,0.9592646845575213,0.014856921269045333,0.02587839417343334,0.8217865534481219,0.09117477620412116,0.08703867034775699,0.01744656348980174,0.00027020928045834095,0.00047066159552113386,0.004136876215688903,0.00045897412359327213,0.00043815295309471554,2.053150963683377,0.018614754479407993,0.003524905481451541,309.1473760575555,82.3795680252517,51.50579679726779,1.532234562310408,,
288.6222222222,76.312374576,0.95,0.02,0.03,0.018148301982887232,0.005197999584215322,0.9552250991435411,0.017019668090954888,0.027755232765504054,0.8091972190358313,0.10031216431721365,0.09049061664695507,0.017335713560890382,0.0003088780761631591,0.0005037103458336939,0.004206206808096446,0.0005214225884126156,0.00047037018770626054,2.053150963683377,0.018614754479407993,0.003524905481451541,309.1473760575555,82.3795680252517,51.50579679726779,1.484751055199337,-0.2084317412288863,-0.2780274641141822
288.6222222222,78.742639021,0.95,0.02,0.03,0.018110285148860907,0.005362010860178289,0.9512403503816992,0.01927432286159553,0.02948532675670529,0.797501342227813,0.10922058735616436,0.09327807041602271,0.017227233990514932,0.0003490634830747038,0.000533987675271271,0.004276210858032296,0.0005856419755588048,0.0005001580265871889,2.053150963683377,0.018614754479407993,0.003524905481451541,309.1473760575555,82.3795680252517,51.50579679726779,1.438631343039171,-0.22066103214401833,-0.2944038671576381
