mixture,T_K,Tc_K,Pc_bar,kij,phi_ij,mode,point_type,P_bar,P_bub_bar,P_dew_bar,gamma_Parachor_mN_m,gamma_WSD_mN_m,mixcorr_WSD,M_liq_g_per_mol,M_vap_g_per_mol,rho_liq_kg_per_m3,rho_vap_kg_per_m3,z_CO2,z_Hydrogen,z_Argon,x_CO2,x_Hydrogen,x_Argon,y_CO2,y_Hydrogen,y_Argon
CO2;Hydrogen;Argon,200.0,300.066167,80.967513,0.0,1.0,saturation,bubble,207.065914,207.066949,2.476271,,0.0,0.95,43.1729586,43.1729586,1225.859942,1225.859942,0.95,0.0167,0.0333,0.95,0.0167,0.0333,0.95,0.0167,0.0333
CO2;Hydrogen;Argon,200.0,300.066167,80.967513,0.0,1.0,saturation,dew,2.476283,207.066949,2.476271,20.1624205,3.1e-07,0.99985329,44.00868671,43.1728826,1236.302241,6.725549,0.95,0.0167,0.0333,0.999853,6e-06,0.000141,0.949995,0.016702,0.033303
CO2;Hydrogen;Argon,201.0,300.066167,80.967513,0.0,1.0,saturation,bubble,195.433076,195.434053,2.60889,,0.0,0.95,43.1729586,43.1729586,1221.046557,1221.046557,0.95,0.0167,0.0333,0.95,0.0167,0.0333,0.95,0.0167,0.0333
CO2;Hydrogen;Argon,201.0,300.066167,80.967513,0.0,1.0,saturation,dew,2.608903,195.434053,2.60889,19.92641349,3e-07,0.99984427,44.00862932,43.17288274,1232.906087,7.062784,0.95,0.0167,0.0333,0.999844,6e-06,0.000149,0.949995,0.016702,0.033303
CO2;Hydrogen;Argon,202.0,300.066167,80.967513,0.0,1.0,saturation,bubble,185.124103,185.125029,2.74695,,0.0,0.95,43.1729586,43.1729586,1216.370949,1216.370949,0.95,0.0167,0.0333,0.95,0.0167,0.0333,0.95,0.0167,0.0333
CO2;Hydrogen;Argon,202.0,300.066167,80.967513,0.0,1.0,saturation,dew,2.746964,185.125029,2.74695,19.6909742,3e-07,0.99983479,44.00856834,43.17288287,1229.499101,7.412967,0.95,0.0167,0.0333,0.999835,7e-06,0.000158,0.949995,0.016702,0.033303
CO2;Hydrogen;Argon,203.0,300.066167,80.967513,0.0,1.0,saturation,bubble,175.903076,175.903955,2.8906,,0.0,0.95,43.1729586,43.1729586,1211.806384,1211.806384,0.95,0.0167,0.0333,0.95,0.0167,0.0333,0.95,0.0167,0.0333
CO2;Hydrogen;Argon,203.0,300.066167,80.967513,0.0,1.0,saturation,dew,2.890615,175.903955,2.8906,19.45609172,2.9e-07,0.99982483,44.00850358,43.17288301,1226.08101,7.776445,0.95,0.0167,0.0333,0.999825,8e-06,0.000168,0.949995,0.016702,0.033303
CO2;Hydrogen;Argon,204.0,300.066167,80.967513,0.0,1.0,saturation,bubble,167.599331,167.600169,3.03999,,0.0,0.95,43.1729586,43.1729586,1207.333738,1207.333738,0.95,0.0167,0.0333,0.95,0.0167,0.0333,0.95,0.0167,0.0333
CO2;Hydrogen;Argon,204.0,300.066167,80.967513,0.0,1.0,saturation,dew,3.040005,167.600169,3.03999,19.22175547,2.9e-07,0.99981437,44.00843481,43.17288315,1222.651531,8.15357,0.95,0.0167,0.0333,0.999814,8e-06,0.000177,0.949996,0.016702,0.033303
CO2;Hydrogen;Argon,205.0,300.066167,80.967513,0.0,1.0,saturation,bubble,160.072428,160.073228,3.195271,,0.0,0.95,43.1729586,43.1729586,1202.936806,1202.936806,0.95,0.0167,0.0333,0.95,0.0167,0.0333,0.95,0.0167,0.0333
CO2;Hydrogen;Argon,205.0,300.066167,80.967513,0.0,1.0,saturation,dew,3.195287,160.073228,3.195271,18.98795525,2.8e-07,0.99980339,44.00836183,43.17288329,1219.210373,8.544701,0.95,0.0167,0.0333,0.999803,9e-06,0.000188,0.949996,0.016702,0.033303
CO2;Hydrogen;Argon,206.0,300.066167,80.967513,0.0,1.0,saturation,bubble,153.214172,153.214938,3.356597,,0.0,0.95,43.1729586,43.1729586,1198.603127,1198.603127,0.95,0.0167,0.0333,0.95,0.0167,0.0333,0.95,0.0167,0.0333
CO2;Hydrogen;Argon,206.0,300.066167,80.967513,0.0,1.0,saturation,dew,3.356614,153.214938,3.356597,18.75468126,2.8e-07,0.99979187,44.0082844,43.17288344,1215.757239,8.950205,0.95,0.0167,0.0333,0.999792,1e-05,0.000198,0.949996,0.016702,0.033303
CO2;Hydrogen;Argon,207.0,300.066167,80.967513,0.0,1.0,saturation,bubble,146.93791,146.938645,3.524121,,0.0,0.95,43.1729586,43.1729586,1194.322662,1194.322662,0.95,0.0167,0.0333,0.95,0.0167,0.0333,0.95,0.0167,0.0333
CO2;Hydrogen;Argon,207.0,300.066167,80.967513,0.0,1.0,saturation,dew,3.524139,146.938645,3.524121,18.52192404,2.7e-07,0.99977979,44.0082023,43.17288359,1212.29182,9.370453,0.95,0.0167,0.0333,0.99978,1.1e-05,0.00021,0.949996,0.016701,0.033303
CO2;Hydrogen;Argon,208.0,300.066167,80.967513,0.0,1.0,saturation,bubble,141.171064,141.17177,3.698001,,0.0,0.95,43.1729586,43.1729586,1190.086829,1190.086829,0.95,0.0167,0.0333,0.95,0.0167,0.0333,0.95,0.0167,0.0333
CO2;Hydrogen;Argon,208.0,300.066167,80.967513,0.0,1.0,saturation,dew,3.698019,141.17177,3.698001,18.28967454,2.7e-07,0.99976712,44.00811525,43.17288374,1208.813802,9.805826,0.95,0.0167,0.0333,0.999767,1.2e-05,0.000221,0.949996,0.016701,0.033303
CO2;Hydrogen;Argon,209.0,300.066167,80.967513,0.0,1.0,saturation,bubble,135.855122,135.855801,3.878393,,0.0,0.95,43.1729586,43.1729586,1185.888716,1185.888716,0.95,0.0167,0.0333,0.95,0.0167,0.0333,0.95,0.0167,0.0333
CO2;Hydrogen;Argon,209.0,300.066167,80.967513,0.0,1.0,saturation,dew,3.878412,135.855801,3.878393,18.05792409,2.6e-07,0.99975385,44.00802302,43.1728839,1205.32286,10.256711,0.95,0.0167,0.0333,0.999754,1.3e-05,0.000234,0.949996,0.016701,0.033303
CO2;Hydrogen;Argon,210.0,300.066167,80.967513,0.0,1.0,saturation,bubble,130.940389,130.941044,4.065457,,0.0,0.95,43.1729586,43.1729586,1181.722342,1181.722342,0.95,0.0167,0.0333,0.95,0.0167,0.0333,0.95,0.0167,0.0333
CO2;Hydrogen;Argon,210.0,300.066167,80.967513,0.0,1.0,saturation,dew,4.065477,130.941044,4.065457,17.82666443,2.6e-07,0.99973995,44.0079253,43.17288406,1201.818661,10.723502,0.95,0.0167,0.0333,0.99974,1.4e-05,0.000246,0.949996,0.016701,0.033303
CO2;Hydrogen;Argon,211.0,300.066167,80.967513,0.0,1.0,saturation,bubble,126.384783,126.385415,4.259354,,0.0,0.95,43.1729586,43.1729586,1177.582567,1177.582567,0.95,0.0167,0.0333,0.95,0.0167,0.0333,0.95,0.0167,0.0333
CO2;Hydrogen;Argon,211.0,300.066167,80.967513,0.0,1.0,saturation,dew,4.259375,126.385415,4.259354,17.59588771,2.5e-07,0.99972539,44.00782183,43.17288423,1198.300861,11.206604,0.95,0.0167,0.0333,0.999725,1.5e-05,0.00026,0.949996,0.016701,0.033303
CO2;Hydrogen;Argon,212.0,300.066167,80.967513,0.0,1.0,saturation,bubble,122.151342,122.151952,4.460245,,0.0,0.95,43.1729586,43.1729586,1173.464734,1173.464734,0.95,0.0167,0.0333,0.95,0.0167,0.0333,0.95,0.0167,0.0333
CO2;Hydrogen;Argon,212.0,300.066167,80.967513,0.0,1.0,saturation,dew,4.460267,122.151952,4.460245,17.36558648,2.5e-07,0.99971014,44.0077123,43.17288439,1194.769105,11.706425,0.95,0.0167,0.0333,0.99971,1.6e-05,0.000274,0.949996,0.016701,0.033303
CO2;Hydrogen;Argon,213.0,300.066167,80.967513,0.0,1.0,saturation,bubble,118.211464,118.212056,4.668295,,0.0,0.95,43.1729586,43.1729586,1169.365373,1169.365373,0.95,0.0167,0.0333,0.95,0.0167,0.0333,0.95,0.0167,0.0333
CO2;Hydrogen;Argon,213.0,300.066167,80.967513,0.0,1.0,saturation,dew,4.668318,118.212056,4.668295,17.13575371,2.4e-07,0.99969419,44.00759638,43.17288456,1191.22303,12.223387,0.95,0.0167,0.0333,0.999694,1.7e-05,0.000288,0.949996,0.016701,0.033303
CO2;Hydrogen;Argon,214.0,300.066167,80.967513,0.0,1.0,saturation,bubble,114.536903,114.537476,4.883668,,0.0,0.95,43.1729586,43.1729586,1165.280753,1165.280753,0.95,0.0167,0.0333,0.95,0.0167,0.0333,0.95,0.0167,0.0333
CO2;Hydrogen;Argon,214.0,300.066167,80.967513,0.0,1.0,saturation,dew,4.883692,114.537476,4.883668,16.9063828,2.4e-07,0.99967751,44.00747376,43.17288474,1187.662261,12.757918,0.95,0.0167,0.0333,0.999678,1.9e-05,0.000304,0.949996,0.016701,0.033303
CO2;Hydrogen;Argon,215.0,300.066167,80.967513,0.0,1.0,saturation,bubble,111.103284,111.10384,5.10653,,0.0,0.95,43.1729586,43.1729586,1161.207587,1161.207587,0.95,0.0167,0.0333,0.95,0.0167,0.0333,0.95,0.0167,0.0333
CO2;Hydrogen;Argon,215.0,300.066167,80.967513,0.0,1.0,saturation,dew,5.106556,111.10384,5.10653,16.67746759,2.3e-07,0.99966005,44.00734407,43.17288491,1184.086411,13.310455,0.95,0.0167,0.0333,0.99966,2e-05,0.00032,0.949996,0.016701,0.033303
CO2;Hydrogen;Argon,216.0,300.066167,80.967513,0.0,1.0,saturation,bubble,107.888529,107.889069,5.33705,,0.0,0.95,43.1729586,43.1729586,1157.142761,1157.142761,0.95,0.0167,0.0333,0.95,0.0167,0.0333,0.95,0.0167,0.0333
CO2;Hydrogen;Argon,216.0,300.066167,80.967513,0.0,1.0,saturation,dew,5.337077,107.889069,5.33705,16.44900234,2.3e-07,0.99964181,44.00720697,43.17288509,1180.495081,13.881447,0.95,0.0167,0.0333,0.999642,2.2e-05,0.000336,0.949996,0.016701,0.033303
CO2;Hydrogen;Argon,217.0,300.066167,80.967513,0.0,1.0,saturation,bubble,104.881541,104.882066,5.575397,9.63998719,13.76699667,0.95000094,43.17299098,13.54891965,1153.0867,77.771991,0.95,0.0167,0.0333,0.950001,0.016699,0.0333,0.092413,0.705851,0.201736
CO2;Hydrogen;Argon,217.0,300.066167,80.967513,0.0,1.0,saturation,dew,5.575425,104.882066,5.575397,16.36168456,16.37737876,0.99962274,44.00706207,43.17288528,1176.887861,14.471351,0.95,0.0167,0.0333,0.999623,2.4e-05,0.000353,0.949996,0.016701,0.033303
CO2;Hydrogen;Argon,218.0,300.066167,80.967513,0.0,1.0,saturation,bubble,102.06176,102.06227,5.821742,9.59873048,13.55674093,0.95000083,43.17298708,13.86246566,1149.032992,77.345112,0.95,0.0167,0.0333,0.950001,0.016699,0.0333,0.097208,0.698098,0.204693
CO2;Hydrogen;Argon,218.0,300.066167,80.967513,0.0,1.0,saturation,dew,5.821771,102.06227,5.821742,16.12468113,16.140861,0.99960281,44.00690896,43.17288547,1173.264327,15.080634,0.95,0.0167,0.0333,0.999603,2.6e-05,0.000371,0.949996,0.016701,0.033303
CO2;Hydrogen;Argon,219.0,300.066167,80.967513,0.0,1.0,saturation,bubble,99.414972,99.415469,6.076256,9.5501136,13.34758091,0.95000074,43.17298381,14.18244023,1144.981245,76.986464,0.95,0.0167,0.0333,0.950001,0.016699,0.0333,0.102217,0.690199,0.207584
CO2;Hydrogen;Argon,219.0,300.066167,80.967513,0.0,1.0,saturation,dew,6.076286,99.415469,6.076256,15.88833863,15.90501341,0.99958199,44.00674725,43.17288566,1169.624041,15.709777,0.95,0.0167,0.0333,0.999582,2.8e-05,0.00039,0.949996,0.016701,0.033303
CO2;Hydrogen;Argon,220.0,300.066167,80.967513,0.0,1.0,saturation,bubble,96.928483,96.928967,6.339113,9.4946251,13.13948833,0.95000066,43.17298107,14.50882275,1140.929505,76.693026,0.95,0.0167,0.0333,0.950001,0.016699,0.0333,0.107442,0.682154,0.210404
CO2;Hydrogen;Argon,220.0,300.066167,80.967513,0.0,1.0,saturation,dew,6.339145,96.928967,6.339113,15.65266279,15.66984182,0.99956026,44.00657648,43.17288585,1165.966553,16.35927,0.95,0.0167,0.0333,0.99956,3e-05,0.00041,0.949996,0.016701,0.033303
CO2;Hydrogen;Argon,221.0,300.066167,80.967513,0.0,1.0,saturation,bubble,94.590911,94.591384,6.610489,9.43271803,12.93243785,0.9500006,43.17297876,14.84158316,1136.875949,76.462142,0.95,0.0167,0.0333,0.950001,0.0167,0.0333,0.112888,0.673965,0.213147
CO2;Hydrogen;Argon,221.0,300.066167,80.967513,0.0,1.0,saturation,dew,6.610522,94.591384,6.610489,15.41765949,15.43535221,0.99953756,44.00639621,43.17288605,1162.291397,17.029616,0.95,0.0167,0.0333,0.999538,3.2e-05,0.00043,0.949996,0.016701,0.033303
CO2;Hydrogen;Argon,222.0,300.066167,80.967513,0.0,1.0,saturation,bubble,92.392921,92.393383,6.890559,9.3647745,12.72639562,0.9500003,43.17296876,15.18060123,1132.8187,76.291759,0.95,0.0167,0.0333,0.95,0.0167,0.0333,0.118558,0.665634,0.215808
CO2;Hydrogen;Argon,222.0,300.066167,80.967513,0.0,1.0,saturation,dew,6.890593,92.393383,6.890559,15.18333475,15.2015507,0.99951387,44.00620596,43.17288625,1158.59809,17.721329,0.95,0.0167,0.0333,0.999514,3.5e-05,0.000451,0.949996,0.016701,0.033303
CO2;Hydrogen;Argon,223.0,300.066167,80.967513,0.0,1.0,saturation,bubble,90.323347,90.323799,7.179501,9.29126848,12.52136484,0.95000028,43.17296808,15.52599547,1128.756505,76.179221,0.95,0.0167,0.0333,0.95,0.0167,0.0333,0.124457,0.65716,0.218383
CO2;Hydrogen;Argon,223.0,300.066167,80.967513,0.0,1.0,saturation,dew,7.179537,90.323799,7.179501,14.94969471,14.96844355,0.99948914,44.00600522,43.17288645,1154.886137,18.434938,0.95,0.0167,0.0333,0.999489,3.7e-05,0.000473,0.949996,0.016701,0.033303
CO2;Hydrogen;Argon,224.0,300.066167,80.967513,0.0,1.0,saturation,bubble,88.374901,88.375343,7.477494,9.21251863,12.31731442,0.95000027,43.17296752,15.87761417,1124.687651,76.12307,0.95,0.0167,0.0333,0.95,0.0167,0.0333,0.130586,0.648547,0.220867
CO2;Hydrogen;Argon,224.0,300.066167,80.967513,0.0,1.0,saturation,dew,7.477532,88.375343,7.477494,14.71674569,14.73603719,0.99946335,44.00579347,43.17288666,1151.155023,19.170986,0.95,0.0167,0.0333,0.999463,4e-05,0.000496,0.949996,0.016701,0.033303
CO2;Hydrogen;Argon,225.0,300.066167,80.967513,0.0,1.0,saturation,bubble,86.539177,86.53961,7.78472,,0.0,0.95,43.1729586,43.1729586,1120.610075,1120.610075,0.95,0.0167,0.0333,0.95,0.0167,0.0333,0.95,0.0167,0.0333
CO2;Hydrogen;Argon,225.0,300.066167,80.967513,0.0,1.0,saturation,dew,7.784759,86.53961,7.78472,14.48449415,14.50433819,0.99943644,44.00557018,43.17288688,1147.404217,19.930029,0.95,0.0167,0.0333,0.999436,4.3e-05,0.00052,0.949996,0.016701,0.033303
CO2;Hydrogen;Argon,226.0,300.066167,80.967513,0.0,1.0,saturation,bubble,84.811681,84.812105,8.10136,,0.0,0.95,43.1729586,43.1729586,1116.52379,1116.52379,0.95,0.0167,0.0333,0.95,0.0167,0.0333,0.95,0.0167,0.0333
CO2;Hydrogen;Argon,226.0,300.066167,80.967513,0.0,1.0,saturation,dew,8.101401,84.812105,8.10136,14.25294671,14.2733533,0.99940838,44.00533476,43.17288709,1143.633169,20.712639,0.95,0.0167,0.0333,0.999408,4.6e-05,0.000545,0.949996,0.016701,0.033303
CO2;Hydrogen;Argon,227.0,300.066167,80.967513,0.0,1.0,saturation,bubble,83.183868,83.184284,8.427598,,0.0,0.95,43.1729586,43.1729586,1112.42647,1112.42647,0.95,0.0167,0.0333,0.95,0.0167,0.0333,0.95,0.0167,0.0333
CO2;Hydrogen;Argon,227.0,300.066167,80.967513,0.0,1.0,saturation,dew,8.42764,83.184284,8.427598,14.02211016,14.04308944,0.99937912,44.00508661,43.17288731,1139.84131,21.519403,0.95,0.0167,0.0333,0.999379,5e-05,0.000571,0.949996,0.016701,0.033303
CO2;Hydrogen;Argon,228.0,300.066167,80.967513,0.0,1.0,saturation,bubble,81.650725,81.651133,8.763619,,0.0,0.95,43.1729586,43.1729586,1108.316987,1108.316987,0.95,0.0167,0.0333,0.95,0.0167,0.0333,0.95,0.0167,0.0333
CO2;Hydrogen;Argon,228.0,300.066167,80.967513,0.0,1.0,saturation,dew,8.763663,81.651133,8.763619,13.79199146,13.81355371,0.99934861,44.00482511,43.17288753,1136.028052,22.350925,0.95,0.0167,0.0333,0.999349,5.3e-05,0.000598,0.949996,0.016701,0.033303
CO2;Hydrogen;Argon,229.0,300.066167,80.967513,0.0,1.0,saturation,bubble,80.207018,80.20742,9.109609,,0.0,0.95,43.1729586,43.1729586,1104.194074,1104.194074,0.95,0.0167,0.0333,0.95,0.0167,0.0333,0.95,0.0167,0.0333
CO2;Hydrogen;Argon,229.0,300.066167,80.967513,0.0,1.0,saturation,dew,9.109654,80.20742,9.109609,13.56259774,13.58475337,0.99931682,44.00454959,43.17288776,1132.192784,23.207828,0.95,0.0167,0.0333,0.999317,5.7e-05,0.000626,0.949996,0.016701,0.033303
CO2;Hydrogen;Argon,230.0,300.066167,80.967513,0.0,1.0,saturation,bubble,78.847605,78.847999,9.465757,,0.0,0.95,43.1729586,43.1729586,1100.056394,1100.056394,0.95,0.0167,0.0333,0.95,0.0167,0.0333,0.95,0.0167,0.0333
CO2;Hydrogen;Argon,230.0,300.066167,80.967513,0.0,1.0,saturation,dew,9.465804,78.847999,9.465757,13.33393634,13.35669591,0.99928368,44.00425937,43.17288799,1128.334874,24.090752,0.95,0.0167,0.0333,0.999284,6.1e-05,0.000655,0.949996,0.016701,0.033303
CO2;Hydrogen;Argon,231.0,300.066167,80.967513,0.0,1.0,saturation,bubble,77.569061,77.569449,9.832252,,0.0,0.95,43.1729586,43.1729586,1095.902997,1095.902997,0.95,0.0167,0.0333,0.95,0.0167,0.0333,0.95,0.0167,0.0333
CO2;Hydrogen;Argon,231.0,300.066167,80.967513,0.0,1.0,saturation,dew,9.832301,77.569449,9.832252,13.10601477,13.129389,0.99924916,44.00395373,43.17288823,1124.453668,25.000357,0.95,0.0167,0.0333,0.999249,6.6e-05,0.000685,0.949996,0.016701,0.033303
CO2;Hydrogen;Argon,232.0,300.066167,80.967513,0.0,1.0,saturation,bubble,76.366702,76.367084,10.209286,,0.0,0.95,43.1729586,43.1729586,1091.732509,1091.732509,0.95,0.0167,0.0333,0.95,0.0167,0.0333,0.95,0.0167,0.0333
CO2;Hydrogen;Argon,232.0,300.066167,80.967513,0.0,1.0,saturation,dew,10.209337,76.367084,10.209286,12.87884074,12.9028405,0.99921318,44.0036319,43.17288847,1120.548485,25.937322,0.95,0.0167,0.0333,0.999213,7e-05,0.000716,0.949996,0.016701,0.033303
CO2;Hydrogen;Argon,233.0,300.066167,80.967513,0.0,1.0,saturation,bubble,75.236527,75.236904,10.597051,,0.0,0.95,43.1729586,43.1729586,1087.543657,1087.543657,0.95,0.0167,0.0333,0.95,0.0167,0.0333,0.95,0.0167,0.0333
CO2;Hydrogen;Argon,233.0,300.066167,80.967513,0.0,1.0,saturation,dew,10.597104,75.236904,10.597051,12.6524222,12.67705851,0.99917571,44.0032931,43.17288871,1116.618621,26.902349,0.95,0.0167,0.0333,0.999176,7.5e-05,0.000749,0.949996,0.016701,0.033303
CO2;Hydrogen;Argon,234.0,300.066167,80.967513,0.0,1.0,saturation,bubble,74.175401,74.175772,10.995743,,0.0,0.95,43.1729586,43.1729586,1083.33534,1083.33534,0.95,0.0167,0.0333,0.95,0.0167,0.0333,0.95,0.0167,0.0333
CO2;Hydrogen;Argon,234.0,300.066167,80.967513,0.0,1.0,saturation,dew,10.995798,74.175772,10.995743,12.42676727,12.45205134,0.99913668,44.00293648,43.17288895,1112.663344,27.896163,0.95,0.0167,0.0333,0.999137,8.1e-05,0.000783,0.949996,0.016701,0.033303
CO2;Hydrogen;Argon,235.0,300.066167,80.967513,0.0,1.0,saturation,bubble,73.180157,73.180523,11.405558,,0.0,0.95,43.1729586,43.1729586,1079.106376,1079.106376,0.95,0.0167,0.0333,0.95,0.0167,0.0333,0.95,0.0167,0.0333
CO2;Hydrogen;Argon,235.0,300.066167,80.967513,0.0,1.0,saturation,dew,11.405615,73.180523,11.405558,12.20188433,12.22782755,0.99909603,44.00256119,43.1728892,1108.681893,28.919511,0.95,0.0167,0.0333,0.999096,8.6e-05,0.000818,0.949996,0.016701,0.033303
CO2;Hydrogen;Argon,236.0,300.066167,80.967513,0.0,1.0,saturation,bubble,72.247871,72.248233,11.826694,,0.0,0.95,43.1729586,43.1729586,1074.855581,1074.855581,0.95,0.0167,0.0333,0.95,0.0167,0.0333,0.95,0.0167,0.0333
CO2;Hydrogen;Argon,236.0,300.066167,80.967513,0.0,1.0,saturation,dew,11.826753,72.248233,11.826694,11.977782,12.00439591,0.9990537,44.00216629,43.17288946,1104.673478,29.973167,0.95,0.0167,0.0333,0.999054,9.2e-05,0.000854,0.949996,0.016701,0.033303
CO2;Hydrogen;Argon,237.0,300.066167,80.967513,0.0,1.0,saturation,bubble,71.37584,71.376197,12.25935,,0.0,0.95,43.1729586,43.1729586,1070.581766,1070.581766,0.95,0.0167,0.0333,0.95,0.0167,0.0333,0.95,0.0167,0.0333
CO2;Hydrogen;Argon,237.0,300.066167,80.967513,0.0,1.0,saturation,dew,12.259411,71.376197,12.25935,11.75446912,11.78176546,0.99900962,44.00175084,43.17288972,1100.637279,31.057932,0.95,0.0167,0.0333,0.99901,9.8e-05,0.000892,0.949996,0.016701,0.033303
CO2;Hydrogen;Argon,238.0,300.066167,80.967513,0.0,1.0,saturation,bubble,70.561559,70.561911,12.703729,,0.0,0.95,43.1729586,43.1729586,1066.283733,1066.283733,0.95,0.0167,0.0333,0.95,0.0167,0.0333,0.95,0.0167,0.0333
CO2;Hydrogen;Argon,238.0,300.066167,80.967513,0.0,1.0,saturation,dew,12.703793,70.561911,12.703729,11.5319548,11.5599455,0.99896373,44.00131381,43.17288998,1096.572441,32.174632,0.95,0.0167,0.0333,0.998964,0.000105,0.000931,0.949996,0.016701,0.033303
CO2;Hydrogen;Argon,239.0,300.066167,80.967513,0.0,1.0,saturation,bubble,69.802708,69.803057,13.160036,,0.0,0.95,43.1729586,43.1729586,1061.960268,1061.960268,0.95,0.0167,0.0333,0.95,0.0167,0.0333,0.95,0.0167,0.0333
CO2;Hydrogen;Argon,239.0,300.066167,80.967513,0.0,1.0,saturation,dew,13.160101,69.803057,13.160036,11.31024842,11.33894561,0.99891595,44.00085415,43.17289025,1092.478074,33.324128,0.95,0.0167,0.0333,0.998916,0.000112,0.000972,0.949996,0.016701,0.033303
CO2;Hydrogen;Argon,240.0,300.066167,80.967513,0.0,1.0,saturation,bubble,69.097137,69.097482,13.628474,,0.0,0.95,43.1729586,43.1729586,1057.610145,1057.610145,0.95,0.0167,0.0333,0.95,0.0167,0.0333,0.95,0.0167,0.0333
CO2;Hydrogen;Argon,240.0,300.066167,80.967513,0.0,1.0,saturation,dew,13.628543,69.097482,13.628474,11.08935965,11.11877563,0.99886621,44.00037074,43.17289052,1088.353253,34.507307,0.95,0.0167,0.0333,0.998866,0.000119,0.001015,0.949996,0.016701,0.033303
CO2;Hydrogen;Argon,241.0,300.066167,80.967513,0.0,1.0,saturation,bubble,68.442847,68.44319,14.109254,,0.0,0.95,43.1729586,43.1729586,1053.232112,1053.232112,0.95,0.0167,0.0333,0.95,0.0167,0.0333,0.95,0.0167,0.0333
CO2;Hydrogen;Argon,241.0,300.066167,80.967513,0.0,1.0,saturation,dew,14.109324,68.44319,14.109254,10.86929845,10.89944574,0.99881442,43.9998624,43.17289071,1084.197012,35.725093,0.95,0.0167,0.0333,0.998814,0.000127,0.001058,0.949996,0.016701,0.033303
CO2;Hydrogen;Argon,242.0,300.066167,80.967513,0.0,1.0,saturation,bubble,67.837984,67.838323,14.602584,,0.0,0.95,43.1729586,43.1729586,1048.824899,1048.824899,0.95,0.0167,0.0333,0.95,0.0167,0.0333,0.95,0.0167,0.0333
CO2;Hydrogen;Argon,242.0,300.066167,80.967513,0.0,1.0,saturation,dew,14.602657,67.838323,14.602584,10.65007504,10.68096639,0.99876052,43.99932791,43.17289107,1080.008346,36.978446,0.95,0.0167,0.0333,0.998761,0.000135,0.001104,0.949996,0.016701,0.033303
CO2;Hydrogen;Argon,243.0,300.066167,80.967513,0.0,1.0,saturation,bubble,67.28082,67.281157,15.108678,,0.0,0.95,43.1729586,43.1729586,1044.387203,1044.387203,0.95,0.0167,0.0333,0.95,0.0167,0.0333,0.95,0.0167,0.0333
CO2;Hydrogen;Argon,243.0,300.066167,80.967513,0.0,1.0,saturation,dew,15.108754,67.281157,15.108678,10.43170005,10.46334836,0.99870441,43.99876597,43.17289135,1075.786205,38.26836,0.95,0.0167,0.0333,0.998704,0.000144,0.001151,0.949996,0.016701,0.033303
CO2;Hydrogen;Argon,244.0,300.066167,80.967513,0.0,1.0,saturation,bubble,66.769751,66.770085,15.627751,,0.0,0.95,43.1729586,43.1729586,1039.917694,1039.917694,0.95,0.0167,0.0333,0.95,0.0167,0.0333,0.95,0.0167,0.0333
CO2;Hydrogen;Argon,244.0,300.066167,80.967513,0.0,1.0,saturation,dew,15.627829,66.770085,15.627751,10.21418438,10.24660279,0.99864601,43.9981752,43.17289164,1071.529494,39.595872,0.95,0.0167,0.0333,0.998646,0.000154,0.0012,0.949996,0.016701,0.033303
CO2;Hydrogen;Argon,245.0,300.066167,80.967513,0.0,1.0,saturation,bubble,66.303281,66.303612,16.160019,,0.0,0.95,43.1729586,43.1729586,1035.415005,1035.415005,0.95,0.0167,0.0333,0.95,0.0167,0.0333,0.95,0.0167,0.0333
CO2;Hydrogen;Argon,245.0,300.066167,80.967513,0.0,1.0,saturation,dew,16.1601,66.303612,16.160019,9.99753931,10.03074116,0.99858521,43.99755416,43.17289193,1067.237068,40.96206,0.95,0.0167,0.0333,0.998585,0.000163,0.001251,0.949996,0.016701,0.033303
CO2;Hydrogen;Argon,246.0,300.066167,80.967513,0.0,1.0,saturation,bubble,65.880014,65.880343,16.705704,,0.0,0.95,43.1729586,43.1729586,1030.87773,1030.87773,0.95,0.0167,0.0333,0.95,0.0167,0.0333,0.95,0.0167,0.0333
CO2;Hydrogen;Argon,246.0,300.066167,80.967513,0.0,1.0,saturation,dew,16.705787,65.880343,16.705704,9.78177648,9.81577532,0.99852192,43.99690134,43.17289223,1062.907731,42.368049,0.95,0.0167,0.0333,0.998522,0.000174,0.001304,0.949996,0.016701,0.033303
CO2;Hydrogen;Argon,247.0,300.066167,80.967513,0.0,1.0,saturation,bubble,65.49865,65.498977,17.265027,,0.0,0.95,43.1729586,43.1729586,1026.304422,1026.304422,0.95,0.0167,0.0333,0.95,0.0167,0.0333,0.95,0.0167,0.0333
CO2;Hydrogen;Argon,247.0,300.066167,80.967513,0.0,1.0,saturation,dew,17.265113,65.498977,17.265027,9.56690795,9.60171752,0.99845604,43.99621512,43.17289253,1058.540231,43.81501,0.95,0.0167,0.0333,0.998456,0.000185,0.001359,0.949996,0.016701,0.033303
CO2;Hydrogen;Argon,248.0,300.066167,80.967513,0.0,1.0,saturation,bubble,65.157973,65.158299,17.838214,,0.0,0.95,43.1729586,43.1729586,1021.693584,1021.693584,0.95,0.0167,0.0333,0.95,0.0167,0.0333,0.95,0.0167,0.0333
CO2;Hydrogen;Argon,248.0,300.066167,80.967513,0.0,1.0,saturation,dew,17.838303,65.158299,17.838214,9.35294615,9.38858041,0.99838746,43.99549382,43.17289284,1054.133259,45.304167,0.95,0.0167,0.0333,0.998387,0.000197,0.001416,0.949996,0.016701,0.033303
CO2;Hydrogen;Argon,249.0,300.066167,80.967513,0.0,1.0,saturation,bubble,64.856847,64.857172,18.425495,,0.0,0.95,43.1729586,43.1729586,1017.043672,1017.043672,0.95,0.0167,0.0333,0.95,0.0167,0.0333,0.95,0.0167,0.0333
CO2;Hydrogen;Argon,249.0,300.066167,80.967513,0.0,1.0,saturation,dew,18.425587,64.857172,18.425495,9.13990397,9.17637708,0.99831606,43.99473564,43.17289315,1049.685442,46.836798,0.95,0.0167,0.0333,0.998316,0.000209,0.001475,0.949996,0.016701,0.033303
CO2;Hydrogen;Argon,250.0,300.066167,80.967513,0.0,1.0,saturation,bubble,64.59421,64.594533,19.027101,,0.0,0.95,43.1729586,43.1729586,1012.35308,1012.35308,0.95,0.0167,0.0333,0.95,0.0167,0.0333,0.95,0.0167,0.0333
CO2;Hydrogen;Argon,250.0,300.066167,80.967513,0.0,1.0,saturation,dew,19.027196,64.594533,19.027101,8.92779476,8.96512105,0.99824172,43.99393869,43.17289346,1045.195344,48.414239,0.95,0.0167,0.0333,0.998242,0.000222,0.001536,0.949996,0.016701,0.033303
CO2;Hydrogen;Argon,251.0,300.066167,80.967513,0.0,1.0,saturation,bubble,64.369065,64.369387,19.643268,,0.0,0.95,43.1729586,43.1729586,1007.620147,1007.620147,0.95,0.0167,0.0333,0.95,0.0167,0.0333,0.95,0.0167,0.0333
CO2;Hydrogen;Argon,251.0,300.066167,80.967513,0.0,1.0,saturation,dew,19.643366,64.369387,19.643268,8.71663235,8.75482635,0.99816431,43.99310096,43.17289378,1040.661453,50.037891,0.95,0.0167,0.0333,0.998164,0.000236,0.0016,0.949996,0.016701,0.033303
CO2;Hydrogen;Argon,252.0,300.066167,80.967513,0.0,1.0,saturation,bubble,64.180478,64.180799,20.274234,,0.0,0.95,43.1729586,43.1729586,1002.843141,1002.843141,0.95,0.0167,0.0333,0.95,0.0167,0.0333,0.95,0.0167,0.0333
CO2;Hydrogen;Argon,252.0,300.066167,80.967513,0.0,1.0,saturation,dew,20.274335,64.180799,20.274234,8.50643107,8.54550747,0.9980837,43.99222032,43.17289411,1036.082187,51.709219,0.95,0.0167,0.0333,0.998084,0.00025,0.001666,0.949996,0.016701,0.033302
CO2;Hydrogen;Argon,253.0,300.066167,80.967513,0.0,1.0,saturation,bubble,64.027572,64.027892,20.920242,,0.0,0.95,43.1729586,43.1729586,998.020261,998.020261,0.95,0.0167,0.0333,0.95,0.0167,0.0333,0.95,0.0167,0.0333
CO2;Hydrogen;Argon,253.0,300.066167,80.967513,0.0,1.0,saturation,dew,20.920347,64.027892,20.920242,8.29720581,8.33717945,0.99799974,43.99129453,43.17289444,1031.455881,53.429761,0.95,0.0167,0.0333,0.998,0.000266,0.001734,0.949996,0.016701,0.033302
CO2;Hydrogen;Argon,254.0,300.066167,80.967513,0.0,1.0,saturation,bubble,63.909522,63.909841,21.581539,,0.0,0.95,43.1729586,43.1729586,993.149626,993.149626,0.95,0.0167,0.0333,0.95,0.0167,0.0333,0.95,0.0167,0.0333
CO2;Hydrogen;Argon,254.0,300.066167,80.967513,0.0,1.0,saturation,dew,21.581647,63.909841,21.581539,8.08897201,8.1298579,0.99791229,43.9903212,43.17289477,1026.780783,55.201134,0.95,0.0167,0.0333,0.997912,0.000282,0.001806,0.949996,0.016701,0.033302
CO2;Hydrogen;Argon,255.0,300.066167,80.967513,0.0,1.0,saturation,bubble,63.82555,63.825869,22.258376,,0.0,0.95,43.1729586,43.1729586,988.229272,988.229272,0.95,0.0167,0.0333,0.95,0.0167,0.0333,0.95,0.0167,0.0333
CO2;Hydrogen;Argon,255.0,300.066167,80.967513,0.0,1.0,saturation,dew,22.258488,63.825869,22.258376,7.88174573,7.92355899,0.99782118,43.98929777,43.17289512,1022.055049,57.025036,0.95,0.0167,0.0333,0.997821,0.000299,0.00188,0.949996,0.016701,0.033302
CO2;Hydrogen;Argon,256.0,300.066167,80.967513,0.0,1.0,saturation,bubble,63.774925,63.775244,22.951009,,0.0,0.95,43.1729586,43.1729586,983.257143,983.257143,0.95,0.0167,0.0333,0.95,0.0167,0.0333,0.95,0.0167,0.0333
CO2;Hydrogen;Argon,256.0,300.066167,80.967513,0.0,1.0,saturation,dew,22.951124,63.775244,22.951009,7.67554369,7.71829952,0.99772625,43.98822154,43.17289546,1017.276738,58.903254,0.95,0.0167,0.0333,0.997726,0.000318,0.001956,0.949996,0.016701,0.033302
CO2;Hydrogen;Argon,257.0,300.066167,80.967513,0.0,1.0,saturation,bubble,63.756955,63.757273,23.659697,5.11242075,6.08798608,0.95000028,43.17296622,29.71852034,978.231515,103.093597,0.95,0.0167,0.0333,0.95,0.0167,0.0333,0.455435,0.318443,0.226122
CO2;Hydrogen;Argon,257.0,300.066167,80.967513,0.0,1.0,saturation,dew,23.659816,63.757273,23.659697,7.47038328,7.51409697,0.99762731,43.98708964,43.17289581,1012.443799,60.837673,0.95,0.0167,0.0333,0.997627,0.000337,0.002036,0.949996,0.016701,0.033302
CO2;Hydrogen;Argon,258.0,300.066167,80.967513,0.0,1.0,saturation,bubble,63.770983,63.771302,24.384707,4.97004147,5.91502179,0.95000029,43.17296638,30.1413298,973.149277,104.872287,0.95,0.0167,0.0333,0.95,0.0167,0.0333,0.46775,0.308615,0.223634
CO2;Hydrogen;Argon,258.0,300.066167,80.967513,0.0,1.0,saturation,dew,24.384829,63.771302,24.384707,7.26628261,7.31096949,0.99752417,43.985899,43.17289617,1007.55407,62.830281,0.95,0.0167,0.0333,0.997524,0.000357,0.002119,0.949996,0.016701,0.033302
CO2;Hydrogen;Argon,259.0,300.066167,80.967513,0.0,1.0,saturation,bubble,63.81639,63.816709,25.12631,4.82770672,5.74313649,0.9500003,43.17296654,30.55955519,968.008464,106.72039,0.95,0.0167,0.0333,0.95,0.0167,0.0333,0.48008,0.29891,0.22101
CO2;Hydrogen;Argon,259.0,300.066167,80.967513,0.0,1.0,saturation,dew,25.126435,63.816709,25.12631,7.06326059,7.10893599,0.99741664,43.98464633,43.17289653,1002.605264,64.883177,0.95,0.0167,0.0333,0.997417,0.000379,0.002205,0.949996,0.016701,0.033302
CO2;Hydrogen;Argon,260.0,300.066167,80.967513,0.0,1.0,saturation,bubble,63.892587,63.892906,25.884782,4.68549344,5.57235399,0.9500003,43.1729667,30.97281541,962.806574,108.639701,0.95,0.0167,0.0333,0.95,0.0167,0.0333,0.49241,0.289335,0.218254
CO2;Hydrogen;Argon,260.0,300.066167,80.967513,0.0,1.0,saturation,dew,25.884911,63.892906,25.884782,6.86133696,6.90801616,0.99730449,43.98332814,43.1728969,997.594961,66.998585,0.95,0.0167,0.0333,0.997304,0.000401,0.002294,0.949996,0.016701,0.033302
CO2;Hydrogen;Argon,261.0,300.066167,80.967513,0.0,1.0,saturation,bubble,63.999012,63.999332,26.660406,4.54347791,5.40269927,0.95000031,43.17296687,31.38075067,957.540965,110.632137,0.95,0.0167,0.0333,0.95,0.0167,0.0333,0.504727,0.2799,0.215373
CO2;Hydrogen;Argon,261.0,300.066167,80.967513,0.0,1.0,saturation,dew,26.66054,63.999332,26.660406,6.66053234,6.70823055,0.99718749,43.98194067,43.17289728,992.520597,69.178858,0.95,0.0167,0.0333,0.997187,0.000425,0.002387,0.949996,0.016701,0.033302
CO2;Hydrogen;Argon,262.0,300.066167,80.967513,0.0,1.0,saturation,bubble,64.135132,64.135452,27.453474,4.40173589,5.23419844,0.95000032,43.17296705,31.7830249,952.208845,112.699743,0.95,0.0167,0.0333,0.95,0.0167,0.0333,0.517018,0.270611,0.212371
CO2;Hydrogen;Argon,262.0,300.066167,80.967513,0.0,1.0,saturation,dew,27.453611,64.135452,27.453474,6.46086833,6.50960058,0.99706539,43.9804799,43.17289766,987.379452,71.426492,0.95,0.0167,0.0333,0.997065,0.000451,0.002484,0.949996,0.016701,0.033302
CO2;Hydrogen;Argon,263.0,300.066167,80.967513,0.0,1.0,saturation,bubble,64.300435,64.300757,28.264282,4.26034264,5.06687874,0.95000033,43.17296723,32.17932745,946.80726,114.844715,0.95,0.0167,0.0333,0.95,0.0167,0.0333,0.529269,0.261475,0.209256
CO2;Hydrogen;Argon,263.0,300.066167,80.967513,0.0,1.0,saturation,dew,28.264423,64.300757,28.264282,6.26236753,6.31214865,0.99693793,43.97894152,43.17289805,982.168637,73.744143,0.95,0.0167,0.0333,0.996938,0.000478,0.002584,0.949996,0.016701,0.033302
CO2;Hydrogen;Argon,264.0,300.066167,80.967513,0.0,1.0,saturation,bubble,64.494435,64.494757,29.093136,4.11937304,4.90076853,0.95000034,43.17296742,32.56937504,941.333083,117.069408,0.95,0.0167,0.0333,0.95,0.0167,0.0333,0.541469,0.252498,0.206033
CO2;Hydrogen;Argon,264.0,300.066167,80.967513,0.0,1.0,saturation,dew,29.093281,64.494757,29.093136,6.06505365,6.11589817,0.99680483,43.97732088,43.17289844,976.885082,76.134632,0.95,0.0167,0.0333,0.996805,0.000506,0.002689,0.949996,0.016701,0.033302
CO2;Hydrogen;Argon,265.0,300.066167,80.967513,0.0,1.0,saturation,bubble,64.716663,64.716986,29.94035,3.97890162,4.7358973,0.95000035,43.17296761,32.95291281,935.782991,119.376361,0.95,0.0167,0.0333,0.95,0.0167,0.0333,0.553604,0.243687,0.202709
CO2;Hydrogen;Argon,265.0,300.066167,80.967513,0.0,1.0,saturation,dew,29.9405,64.716986,29.94035,5.8689516,5.92087366,0.99666577,43.97561298,43.17289885,971.525512,78.60097,0.95,0.0167,0.0333,0.996666,0.000536,0.002798,0.949997,0.016701,0.033302
CO2;Hydrogen;Argon,266.0,300.066167,80.967513,0.0,1.0,saturation,bubble,64.966668,64.966993,30.806247,3.83900268,4.57229566,0.95000036,43.1729678,33.32971522,930.153452,121.768312,0.95,0.0167,0.0333,0.95,0.0167,0.0333,0.565665,0.235044,0.199291
CO2;Hydrogen;Argon,266.0,300.066167,80.967513,0.0,1.0,saturation,dew,30.806401,64.966993,30.806247,5.67408757,5.7271008,0.99652043,43.97381243,43.17289925,966.086437,81.146369,0.95,0.0167,0.0333,0.99652,0.000568,0.002911,0.949997,0.016701,0.033302
CO2;Hydrogen;Argon,267.0,300.066167,80.967513,0.0,1.0,saturation,bubble,65.244019,65.244345,31.691161,3.69975034,4.40999535,0.95000037,43.17296801,33.69958665,924.440704,124.248221,0.95,0.0167,0.0333,0.95,0.0167,0.0333,0.57764,0.226576,0.195785
CO2;Hydrogen;Argon,267.0,300.066167,80.967513,0.0,1.0,saturation,dew,31.691319,65.244345,31.691161,5.48048911,5.53460657,0.99636846,43.9719134,43.17289967,960.564126,83.774267,0.95,0.0167,0.0333,0.996368,0.000602,0.003029,0.949997,0.016701,0.033302
CO2;Hydrogen;Argon,268.0,300.066167,80.967513,0.0,1.0,saturation,bubble,65.548296,65.548624,32.595435,3.56121866,4.24902934,0.95000038,43.17296821,34.06236152,918.64073,126.819297,0.95,0.0167,0.0333,0.95,0.0167,0.0333,0.589519,0.218284,0.192198
CO2;Hydrogen;Argon,268.0,300.066167,80.967513,0.0,1.0,saturation,dew,32.595598,65.548624,32.595435,5.28818533,5.3434193,0.99620947,43.96990956,43.17290009,954.954588,86.488347,0.95,0.0167,0.0333,0.996209,0.000638,0.003153,0.949997,0.016701,0.033302
CO2;Hydrogen;Argon,269.0,300.066167,80.967513,0.0,1.0,saturation,bubble,65.879096,65.879425,33.519427,3.42348177,4.0894318,0.95000039,43.17296843,34.41790416,912.749238,129.48502,0.95,0.0167,0.0333,0.95,0.0167,0.0333,0.601292,0.210171,0.188536
CO2;Hydrogen;Argon,269.0,300.066167,80.967513,0.0,1.0,saturation,dew,33.519595,65.879425,33.519427,5.09720691,5.15356879,0.99604305,43.96779406,43.17290052,949.253541,89.292563,0.95,0.0167,0.0333,0.996043,0.000676,0.003281,0.949997,0.016701,0.033302
CO2;Hydrogen;Argon,270.0,300.066167,80.967513,0.0,1.0,saturation,bubble,66.236024,66.236355,34.463506,3.28661399,3.93123826,0.9500004,43.17296865,34.76610831,906.761625,132.249177,0.95,0.0167,0.0333,0.95,0.0167,0.0333,0.612953,0.20224,0.184807
CO2;Hydrogen;Argon,270.0,300.066167,80.967513,0.0,1.0,saturation,dew,34.463678,66.236355,34.463506,4.90758637,4.96508646,0.99586875,43.96555944,43.17290096,943.456385,92.191169,0.95,0.0167,0.0333,0.995869,0.000716,0.003415,0.949997,0.016701,0.033302
CO2;Hydrogen;Argon,271.0,300.066167,80.967513,0.0,1.0,saturation,bubble,66.618698,66.619031,35.428055,3.15069003,3.77448568,0.95000041,43.17296888,35.10689639,900.672949,135.11589,0.95,0.0167,0.0333,0.95,0.0167,0.0333,0.624493,0.194492,0.181016
CO2;Hydrogen;Argon,271.0,300.066167,80.967513,0.0,1.0,saturation,dew,35.428232,66.619031,35.428055,4.71935813,4.77800544,0.99568607,43.96319756,43.17290141,937.558168,95.188753,0.95,0.0167,0.0333,0.995686,0.000759,0.003555,0.949997,0.016701,0.033302
CO2;Hydrogen;Argon,272.0,300.066167,80.967513,0.0,1.0,saturation,bubble,67.026743,67.027078,36.413475,3.01578514,3.61921254,0.95000043,43.17296911,35.44021853,894.477892,138.089657,0.95,0.0167,0.0333,0.95,0.0167,0.0333,0.635904,0.186926,0.17717
CO2;Hydrogen;Argon,272.0,300.066167,80.967513,0.0,1.0,saturation,dew,36.413657,67.027078,36.413475,4.53255876,4.59236077,0.99549449,43.96069954,43.17290187,931.553546,98.290274,0.95,0.0167,0.0333,0.995494,0.000804,0.003701,0.949997,0.016701,0.033302
CO2;Hydrogen;Argon,273.0,300.066167,80.967513,0.0,1.0,saturation,bubble,67.459792,67.460129,37.420183,2.88197538,3.46545904,0.95000044,43.17296935,35.76605142,888.17071,141.175395,0.95,0.0167,0.0333,0.95,0.0167,0.0333,0.647182,0.179544,0.173274
CO2;Hydrogen;Argon,273.0,300.066167,80.967513,0.0,1.0,saturation,dew,37.42037,67.460129,37.420183,4.34722714,4.40818954,0.99529342,43.95805562,43.17290233,925.436739,101.501101,0.95,0.0167,0.0333,0.995293,0.000852,0.003854,0.949997,0.016701,0.033302
CO2;Hydrogen;Argon,274.0,300.066167,80.967513,0.0,1.0,saturation,bubble,67.91748,67.91782,38.448615,2.74933785,3.31326724,0.95000045,43.1729696,36.08439694,881.745191,144.378484,0.95,0.0167,0.0333,0.95,0.0167,0.0333,0.658321,0.172344,0.169335
CO2;Hydrogen;Argon,274.0,300.066167,80.967513,0.0,1.0,saturation,dew,38.448807,67.91782,38.448615,4.16340473,4.22553109,0.99508222,43.9552551,43.17290281,919.201478,104.827069,0.95,0.0167,0.0333,0.995082,0.000903,0.004014,0.949997,0.016701,0.033302
CO2;Hydrogen;Argon,275.0,300.066167,80.967513,0.0,1.0,saturation,bubble,68.399448,68.39979,39.49923,2.61795095,3.16268128,0.95000047,43.17296986,36.39528086,875.194588,147.70483,0.95,0.0167,0.0333,0.95,0.0167,0.0333,0.669316,0.165325,0.165358
CO2;Hydrogen;Argon,275.0,300.066167,80.967513,0.0,1.0,saturation,dew,39.499427,68.39979,39.49923,3.98113581,4.04442721,0.99486018,43.95228617,43.17290329,912.840949,108.274532,0.95,0.0167,0.0333,0.99486,0.000958,0.004182,0.949997,0.016701,0.033302
CO2;Hydrogen;Argon,276.0,300.066167,80.967513,0.0,1.0,saturation,bubble,68.905335,68.90568,40.57251,2.48789478,3.0137476,0.95000048,43.17297013,36.69875135,868.51156,151.160925,0.95,0.0167,0.0333,0.95,0.0167,0.0333,0.680164,0.158487,0.161349
CO2;Hydrogen;Argon,276.0,300.066167,80.967513,0.0,1.0,saturation,dew,40.572713,68.90568,40.57251,3.80046781,3.86492243,0.99462654,43.94913577,43.17290379,906.347716,111.850432,0.95,0.0167,0.0333,0.994627,0.001016,0.004357,0.949997,0.016701,0.033302
CO2;Hydrogen;Argon,277.0,300.066167,80.967513,0.0,1.0,saturation,bubble,69.434777,69.435124,41.668964,2.3592514,2.86651524,0.9500005,43.1729704,36.99487758,861.68808,154.753923,0.95,0.0167,0.0333,0.95,0.0167,0.0333,0.690863,0.151825,0.157311
CO2;Hydrogen;Argon,277.0,300.066167,80.967513,0.0,1.0,saturation,dew,41.669172,69.435124,41.668964,3.62145161,3.68706424,0.99438044,43.94578942,43.1729043,899.713643,115.562373,0.95,0.0167,0.0333,0.99438,0.001078,0.004542,0.949997,0.016701,0.033302
CO2;Hydrogen;Argon,278.0,300.066167,80.967513,0.0,1.0,saturation,bubble,69.987404,69.987754,42.789133,2.23210534,2.72103612,0.95000051,43.17297069,37.28374831,854.715349,158.49173,0.95,0.0167,0.0333,0.950001,0.0167,0.0333,0.70141,0.145339,0.153251
CO2;Hydrogen;Argon,278.0,300.066167,80.967513,0.0,1.0,saturation,dew,42.789347,69.987754,42.789133,3.44414199,3.51090346,0.99412091,43.942231,43.17290482,892.929796,119.418718,0.95,0.0167,0.0333,0.994121,0.001144,0.004735,0.949997,0.016701,0.033302
CO2;Hydrogen;Argon,279.0,300.066167,80.967513,0.0,1.0,saturation,bubble,70.562837,70.56319,43.933589,2.10654402,2.5773654,0.95000053,43.17297099,37.56547068,847.583676,162.383108,0.95,0.0167,0.0333,0.950001,0.0167,0.0333,0.711804,0.139025,0.149171
CO2;Hydrogen;Argon,279.0,300.066167,80.967513,0.0,1.0,saturation,dew,43.933809,70.56319,43.933589,3.26859803,3.33649456,0.99384691,43.93844245,43.17290535,885.986327,123.428692,0.95,0.0167,0.0333,0.993847,0.001214,0.004939,0.949997,0.016701,0.033302
CO2;Hydrogen;Argon,280.0,300.066167,80.967513,0.0,1.0,saturation,bubble,71.160683,71.161039,45.102947,1.98265826,2.4355619,0.95000054,43.17297129,37.84016894,840.282342,166.437797,0.95,0.0167,0.0333,0.950001,0.0167,0.0333,0.722045,0.13288,0.145075
CO2;Hydrogen;Argon,280.0,300.066167,80.967513,0.0,1.0,saturation,dew,45.103172,71.161039,45.102947,3.09488369,3.16389613,0.99355723,43.93440352,43.17290589,878.87233,127.602516,0.95,0.0167,0.0333,0.993557,0.00129,0.005153,0.949997,0.016701,0.033302
CO2;Hydrogen;Argon,281.0,300.066167,80.967513,0.0,1.0,saturation,bubble,71.780528,71.780887,46.297864,1.86054292,2.29568857,0.95000056,43.1729716,38.10798353,832.799432,170.666668,0.95,0.0167,0.0333,0.950001,0.0167,0.0333,0.732133,0.1269,0.140968
CO2;Hydrogen;Argon,281.0,300.066167,80.967513,0.0,1.0,saturation,dew,46.298095,71.780887,46.297864,2.92306841,2.99317134,0.99325054,43.93009138,43.17290645,871.575678,131.951558,0.95,0.0167,0.0333,0.993251,0.001371,0.005379,0.949997,0.016701,0.033302
CO2;Hydrogen;Argon,282.0,300.066167,80.967513,0.0,1.0,saturation,bubble,72.421932,72.422294,47.519049,1.7402976,2.15781305,0.95000058,43.17297193,38.36907046,825.121635,175.0819,0.95,0.0167,0.0333,0.950001,0.0167,0.0333,0.742069,0.121081,0.136851
CO2;Hydrogen;Argon,282.0,300.066167,80.967513,0.0,1.0,saturation,dew,47.519286,72.422294,47.519049,2.75322784,2.82438849,0.99292532,43.92548011,43.17290702,864.082813,136.488521,0.95,0.0167,0.0333,0.992925,0.001458,0.005617,0.949997,0.016701,0.033302
CO2;Hydrogen;Argon,283.0,300.066167,80.967513,0.0,1.0,saturation,bubble,73.08442,73.084786,48.76727,1.62202742,2.02200831,0.9500006,43.17297228,38.62360057,817.23399,179.697201,0.95,0.0167,0.0333,0.950001,0.0167,0.0333,0.751855,0.115418,0.132727
CO2;Hydrogen;Argon,283.0,300.066167,80.967513,0.0,1.0,saturation,dew,48.767514,73.084786,48.76727,2.58544468,2.65762172,0.99257985,43.92054019,43.17290761,856.378494,141.227669,0.95,0.0167,0.0333,0.99258,0.001551,0.005869,0.949997,0.016701,0.033302
CO2;Hydrogen;Argon,284.0,300.066167,80.967513,0.0,1.0,saturation,bubble,73.767474,73.767843,50.043366,1.50584397,1.88835337,0.95000062,43.17297264,38.87175944,809.119575,184.528079,0.95,0.0167,0.0333,0.950001,0.0167,0.0333,0.761493,0.109908,0.128599
CO2;Hydrogen;Argon,284.0,300.066167,80.967513,0.0,1.0,saturation,dew,50.043617,73.767843,50.043366,2.41980972,2.49295179,0.99221217,43.91523774,43.17290821,848.445479,146.185109,0.95,0.0167,0.0333,0.992212,0.001651,0.006137,0.949997,0.016701,0.033302
CO2;Hydrogen;Argon,285.0,300.066167,80.967513,0.0,1.0,saturation,bubble,74.470519,74.470891,51.348256,1.39186642,1.75693427,0.95000064,43.172973,39.1137476,800.759122,189.59218,0.95,0.0167,0.0333,0.950001,0.0167,0.0333,0.770988,0.104545,0.124466
CO2;Hydrogen;Argon,285.0,300.066167,80.967513,0.0,1.0,saturation,dew,51.348513,74.470891,51.348256,2.25642306,2.330467,0.99182001,43.90953368,43.17290883,840.264129,151.379136,0.95,0.0167,0.0333,0.99182,0.00176,0.00642,0.949997,0.016701,0.033302
CO2;Hydrogen;Argon,286.0,300.066167,80.967513,0.0,1.0,saturation,bubble,75.192905,75.193281,52.682954,1.28022303,1.62784521,0.95000066,43.17297339,39.34978147,792.130526,194.909704,0.95,0.0167,0.0333,0.950001,0.0167,0.0333,0.780344,0.099324,0.120331
CO2;Hydrogen;Argon,286.0,300.066167,80.967513,0.0,1.0,saturation,dew,52.683218,75.193281,52.682954,2.09539556,2.17026433,0.99140074,43.90338253,43.17290948,831.811899,156.830666,0.95,0.0167,0.0333,0.991401,0.001877,0.006722,0.949997,0.016701,0.033302
CO2;Hydrogen;Argon,287.0,300.066167,80.967513,0.0,1.0,saturation,bubble,75.933893,75.934272,54.048593,1.17105275,1.50118992,0.95000068,43.1729738,39.58009404,783.208228,200.503946,0.95,0.0167,0.0333,0.950001,0.0167,0.0333,0.789567,0.09424,0.116193
CO2;Hydrogen;Argon,287.0,300.066167,80.967513,0.0,1.0,saturation,dew,54.048863,75.934272,54.048593,1.93685072,2.01245082,0.99095128,43.89673096,43.17291014,823.062687,162.563787,0.95,0.0167,0.0333,0.990951,0.002004,0.007045,0.949997,0.016701,0.033302
CO2;Hydrogen;Argon,288.0,300.066167,80.967513,0.0,1.0,saturation,bubble,76.692626,76.69301,55.446441,1.06450743,1.37708338,0.9500007,43.17297422,39.80493713,773.96241,206.401992,0.95,0.0167,0.0333,0.950001,0.0167,0.0333,0.798662,0.089287,0.112052
CO2;Hydrogen;Argon,288.0,300.066167,80.967513,0.0,1.0,saturation,dew,55.446718,76.69301,55.446441,1.78092684,1.85714524,0.99046802,43.8895159,43.17291082,813.985975,168.606471,0.95,0.0167,0.0333,0.990468,0.002143,0.007389,0.949997,0.016701,0.033302
CO2;Hydrogen;Argon,289.0,300.066167,80.967513,0.0,1.0,saturation,bubble,77.4681,77.468488,56.87794,0.9607546,1.25565417,0.95000073,43.17297466,40.02458431,764.357977,212.635616,0.95,0.0167,0.0333,0.950001,0.0167,0.0333,0.807638,0.084457,0.107905
CO2;Hydrogen;Argon,289.0,300.066167,80.967513,0.0,1.0,saturation,dew,56.878224,77.468488,56.87794,1.62777995,1.70448024,0.98994664,43.88166192,43.17291154,804.545698,174.991492,0.95,0.0167,0.0333,0.989947,0.002294,0.00776,0.949997,0.016701,0.033302
CO2;Hydrogen;Argon,290.0,300.066167,80.967513,0.0,1.0,saturation,bubble,78.259122,78.259513,58.344742,0.8599811,1.13704737,0.95000075,43.17297514,40.23933451,754.353224,219.242492,0.95,0.0167,0.0333,0.950001,0.0167,0.0333,0.816505,0.079745,0.10375
CO2;Hydrogen;Argon,290.0,300.066167,80.967513,0.0,1.0,saturation,dew,58.345033,78.259513,58.344742,1.4775875,1.55460498,0.98938193,43.8730778,43.17291228,794.698716,181.75765,0.95,0.0167,0.0333,0.989382,0.00246,0.008158,0.949997,0.016701,0.033302
CO2;Hydrogen;Argon,291.0,300.066167,80.967513,0.0,1.0,saturation,bubble,79.064255,79.06465,59.848765,0.76239768,1.0214284,0.95000078,43.17297564,40.44951792,743.898062,226.267826,0.95,0.0167,0.0333,0.950001,0.0167,0.0333,0.825273,0.075143,0.099584
CO2;Hydrogen;Argon,291.0,300.066167,80.967513,0.0,1.0,saturation,dew,59.849065,79.06465,59.848765,1.33055325,1.40768871,0.98876752,43.86365175,43.17291305,784.392739,188.951425,0.95,0.0167,0.0333,0.988768,0.002642,0.00859,0.949997,0.016701,0.033302
CO2;Hydrogen;Argon,292.0,300.066167,80.967513,0.0,1.0,saturation,bubble,79.881745,79.882145,61.39227,0.66824491,0.908988,0.95000081,43.17297617,40.65550406,732.931623,233.766608,0.95,0.0167,0.0333,0.950001,0.0167,0.0333,0.833957,0.070642,0.095401
CO2;Hydrogen;Argon,292.0,300.066167,80.967513,0.0,1.0,saturation,dew,61.392577,79.882145,61.39227,1.18691404,1.26392551,0.98809555,43.85324471,43.17291386,773.56345,196.629244,0.95,0.0167,0.0333,0.988096,0.002845,0.00906,0.949997,0.016701,0.033302
CO2;Hydrogen;Argon,293.0,300.066167,80.967513,0.0,1.0,saturation,bubble,80.709414,80.709817,62.977963,0.57780046,0.79994857,0.95000084,43.17297675,40.85771388,721.378883,241.806804,0.95,0.0167,0.0333,0.950001,0.0167,0.0333,0.842572,0.066234,0.091194
CO2;Hydrogen;Argon,293.0,300.066167,80.967513,0.0,1.0,saturation,dew,62.978277,80.709817,62.977963,1.04694926,1.12354077,0.98735605,43.84168067,43.1729147,762.130499,204.860699,0.95,0.0167,0.0333,0.987356,0.00307,0.009574,0.949998,0.016701,0.033302
CO2;Hydrogen;Argon,294.0,300.066167,80.967513,0.0,1.0,saturation,bubble,81.544492,81.5449,64.609147,0.49138798,0.6945722,0.95000088,43.17297736,41.05663834,709.145704,250.473964,0.95,0.0167,0.0333,0.950001,0.0167,0.0333,0.85114,0.061907,0.086953
CO2;Hydrogen;Argon,294.0,300.066167,80.967513,0.0,1.0,saturation,dew,64.60947,81.5449,64.609147,0.91099457,0.98680052,0.98653626,43.82873237,43.1729156,749.991786,213.733198,0.95,0.0167,0.0333,0.986536,0.003324,0.01014,0.949998,0.016701,0.033302
CO2;Hydrogen;Argon,295.0,300.066167,80.967513,0.0,1.0,saturation,bubble,82.383358,82.38377,66.289953,0.40938788,0.5931709,0.95000091,43.17297804,41.25286779,696.111108,259.878061,0.95,0.0167,0.0333,0.950001,0.0167,0.0333,0.859687,0.057649,0.082664
CO2;Hydrogen;Argon,295.0,300.066167,80.967513,0.0,1.0,saturation,dew,66.290284,82.38377,66.289953,0.77946178,0.85402479,0.98561933,43.81409949,43.17291655,737.015198,223.358958,0.95,0.0167,0.0333,0.985619,0.003612,0.010769,0.949998,0.016701,0.033301
