mixture,T_K,Tc_K,Pc_bar,kij,phi_ij,mode,point_type,P_bar,P_bub_bar,P_dew_bar,gamma_Parachor_mN_m,gamma_WSD_mN_m,mixcorr_WSD,M_liq_g_per_mol,M_vap_g_per_mol,rho_liq_kg_per_m3,rho_vap_kg_per_m3,z_CO2,z_Methane,x_CO2,x_Methane,y_CO2,y_Methane
CO2;Methane,200.0,300.705989,77.909632,0.0,1.0,saturation,bubble,15.141501,15.141576,2.475743,16.47958397,2.6e-07,0.95000034,42.61115761,21.16404957,1175.165737,22.045927,0.95,0.05,0.95,0.05,0.183129,0.816871
CO2;Methane,200.0,300.705989,77.909632,0.0,1.0,saturation,dew,2.475755,15.141576,2.475743,20.14489641,3.1e-07,0.99955794,43.9971369,42.61102092,1235.794557,6.649316,0.95,0.05,0.999558,0.000442,0.949995,0.050005
CO2;Methane,201.0,300.705989,77.909632,0.0,1.0,saturation,bubble,15.237028,15.237104,2.608296,16.28649327,2.5e-07,0.95000035,42.61115767,21.38944218,1171.788649,22.307958,0.95,0.05,0.95,0.05,0.191189,0.808811
CO2;Methane,201.0,300.705989,77.909632,0.0,1.0,saturation,dew,2.608309,15.237104,2.608296,19.90802405,3e-07,0.99953156,43.99639918,42.61102113,1232.368829,6.983218,0.95,0.05,0.999532,0.000468,0.949995,0.050005
CO2;Methane,202.0,300.705989,77.909632,0.0,1.0,saturation,bubble,15.33972,15.339796,2.746284,16.09311162,2.5e-07,0.95000035,42.61115782,21.61963514,1168.4008,22.588383,0.95,0.05,0.95,0.05,0.19942,0.80058
CO2;Methane,202.0,300.705989,77.909632,0.0,1.0,saturation,dew,2.746297,15.339796,2.746284,19.67169098,3e-07,0.99950398,43.99562786,42.61102134,1228.930995,7.329986,0.95,0.05,0.999504,0.000496,0.949995,0.050005
CO2;Methane,203.0,300.705989,77.909632,0.0,1.0,saturation,bubble,15.449618,15.449695,2.889854,15.89947486,2.4e-07,0.95000035,42.61115787,21.85446838,1165.001845,22.887351,0.95,0.05,0.95,0.05,0.207816,0.792184
CO2;Methane,203.0,300.705989,77.909632,0.0,1.0,saturation,dew,2.889868,15.449695,2.889854,19.43588598,2.9e-07,0.99947516,43.99482191,42.61102156,1225.480747,7.689968,0.95,0.05,0.999475,0.000525,0.949995,0.050005
CO2;Methane,204.0,300.705989,77.909632,0.0,1.0,saturation,bubble,15.566768,15.566846,3.039155,15.70561676,2.4e-07,0.95000035,42.61115793,22.09377156,1161.591444,23.205032,0.95,0.05,0.95,0.05,0.216373,0.783627
CO2;Methane,204.0,300.705989,77.909632,0.0,1.0,saturation,dew,3.039171,15.566846,3.039155,19.20059818,2.9e-07,0.99944507,43.99398027,42.61102178,1222.017767,8.063518,0.95,0.05,0.999445,0.000555,0.949995,0.050005
CO2;Methane,205.0,300.705989,77.909632,0.0,1.0,saturation,bubble,15.691225,15.691303,3.194339,15.51156834,2.3e-07,0.95000036,42.61115799,22.33736379,1158.169248,23.541619,0.95,0.05,0.95,0.05,0.225083,0.774917
CO2;Methane,205.0,300.705989,77.909632,0.0,1.0,saturation,dew,3.194355,15.691303,3.194339,18.96581713,2.8e-07,0.99941366,43.99310186,42.61102201,1218.54173,8.450997,0.95,0.05,0.999414,0.000586,0.949995,0.050005
CO2;Methane,206.0,300.705989,77.909632,0.0,1.0,saturation,bubble,15.823048,15.823127,3.355557,15.31735838,2.3e-07,0.95000036,42.61115805,22.58505444,1154.734901,23.897328,0.95,0.05,0.95,0.05,0.233939,0.766061
CO2;Methane,206.0,300.705989,77.909632,0.0,1.0,saturation,dew,3.355574,15.823127,3.355557,18.73153274,2.8e-07,0.9993809,43.99218559,42.61102224,1215.052303,8.852774,0.95,0.05,0.999381,0.000619,0.949996,0.050004
CO2;Methane,207.0,300.705989,77.909632,0.0,1.0,saturation,bubble,15.962305,15.962385,3.522963,15.12301372,2.2e-07,0.95000036,42.61115812,22.83664398,1151.288039,24.272395,0.95,0.05,0.95,0.05,0.242935,0.757065
CO2;Methane,207.0,300.705989,77.909632,0.0,1.0,saturation,dew,3.522981,15.962385,3.522963,18.4977354,2.7e-07,0.99934674,43.99123035,42.61102248,1211.549144,9.269222,0.95,0.05,0.999347,0.000653,0.949996,0.050004
CO2;Methane,208.0,300.705989,77.909632,0.0,1.0,saturation,bubble,16.109066,16.109147,3.696713,14.92855931,2.2e-07,0.95000036,42.6111582,23.09192445,1147.828289,24.667077,0.95,0.05,0.95,0.05,0.252063,0.747937
CO2;Methane,208.0,300.705989,77.909632,0.0,1.0,saturation,dew,3.696732,16.109147,3.696713,18.2644157,2.7e-07,0.99931115,43.990235,42.61102272,1208.0319,9.700727,0.95,0.05,0.999311,0.000689,0.949996,0.050004
CO2;Methane,209.0,300.705989,77.909632,0.0,1.0,saturation,bubble,16.26341,16.263491,3.876963,14.73401858,2.1e-07,0.95000037,42.6111583,23.35068049,1144.355273,25.08165,0.95,0.05,0.95,0.05,0.261315,0.738685
CO2;Methane,209.0,300.705989,77.909632,0.0,1.0,saturation,dew,3.876982,16.263491,3.876963,18.03156493,2.6e-07,0.99927409,43.9891984,42.61102297,1204.500212,10.147677,0.95,0.05,0.999274,0.000726,0.949996,0.050004
CO2;Methane,210.0,300.705989,77.909632,0.0,1.0,saturation,bubble,16.425417,16.4255,4.063871,14.53941334,2.1e-07,0.95000037,42.61115839,23.61268979,1140.8686,25.516411,0.95,0.05,0.95,0.05,0.270684,0.729316
CO2;Methane,210.0,300.705989,77.909632,0.0,1.0,saturation,dew,4.063892,16.4255,4.063871,17.79917461,2.6e-07,0.99923551,43.98811937,42.61102322,1200.95371,10.610472,0.95,0.05,0.999236,0.000764,0.949996,0.050004
CO2;Methane,211.0,300.705989,77.909632,0.0,1.0,saturation,bubble,16.595176,16.595259,4.257597,14.34476427,2.1e-07,0.95000038,42.61115849,23.87772427,1137.367872,25.971674,0.95,0.05,0.95,0.05,0.280161,0.719839
CO2;Methane,211.0,300.705989,77.909632,0.0,1.0,saturation,dew,4.257618,16.595259,4.257597,17.56723675,2.5e-07,0.99919536,43.98699673,42.61102347,1197.392014,11.089518,0.95,0.05,0.999195,0.000805,0.949996,0.050004
CO2;Methane,212.0,300.705989,77.909632,0.0,1.0,saturation,bubble,16.772776,16.77286,4.458302,14.15009077,2e-07,0.95000038,42.61115859,24.14555064,1133.852682,26.447771,0.95,0.05,0.95,0.05,0.289737,0.710263
CO2;Methane,212.0,300.705989,77.909632,0.0,1.0,saturation,dew,4.458324,16.77286,4.458302,17.33574377,2.5e-07,0.99915362,43.98582926,42.61102373,1193.814732,11.585232,0.95,0.05,0.999154,0.000846,0.949996,0.050004
CO2;Methane,213.0,300.705989,77.909632,0.0,1.0,saturation,bubble,16.958314,16.958399,4.666148,13.95541131,2e-07,0.95000038,42.61115869,24.41593143,1130.32261,26.945056,0.95,0.05,0.95,0.05,0.299405,0.700595
CO2;Methane,213.0,300.705989,77.909632,0.0,1.0,saturation,dew,4.666171,16.958399,4.666148,17.10468857,2.4e-07,0.99911023,43.98461573,42.61102399,1190.221464,12.098037,0.95,0.05,0.99911,0.00089,0.949996,0.050004
CO2;Methane,214.0,300.705989,77.909632,0.0,1.0,saturation,bubble,17.151888,17.151974,4.881298,13.76074339,1.9e-07,0.95000039,42.6111588,24.6886257,1126.77723,27.463896,0.95,0.05,0.95,0.05,0.309156,0.690844
CO2;Methane,214.0,300.705989,77.909632,0.0,1.0,saturation,dew,4.881322,17.151974,4.881298,16.87406445,2.4e-07,0.99906515,43.98335489,42.61102426,1186.611796,12.628368,0.95,0.05,0.999065,0.000935,0.949996,0.050004
CO2;Methane,215.0,300.705989,77.909632,0.0,1.0,saturation,bubble,17.353601,17.353688,5.103918,13.56610375,1.9e-07,0.95000039,42.61115891,24.96339,1123.2161,28.004681,0.95,0.05,0.95,0.05,0.31898,0.68102
CO2;Methane,215.0,300.705989,77.909632,0.0,1.0,saturation,dew,5.103944,17.353688,5.103918,16.64386521,2.3e-07,0.99901832,43.98204545,42.61102453,1182.985304,13.176669,0.95,0.05,0.999018,0.000982,0.949996,0.050004
CO2;Methane,216.0,300.705989,77.909632,0.0,1.0,saturation,bubble,17.56356,17.563648,5.334174,13.3715084,1.9e-07,0.95000039,42.61115902,25.23997914,1119.638768,28.567816,0.95,0.05,0.95,0.05,0.32887,0.67113
CO2;Methane,216.0,300.705989,77.909632,0.0,1.0,saturation,dew,5.334201,17.563648,5.334174,16.41408509,2.3e-07,0.99896972,43.98068613,42.61102481,1179.341551,13.743393,0.95,0.05,0.99897,0.00103,0.949996,0.050004
CO2;Methane,217.0,300.705989,77.909632,0.0,1.0,saturation,bubble,17.781874,17.781963,5.572234,13.28880389,13.38406466,0.9500004,42.61115914,25.51814714,1116.04477,29.153724,0.95,0.05,0.95,0.05,0.338816,0.661184
CO2;Methane,217.0,300.705989,77.909632,0.0,1.0,saturation,dew,5.572262,17.781963,5.572234,16.32502638,16.32821486,0.99891928,43.97927558,42.61102509,1175.680087,14.329006,0.95,0.05,0.998919,0.001081,0.949996,0.050004
CO2;Methane,218.0,300.705989,77.909632,0.0,1.0,saturation,bubble,18.008656,18.008746,5.818266,13.08676847,13.1838188,0.9500004,42.61115928,25.79764795,1112.433629,29.762847,0.95,0.05,0.95,0.05,0.34881,0.65119
CO2;Methane,218.0,300.705989,77.909632,0.0,1.0,saturation,dew,5.818295,18.008746,5.818266,16.08665381,16.0900123,0.99886697,43.97781247,42.61102542,1172.000448,14.933982,0.95,0.05,0.998867,0.001133,0.949996,0.050004
CO2;Methane,219.0,300.705989,77.909632,0.0,1.0,saturation,bubble,18.244022,18.244113,6.072441,12.88500967,12.98416454,0.95000041,42.61115941,26.07823625,1108.804852,30.395645,0.95,0.05,0.95,0.05,0.358843,0.641157
CO2;Methane,219.0,300.705989,77.909632,0.0,1.0,saturation,dew,6.072471,18.244113,6.072441,15.84891269,15.85245802,0.99881272,43.97629541,42.61102571,1168.302159,15.558811,0.95,0.05,0.998813,0.001187,0.949996,0.050004
CO2;Methane,220.0,300.705989,77.909632,0.0,1.0,saturation,bubble,18.48809,18.488182,6.334931,12.68354964,12.78510661,0.95000041,42.61115954,26.35966839,1105.157934,31.052598,0.95,0.05,0.95,0.05,0.368906,0.631094
CO2;Methane,220.0,300.705989,77.909632,0.0,1.0,saturation,dew,6.334962,18.488182,6.334931,15.61180885,15.61555895,0.9987565,43.97472299,42.61102602,1164.584726,16.20399,0.95,0.05,0.998757,0.001243,0.949996,0.050004
CO2;Methane,221.0,300.705989,77.909632,0.0,1.0,saturation,bubble,18.74098,18.741074,6.605907,12.48240988,12.58664994,0.95000042,42.61115968,26.641703,1101.492355,31.734201,0.95,0.05,0.95,0.05,0.378991,0.621009
CO2;Methane,221.0,300.705989,77.909632,0.0,1.0,saturation,dew,6.605941,18.741074,6.605907,15.37534827,15.3793222,0.99869825,43.97309378,42.61102632,1160.847644,16.870032,0.95,0.05,0.998698,0.001302,0.949996,0.050004
CO2;Methane,222.0,300.705989,77.909632,0.0,1.0,saturation,bubble,19.002818,19.002913,6.885546,12.28161138,12.38879965,0.95000042,42.61115983,26.92410182,1097.807576,32.44097,0.95,0.05,0.95,0.05,0.389088,0.610912
CO2;Methane,222.0,300.705989,77.909632,0.0,1.0,saturation,dew,6.88558,19.002913,6.885546,15.13953711,15.14375509,0.99863791,43.97140632,42.61102663,1157.090388,17.557463,0.95,0.05,0.998638,0.001362,0.949996,0.050004
CO2;Methane,223.0,300.705989,77.909632,0.0,1.0,saturation,bubble,19.273728,19.273825,7.174021,12.08117467,12.19156108,0.95000043,42.61115998,27.20663036,1094.103046,33.173441,0.95,0.05,0.95,0.05,0.39919,0.60081
CO2;Methane,223.0,300.705989,77.909632,0.0,1.0,saturation,dew,7.174057,19.273825,7.174021,14.90438166,14.90886513,0.99857543,43.9696591,42.61102695,1153.312421,18.266823,0.95,0.05,0.998575,0.001425,0.949996,0.050004
CO2;Methane,224.0,300.705989,77.909632,0.0,1.0,saturation,bubble,19.55384,19.553938,7.471509,11.8811198,11.99493972,0.95000043,42.61116014,27.48905844,1090.378191,33.932169,0.95,0.05,0.95,0.05,0.409289,0.590711
CO2;Methane,224.0,300.705989,77.909632,0.0,1.0,saturation,dew,7.471547,19.553938,7.471509,14.66988842,14.67466,0.99851077,43.9678506,42.61102727,1149.513184,18.998665,0.95,0.05,0.998511,0.001489,0.949996,0.050004
CO2;Methane,225.0,300.705989,77.909632,0.0,1.0,saturation,bubble,19.843282,19.843382,7.778189,11.68146654,11.79894136,0.95000044,42.61116029,27.77116106,1086.632422,34.717729,0.95,0.05,0.95,0.05,0.419376,0.580624
CO2;Methane,225.0,300.705989,77.909632,0.0,1.0,saturation,dew,7.778228,19.843382,7.778189,14.43606404,14.44114763,0.99844386,43.96597924,42.61102758,1145.692103,19.753559,0.95,0.05,0.998444,0.001556,0.949996,0.050004
CO2;Methane,226.0,300.705989,77.909632,0.0,1.0,saturation,bubble,20.142188,20.142289,8.09424,11.48223433,11.60357198,0.95000045,42.61116046,28.05271881,1082.86513,35.530717,0.95,0.05,0.95,0.05,0.429443,0.570557
CO2;Methane,226.0,300.705989,77.909632,0.0,1.0,saturation,dew,8.094281,20.142289,8.09424,14.20291536,14.20833612,0.99837464,43.96404342,42.61102793,1141.848582,20.53209,0.95,0.05,0.998375,0.001625,0.949996,0.050004
CO2;Methane,227.0,300.705989,77.909632,0.0,1.0,saturation,bubble,20.450692,20.450794,8.419843,11.28344237,11.40883779,0.95000045,42.61116064,28.33351845,1079.075685,36.371748,0.95,0.05,0.95,0.05,0.439484,0.560516
CO2;Methane,227.0,300.705989,77.909632,0.0,1.0,saturation,dew,8.419885,20.450794,8.419843,13.97044939,13.9762338,0.99830306,43.96204151,42.61102827,1137.982009,21.334861,0.95,0.05,0.998303,0.001697,0.949996,0.050004
CO2;Methane,228.0,300.705989,77.909632,0.0,1.0,saturation,bubble,20.768929,20.769033,8.755178,11.08510962,11.21474522,0.95000046,42.61116081,28.61335331,1075.263435,37.241464,0.95,0.05,0.95,0.05,0.44949,0.55051
CO2;Methane,228.0,300.705989,77.909632,0.0,1.0,saturation,dew,8.755222,20.769033,8.755178,13.73867335,13.74484922,0.99822905,43.9599718,42.61102861,1134.091746,22.162493,0.95,0.05,0.998229,0.001771,0.949996,0.050004
CO2;Methane,229.0,300.705989,77.909632,0.0,1.0,saturation,bubble,21.097038,21.097143,9.100431,10.88725494,11.02130099,0.95000046,42.61116099,28.89202398,1071.427708,38.140525,0.95,0.05,0.95,0.05,0.459454,0.540546
CO2;Methane,229.0,300.705989,77.909632,0.0,1.0,saturation,dew,9.100476,21.097143,9.100431,13.50759466,13.51419114,0.99815256,43.95783258,42.61102896,1130.177137,23.015622,0.95,0.05,0.998153,0.001847,0.949996,0.050004
CO2;Methane,230.0,300.705989,77.909632,0.0,1.0,saturation,bubble,21.435156,21.435263,9.455785,10.68989706,10.82851206,0.95000047,42.61116118,29.16933847,1067.567804,39.069616,0.95,0.05,0.95,0.05,0.46937,0.53063
CO2;Methane,230.0,300.705989,77.909632,0.0,1.0,saturation,dew,9.455832,21.435263,9.455785,13.27722094,13.28426857,0.99807352,43.95562207,42.61102932,1126.2375,23.89491,0.95,0.05,0.998074,0.001926,0.949996,0.050004
CO2;Methane,231.0,300.705989,77.909632,0.0,1.0,saturation,bubble,21.783426,21.783534,9.821426,10.49305458,10.63638558,0.95000048,42.61116137,29.44511258,1063.683001,40.029448,0.95,0.05,0.95,0.05,0.47923,0.52077
CO2;Methane,231.0,300.705989,77.909632,0.0,1.0,saturation,dew,9.821475,21.783534,9.821426,13.04756001,13.05509073,0.99799187,43.95333844,42.61102968,1122.27213,24.801033,0.95,0.05,0.997992,0.002008,0.949996,0.050004
CO2;Methane,232.0,300.705989,77.909632,0.0,1.0,saturation,bubble,22.141988,22.142098,10.197541,10.29674616,10.44492908,0.95000049,42.61116156,29.71917044,1059.77255,41.020756,0.95,0.05,0.95,0.05,0.48903,0.51097
CO2;Methane,232.0,300.705989,77.909632,0.0,1.0,saturation,dew,10.197592,22.142098,10.197541,12.81861993,12.82666711,0.99790753,43.95097982,42.61103004,1118.280295,25.734695,0.95,0.05,0.997908,0.002092,0.949996,0.050004
CO2;Methane,233.0,300.705989,77.909632,0.0,1.0,saturation,bubble,22.510986,22.511098,10.58432,10.10099043,10.25415031,0.95000049,42.61116178,29.99134457,1055.835673,42.044302,0.95,0.05,0.95,0.05,0.498762,0.501238
CO2;Methane,233.0,300.705989,77.909632,0.0,1.0,saturation,dew,10.584373,22.511098,10.58432,12.59040897,12.59900741,0.99782044,43.94854427,42.61103041,1114.261238,26.696617,0.95,0.05,0.99782,0.00218,0.949996,0.050004
CO2;Methane,234.0,300.705989,77.909632,0.0,1.0,saturation,bubble,22.890564,22.890679,10.981953,9.90580603,10.06405727,0.9500005,42.61116198,30.26147602,1051.871563,43.100875,0.95,0.05,0.950001,0.049999,0.50842,0.49158
CO2;Methane,234.0,300.705989,77.909632,0.0,1.0,saturation,dew,10.982008,22.890679,10.981953,12.36293566,12.37212163,0.99773054,43.94602981,42.61103072,1110.214172,27.68755,0.95,0.05,0.997731,0.002269,0.949996,0.050004
CO2;Methane,235.0,300.705989,77.909632,0.0,1.0,saturation,bubble,23.280869,23.280985,11.390632,9.71121173,9.87465829,0.95000051,42.6111622,30.52941481,1047.879384,44.191295,0.95,0.05,0.950001,0.049999,0.518001,0.481999
CO2;Methane,235.0,300.705989,77.909632,0.0,1.0,saturation,dew,11.390688,23.280985,11.390632,12.13620876,12.14602,0.99763773,43.94343438,42.61103114,1106.138279,28.708267,0.95,0.05,0.997638,0.002362,0.949996,0.050004
CO2;Methane,236.0,300.705989,77.909632,0.0,1.0,saturation,bubble,23.682046,23.682164,11.810548,9.51722642,9.68596201,0.95000052,42.61116241,30.79501989,1043.858263,45.316411,0.95,0.05,0.950001,0.049999,0.527498,0.472502
CO2;Methane,236.0,300.705989,77.909632,0.0,1.0,saturation,dew,11.810607,23.682164,11.810548,11.91023728,11.92071303,0.99754196,43.94075586,42.61103154,1102.032712,29.759568,0.95,0.05,0.997542,0.002458,0.949996,0.050004
CO2;Methane,237.0,300.705989,77.909632,0.0,1.0,saturation,bubble,24.094244,24.094364,12.241899,9.32386911,9.49797735,0.95000052,42.61116264,31.05815925,1039.807298,46.477106,0.95,0.05,0.950001,0.049999,0.536907,0.463093
CO2;Methane,237.0,300.705989,77.909632,0.0,1.0,saturation,dew,12.24196,24.094364,12.241899,11.68503051,11.6962115,0.99744314,43.93799206,42.61103194,1097.896587,30.842284,0.95,0.05,0.997443,0.002557,0.949996,0.050004
CO2;Methane,238.0,300.705989,77.909632,0.0,1.0,saturation,bubble,24.51761,24.517732,12.684879,9.13115905,9.31071359,0.95000053,42.61116289,31.31871005,1035.725546,47.674294,0.95,0.05,0.950001,0.049999,0.546223,0.453777
CO2;Methane,238.0,300.705989,77.909632,0.0,1.0,saturation,dew,12.684943,24.517732,12.684879,11.460598,11.4725265,0.99734118,43.93514073,42.61103235,1093.728988,31.957275,0.95,0.05,0.997341,0.002659,0.949996,0.050004
CO2;Methane,239.0,300.705989,77.909632,0.0,1.0,saturation,bubble,24.952294,24.952419,13.139688,8.9391156,9.12418024,0.95000054,42.61116312,31.57655828,1031.612026,48.908929,0.95,0.05,0.950001,0.049999,0.555443,0.444557
CO2;Methane,239.0,300.705989,77.909632,0.0,1.0,saturation,dew,13.139753,24.952419,13.139688,11.23694961,11.24966939,0.99723601,43.9321995,42.61103276,1089.52896,33.105432,0.95,0.05,0.997236,0.002764,0.949996,0.050004
CO2;Methane,240.0,300.705989,77.909632,0.0,1.0,saturation,bubble,25.398447,25.398574,13.606524,8.74775847,8.93838725,0.95000055,42.61116336,31.83159934,1027.465717,50.181999,0.95,0.05,0.950001,0.049999,0.564562,0.435438
CO2;Methane,240.0,300.705989,77.909632,0.0,1.0,saturation,dew,13.606592,25.398574,13.606524,11.01409546,11.02765186,0.99712755,43.92916596,42.61103317,1085.295508,34.287683,0.95,0.05,0.997128,0.002872,0.949996,0.050004
CO2;Methane,241.0,300.705989,77.909632,0.0,1.0,saturation,bubble,25.856219,25.856348,14.085589,8.55710891,8.75334567,0.95000056,42.61116361,32.08373751,1023.285611,51.494548,0.95,0.05,0.950001,0.049999,0.573578,0.426422
CO2;Methane,241.0,300.705989,77.909632,0.0,1.0,saturation,dew,14.08566,25.856348,14.085589,10.79204602,10.8064859,0.99701569,43.92603758,42.61103359,1081.027596,35.50499,0.95,0.05,0.997016,0.002984,0.949996,0.050004
CO2;Methane,242.0,300.705989,77.909632,0.0,1.0,saturation,bubble,26.325761,26.325892,14.577087,8.36718467,8.56906458,0.95000057,42.61116392,32.33288621,1019.070488,52.847621,0.95,0.05,0.950001,0.049999,0.582487,0.417513
CO2;Methane,242.0,300.705989,77.909632,0.0,1.0,saturation,dew,14.57716,26.325892,14.577087,10.57081207,10.58618383,0.99690034,43.92281175,42.61103401,1076.724143,36.758353,0.95,0.05,0.9969,0.0031,0.949996,0.050004
CO2;Methane,243.0,300.705989,77.909632,0.0,1.0,saturation,bubble,26.807226,26.80736,15.081223,8.1780075,8.38555562,0.95000058,42.61116417,32.57896696,1014.81924,54.24235,0.95,0.05,0.950001,0.049999,0.591286,0.408714
CO2;Methane,243.0,300.705989,77.909632,0.0,1.0,saturation,dew,15.081299,26.80736,15.081223,10.35040474,10.36675832,0.99678142,43.91948573,42.61103444,1072.384022,38.048816,0.95,0.05,0.996781,0.003219,0.949996,0.050004
CO2;Methane,244.0,300.705989,77.909632,0.0,1.0,saturation,bubble,27.300767,27.300904,15.598205,7.98959854,8.20283027,0.95000059,42.61116443,32.82191069,1010.530658,55.6799,0.95,0.05,0.950001,0.049999,0.599972,0.400028
CO2;Methane,244.0,300.705989,77.909632,0.0,1.0,saturation,dew,15.598283,27.300904,15.598205,10.1308355,10.1482224,0.99665881,43.91605669,42.61103488,1068.006054,39.377462,0.95,0.05,0.996659,0.003341,0.949996,0.050004
CO2;Methane,245.0,300.705989,77.909632,0.0,1.0,saturation,bubble,27.806537,27.806676,16.128241,7.80197918,8.0209003,0.9500006,42.61116469,33.06165652,1006.203478,57.161489,0.95,0.05,0.950001,0.049999,0.608545,0.391455
CO2;Methane,245.0,300.705989,77.909632,0.0,1.0,saturation,dew,16.128321,27.806676,16.128241,9.9121162,9.93058944,0.99653241,43.91252168,42.61103532,1063.589008,40.745423,0.95,0.05,0.996532,0.003468,0.949996,0.050004
CO2;Methane,246.0,300.705989,77.909632,0.0,1.0,saturation,bubble,28.324688,28.32483,16.671543,7.61517128,7.83977789,0.95000061,42.61116497,33.29815182,1001.836375,58.688389,0.95,0.05,0.950001,0.049999,0.617001,0.382999
CO2;Methane,246.0,300.705989,77.909632,0.0,1.0,saturation,dew,16.671626,28.32483,16.671543,9.69425909,9.71387321,0.99640211,43.9088776,42.61103577,1059.131598,42.153882,0.95,0.05,0.996402,0.003598,0.949996,0.050004
CO2;Methane,247.0,300.705989,77.909632,0.0,1.0,saturation,bubble,28.855377,28.855521,17.228324,7.4291972,7.65947567,0.95000062,42.61116525,33.53135201,997.427962,60.261931,0.95,0.05,0.950001,0.049999,0.625339,0.374661
CO2;Methane,247.0,300.705989,77.909632,0.0,1.0,saturation,dew,17.228411,28.855521,17.228324,9.47727682,9.4980879,0.99626779,43.90512125,42.61103623,1054.632474,43.604071,0.95,0.05,0.996268,0.003732,0.949996,0.050004
CO2;Methane,248.0,300.705989,77.909632,0.0,1.0,saturation,bubble,29.398749,29.398895,17.798802,7.24408108,7.48000786,0.95000066,42.61116642,33.76122369,992.976828,61.883495,0.95,0.05,0.950001,0.049999,0.633559,0.366441
CO2;Methane,248.0,300.705989,77.909632,0.0,1.0,saturation,dew,17.798891,29.398895,17.798802,9.2611826,9.28324814,0.99612934,43.90124923,42.6110367,1050.090231,45.09728,0.95,0.05,0.996129,0.003871,0.949996,0.050004
CO2;Methane,249.0,300.705989,77.909632,0.0,1.0,saturation,bubble,29.954975,29.955125,18.383195,7.05984341,7.30138539,0.95000066,42.61116651,33.98773006,988.481358,63.554567,0.95,0.05,0.950001,0.049999,0.641658,0.358342
CO2;Methane,249.0,300.705989,77.909632,0.0,1.0,saturation,dew,18.383287,29.955125,18.383195,9.04598971,9.06936882,0.99598663,43.89725803,42.61103717,1045.503379,46.634861,0.95,0.05,0.995987,0.004013,0.949996,0.050004
CO2;Methane,250.0,300.705989,77.909632,0.0,1.0,saturation,bubble,30.524202,30.524354,18.981723,6.8765099,7.1236238,0.95000067,42.61116666,34.21085358,983.940006,65.276665,0.95,0.05,0.950001,0.049999,0.649636,0.350364
CO2;Methane,250.0,300.705989,77.909632,0.0,1.0,saturation,dew,18.981818,30.524354,18.981723,8.83171228,8.85646546,0.99583953,43.89314393,42.61103754,1040.87037,48.218229,0.95,0.05,0.99584,0.00416,0.949996,0.050004
CO2;Methane,251.0,300.705989,77.909632,0.0,1.0,saturation,bubble,31.106584,31.10674,19.594611,6.69410517,6.94673761,0.95000067,42.61116686,34.43057928,979.351093,67.051397,0.95,0.05,0.950001,0.049999,0.657493,0.342507
CO2;Methane,251.0,300.705989,77.909632,0.0,1.0,saturation,dew,19.594709,31.10674,19.594611,8.61836488,8.64455406,0.99568789,43.88890305,42.61103807,1036.189573,49.848867,0.95,0.05,0.995688,0.004312,0.949996,0.050004
CO2;Methane,252.0,300.705989,77.909632,0.0,1.0,saturation,bubble,31.702278,31.702436,20.222086,6.51265452,6.77074188,0.95000068,42.6111671,34.64689889,974.712851,68.880455,0.95,0.05,0.950001,0.049999,0.665227,0.334773
CO2;Methane,252.0,300.705989,77.909632,0.0,1.0,saturation,dew,20.222187,31.702436,20.222086,8.40596252,8.43365103,0.99553157,43.8845313,42.6110386,1031.459273,51.528336,0.95,0.05,0.995532,0.004468,0.949996,0.050004
CO2;Methane,253.0,300.705989,77.909632,0.0,1.0,saturation,bubble,32.311438,32.3116,20.864378,6.33218398,6.59565223,0.95000069,42.61116737,34.85981064,970.023422,70.765622,0.95,0.05,0.950001,0.049999,0.67284,0.32716
CO2;Methane,253.0,300.705989,77.909632,0.0,1.0,saturation,dew,20.864482,32.3116,20.864378,8.19452084,8.22377334,0.99537042,43.88002436,42.61103911,1026.677666,53.258273,0.95,0.05,0.99537,0.00463,0.949996,0.050004
CO2;Methane,254.0,300.705989,77.909632,0.0,1.0,saturation,bubble,32.934221,32.934386,21.52172,6.15272036,6.42148489,0.9500007,42.61116766,35.06931886,965.280849,72.708774,0.95,0.05,0.950001,0.049999,0.680332,0.319668
CO2;Methane,254.0,300.705989,77.909632,0.0,1.0,saturation,dew,21.521828,32.934386,21.52172,7.98405604,8.01493852,0.99520427,43.87537768,42.61103963,1021.842852,55.040403,0.95,0.05,0.995204,0.004796,0.949996,0.050004
CO2;Methane,255.0,300.705989,77.909632,0.0,1.0,saturation,bubble,33.570783,33.570951,22.194348,5.9742913,6.24825671,0.95000071,42.61116797,35.27543379,960.483067,74.711895,0.95,0.05,0.950001,0.049999,0.687701,0.312299
CO2;Methane,255.0,300.705989,77.909632,0.0,1.0,saturation,dew,22.194459,33.570951,22.194348,7.77458496,7.80716466,0.99503296,43.87058648,42.61104015,1016.952827,56.876546,0.95,0.05,0.995033,0.004967,0.949996,0.050004
CO2;Methane,256.0,300.705989,77.909632,0.0,1.0,saturation,bubble,34.22128,34.221451,22.882504,5.79692533,6.07598518,0.95000073,42.6111683,35.47817121,955.627897,76.777077,0.95,0.05,0.950001,0.049999,0.694951,0.305049
CO2;Methane,256.0,300.705989,77.909632,0.0,1.0,saturation,dew,22.882619,34.221451,22.882504,7.56612513,7.60047048,0.99485629,43.86564566,42.61104068,1012.005477,58.76862,0.95,0.05,0.994856,0.005144,0.949996,0.050004
CO2;Methane,257.0,300.705989,77.909632,0.0,1.0,saturation,bubble,34.885866,34.886041,23.586431,5.62065192,5.90468853,0.95000074,42.61116864,35.67755222,950.713035,78.906537,0.95,0.05,0.950001,0.049999,0.70208,0.29792
CO2;Methane,257.0,300.705989,77.909632,0.0,1.0,saturation,dew,23.586549,34.886041,23.586431,7.35869473,7.39487531,0.99467408,43.86054986,42.61104122,1006.998566,60.718651,0.95,0.05,0.994674,0.005326,0.949996,0.050004
CO2;Methane,258.0,300.705989,77.909632,0.0,1.0,saturation,bubble,35.564699,35.564877,24.306379,5.44550158,5.73438569,0.95000075,42.611169,35.87360291,945.736046,81.102624,0.95,0.05,0.950001,0.049999,0.70909,0.29091
CO2;Methane,258.0,300.705989,77.909632,0.0,1.0,saturation,dew,24.3065,35.564877,24.306379,7.15231285,7.19039924,0.99448613,43.85529337,42.61104177,1001.929734,62.728784,0.95,0.05,0.994486,0.005514,0.949996,0.050004
CO2;Methane,259.0,300.705989,77.909632,0.0,1.0,saturation,bubble,36.257933,36.258114,25.042599,5.27150588,5.56509641,0.95000076,42.61116937,36.06635414,940.694348,83.367831,0.95,0.05,0.950001,0.049999,0.715982,0.284018
CO2;Methane,259.0,300.705989,77.909632,0.0,1.0,saturation,dew,25.042724,36.258114,25.042599,6.94699923,6.98706299,0.99429221,43.84987012,42.61104232,996.796476,64.801292,0.95,0.05,0.994292,0.005708,0.949996,0.050004
CO2;Methane,260.0,300.705989,77.909632,0.0,1.0,saturation,bubble,36.965724,36.965908,25.795349,5.09869758,5.39684125,0.95000078,42.61116976,36.25584124,935.585203,85.704806,0.95,0.05,0.950001,0.049999,0.722757,0.277243
CO2;Methane,260.0,300.705989,77.909632,0.0,1.0,saturation,dew,25.795478,36.965908,25.795349,6.74277456,6.7848881,0.99409211,43.84427367,42.61104288,991.596138,66.938587,0.95,0.05,0.994092,0.005908,0.949996,0.050004
CO2;Methane,261.0,300.705989,77.909632,0.0,1.0,saturation,bubble,37.688226,37.688414,26.564893,4.92711069,5.22964166,0.95000079,42.61117015,36.44210381,930.405704,88.116371,0.95,0.05,0.950001,0.049999,0.729417,0.270583
CO2;Methane,261.0,300.705989,77.909632,0.0,1.0,saturation,dew,26.565026,37.688414,26.564893,6.53966042,6.58389691,0.99388556,43.83849713,42.61104346,986.325899,69.143232,0.95,0.05,0.993886,0.006114,0.949996,0.050004
CO2;Methane,262.0,300.705989,77.909632,0.0,1.0,saturation,bubble,38.425595,38.425787,27.351496,4.75678056,5.06352004,0.95000081,42.61117056,36.62518546,925.152758,90.605532,0.95,0.05,0.950001,0.049999,0.735964,0.264036
CO2;Methane,262.0,300.705989,77.909632,0.0,1.0,saturation,dew,27.351633,38.425787,27.351496,6.33767982,6.38411295,0.99367232,43.83253344,42.6110461,980.982777,71.417951,0.95,0.05,0.993672,0.006328,0.949996,0.050004
CO2;Methane,263.0,300.705989,77.909632,0.0,1.0,saturation,bubble,39.177984,39.17818,28.155438,4.58774391,4.89849973,0.95000082,42.61117091,36.80513335,919.823066,93.175503,0.95,0.05,0.950001,0.049999,0.742398,0.257602
CO2;Methane,263.0,300.705989,77.909632,0.0,1.0,saturation,dew,28.155578,39.17818,28.155438,6.1368557,6.18555975,0.99345209,43.82637423,42.61104701,975.563554,73.76566,0.95,0.05,0.993452,0.006548,0.949996,0.050004
CO2;Methane,264.0,300.705989,77.909632,0.0,1.0,saturation,bubble,39.945547,39.945746,28.976996,4.42003929,4.73460536,0.95000083,42.61117134,36.98199898,914.41312,95.829719,0.95,0.05,0.950001,0.049999,0.748722,0.251278
CO2;Methane,264.0,300.705989,77.909632,0.0,1.0,saturation,dew,28.97714,39.945746,28.976996,5.93721317,5.9882627,0.99322457,43.82001128,42.6110478,970.064837,76.189464,0.95,0.05,0.993225,0.006775,0.949996,0.050004
CO2;Methane,265.0,300.705989,77.909632,0.0,1.0,saturation,bubble,40.728435,40.728639,29.816458,4.25370668,4.5718625,0.95000085,42.61117178,37.15583658,908.919158,98.571866,0.95,0.05,0.950001,0.049999,0.754938,0.245062
CO2;Methane,265.0,300.705989,77.909632,0.0,1.0,saturation,dew,29.816607,40.728639,29.816458,5.73877833,5.79224796,0.99298945,43.81343554,42.61104853,964.482987,78.692689,0.95,0.05,0.992989,0.007011,0.949996,0.050004
CO2;Methane,266.0,300.705989,77.909632,0.0,1.0,saturation,bubble,41.526801,41.527009,30.67412,4.08878797,4.41029804,0.95000087,42.61117223,37.32670391,903.337157,101.405904,0.95,0.05,0.950001,0.049999,0.761047,0.238953
CO2;Methane,266.0,300.705989,77.909632,0.0,1.0,saturation,dew,30.674273,41.527009,30.67412,5.54157856,5.59754286,0.99274636,43.80663726,42.61104916,958.814112,81.278901,0.95,0.05,0.992746,0.007254,0.949996,0.050004
CO2;Methane,267.0,300.705989,77.909632,0.0,1.0,saturation,bubble,42.340795,42.341007,31.550288,3.92532702,4.24994019,0.95000088,42.61117268,37.49466191,897.6628,104.336094,0.95,0.05,0.950001,0.049999,0.767053,0.232947
CO2;Methane,267.0,300.705989,77.909632,0.0,1.0,saturation,dew,31.550446,42.341007,31.550288,5.34564221,5.40417547,0.99249493,43.7996055,42.61104714,953.054018,83.951938,0.95,0.05,0.992495,0.007505,0.949996,0.050004
CO2;Methane,268.0,300.705989,77.909632,0.0,1.0,saturation,bubble,43.170566,43.170782,32.445267,3.76336984,4.09081861,0.9500009,42.61117315,37.6597746,891.891446,107.367034,0.95,0.05,0.950001,0.049999,0.772957,0.227043
CO2;Methane,268.0,300.705989,77.909632,0.0,1.0,saturation,dew,32.44543,43.170782,32.445267,5.15100081,5.21217653,0.99223478,43.79232977,42.61104779,947.19826,86.715912,0.95,0.05,0.992235,0.007765,0.949996,0.050004
CO2;Methane,269.0,300.705989,77.909632,0.0,1.0,saturation,bubble,44.01626,44.01648,33.359383,3.60296479,3.93296449,0.95000092,42.61117364,37.822109,886.018091,110.503694,0.95,0.05,0.950001,0.049999,0.778761,0.221239
CO2;Methane,269.0,300.705989,77.909632,0.0,1.0,saturation,dew,33.359549,44.01648,33.359383,4.95768603,5.02157685,0.99196545,43.7847973,42.61104846,941.241992,89.575281,0.95,0.05,0.991965,0.008035,0.949996,0.050004
CO2;Methane,270.0,300.705989,77.909632,0.0,1.0,saturation,bubble,44.878023,44.878248,34.292967,3.44416274,3.77641071,0.95000093,42.61117413,37.98173515,880.037334,113.751466,0.95,0.05,0.950001,0.049999,0.784469,0.215531
CO2;Methane,270.0,300.705989,77.909632,0.0,1.0,saturation,dew,34.293138,44.878248,34.292967,4.76573189,4.83240919,0.99168645,43.77699474,42.61104915,935.180005,92.534862,0.95,0.05,0.991686,0.008314,0.949996,0.050004
CO2;Methane,271.0,300.705989,77.909632,0.0,1.0,saturation,bubble,45.755998,45.756226,35.246364,3.28701732,3.62119194,0.95000095,42.61117463,38.13872608,873.943322,117.116206,0.95,0.05,0.950001,0.049999,0.790082,0.209918
CO2;Methane,271.0,300.705989,77.909632,0.0,1.0,saturation,dew,35.24654,45.756226,35.246364,4.57517449,4.64470797,0.99139728,43.76890749,42.61104985,929.006663,95.599879,0.95,0.05,0.991397,0.008603,0.949996,0.050004
CO2;Methane,272.0,300.705989,77.909632,0.0,1.0,saturation,bubble,46.650323,46.650556,36.219931,3.13158521,3.46734482,0.95000097,42.61117515,38.29315792,867.729698,120.6043,0.95,0.05,0.950001,0.049999,0.795604,0.204396
CO2;Methane,272.0,300.705989,77.909632,0.0,1.0,saturation,dew,36.220112,46.650556,36.219931,4.38605221,4.4585094,0.99109736,43.76051962,42.61105056,922.715859,98.776013,0.95,0.05,0.991097,0.008903,0.949997,0.050003
CO2;Methane,273.0,300.705989,77.909632,0.0,1.0,saturation,bubble,47.561134,47.561372,37.214038,2.97792638,3.31490812,0.95000099,42.61117568,38.44510999,861.389538,124.222727,0.95,0.05,0.950001,0.049999,0.801038,0.198962
CO2;Methane,273.0,300.705989,77.909632,0.0,1.0,saturation,dew,37.214225,47.561372,37.214038,4.19840588,4.27385166,0.99078607,43.7518137,42.61105129,916.300947,102.069461,0.95,0.05,0.990786,0.009214,0.949997,0.050003
CO2;Methane,274.0,300.705989,77.909632,0.0,1.0,saturation,bubble,48.488563,48.488805,38.229075,2.82610446,3.16392291,0.95000101,42.61117623,38.594665,854.91527,127.979143,0.95,0.05,0.950001,0.049999,0.806385,0.193615
CO2;Methane,274.0,300.705989,77.909632,0.0,1.0,saturation,dew,38.229266,48.488805,38.229075,4.01227907,4.090775,0.99046272,43.74277053,42.61105204,909.754682,105.487002,0.95,0.05,0.990463,0.009537,0.949997,0.050003
CO2;Methane,275.0,300.705989,77.909632,0.0,1.0,saturation,bubble,49.432735,49.432982,39.265444,2.67618705,3.01443282,0.95000103,42.61117679,38.74190931,848.298588,131.881969,0.95,0.05,0.950001,0.049999,0.81165,0.18835
CO2;Methane,275.0,300.705989,77.909632,0.0,1.0,saturation,dew,39.265641,49.432982,39.265444,3.82771836,3.90932205,0.99012655,43.73336896,42.6110528,903.06913,109.036076,0.95,0.05,0.990127,0.009873,0.949997,0.050003
CO2;Methane,276.0,300.705989,77.909632,0.0,1.0,saturation,bubble,50.39377,50.394022,40.323572,2.52824622,2.86648421,0.95000105,42.61117737,38.88693328,841.530341,135.940511,0.95,0.05,0.950001,0.049999,0.816836,0.183164
CO2;Methane,276.0,300.705989,77.909632,0.0,1.0,saturation,dew,40.323773,50.394022,40.323572,3.6447737,3.72953793,0.98977674,43.72358557,42.61105358,896.235584,112.724882,0.95,0.05,0.989777,0.010223,0.949997,0.050003
CO2;Methane,277.0,300.705989,77.909632,0.0,1.0,saturation,bubble,51.371779,51.372036,41.403904,2.38235893,2.72012648,0.95000107,42.61117796,39.02983174,834.600406,140.165085,0.95,0.05,0.950001,0.049999,0.821945,0.178055
CO2;Methane,277.0,300.705989,77.909632,0.0,1.0,saturation,dew,41.404111,51.372036,41.403904,3.46349876,3.55147059,0.98941233,43.71339431,42.61105437,889.244438,116.562484,0.95,0.05,0.989412,0.010588,0.949997,0.050003
CO2;Methane,278.0,300.705989,77.909632,0.0,1.0,saturation,bubble,52.366864,52.367126,42.506914,2.23860758,2.57541238,0.95000109,42.61117857,39.17070455,827.497525,144.567181,0.95,0.05,0.950001,0.049999,0.826982,0.173018
CO2;Methane,278.0,300.705989,77.909632,0.0,1.0,saturation,dew,42.507127,52.367126,42.506914,3.28395135,3.375171,0.98903231,43.70276612,42.61105516,882.085059,120.558946,0.95,0.05,0.989032,0.010968,0.949997,0.050003
CO2;Methane,279.0,300.705989,77.909632,0.0,1.0,saturation,bubble,53.379113,53.37938,43.633103,2.09708072,2.4323983,0.95000112,42.6111792,39.3096575,820.20912,149.159653,0.95,0.05,0.950001,0.049999,0.831951,0.168049
CO2;Methane,279.0,300.705989,77.909632,0.0,1.0,saturation,dew,43.633321,53.37938,43.633103,3.10619401,3.20069356,0.98863549,43.69166842,42.61105595,874.745618,124.725498,0.95,0.05,0.988635,0.011365,0.949997,0.050003
CO2;Methane,280.0,300.705989,77.909632,0.0,1.0,saturation,bubble,54.408601,54.408873,44.783006,1.95787372,2.2911447,0.95000114,42.61117985,39.4468031,812.721047,153.956959,0.95,0.05,0.950001,0.049999,0.836854,0.163146
CO2;Methane,280.0,300.705989,77.909632,0.0,1.0,saturation,dew,44.783229,54.408873,44.783006,2.93029451,3.02809641,0.98822058,43.68006446,42.61105672,867.212887,129.074722,0.95,0.05,0.988221,0.011779,0.949997,0.050003
CO2;Methane,281.0,300.705989,77.909632,0.0,1.0,saturation,bubble,55.455383,55.45566,45.957194,1.82108968,2.15171652,0.95000116,42.61118052,39.58226199,805.017297,158.975447,0.95,0.05,0.950001,0.049999,0.841698,0.158302
CO2;Methane,281.0,300.705989,77.909632,0.0,1.0,saturation,dew,45.957424,55.45566,45.957194,2.75632655,2.85744184,0.98778607,43.66791258,42.61105745,859.471991,133.6208,0.95,0.05,0.987786,0.012214,0.949997,0.050003
CO2;Methane,282.0,300.705989,77.909632,0.0,1.0,saturation,bubble,56.519491,56.519773,47.156284,1.6868405,2.01418371,0.95000119,42.61118122,39.71616446,797.079628,164.233716,0.95,0.05,0.950001,0.049999,0.846486,0.153514
CO2;Methane,282.0,300.705989,77.909632,0.0,1.0,saturation,dew,47.156519,56.519773,47.156284,2.58437082,2.6887969,0.98733028,43.6551655,42.61105885,851.506105,138.379803,0.95,0.05,0.98733,0.01267,0.949997,0.050003
CO2;Methane,283.0,300.705989,77.909632,0.0,1.0,saturation,bubble,57.600926,57.601214,48.380946,1.55524809,1.87862179,0.95000121,42.61118195,39.84865253,788.88707,169.753069,0.95,0.05,0.950001,0.049999,0.851223,0.148777
CO2;Methane,283.0,300.705989,77.909632,0.0,1.0,saturation,dew,48.381188,57.601214,48.380946,2.41451523,2.52223347,0.98685125,43.64176837,42.61105983,843.296027,143.370076,0.95,0.05,0.986851,0.013149,0.949997,0.050003
CO2;Methane,284.0,300.705989,77.909632,0.0,1.0,saturation,bubble,58.699651,58.699945,49.631911,1.42644598,1.74511257,0.95000124,42.61118271,39.97988261,780.415314,175.558088,0.95,0.05,0.950001,0.049999,0.855915,0.144085
CO2;Methane,284.0,300.705989,77.909632,0.0,1.0,saturation,dew,49.63216,58.699945,49.631911,2.24685699,2.35782951,0.98634672,43.62765822,42.61106085,834.819723,148.612691,0.95,0.05,0.986347,0.013653,0.949997,0.050003
CO2;Methane,285.0,300.705989,77.909632,0.0,1.0,saturation,bubble,59.81558,59.815879,50.909983,1.30058124,1.61374495,0.95000127,42.61118351,40.11002891,771.635891,181.677375,0.95,0.05,0.950001,0.049999,0.860569,0.139431
CO2;Methane,285.0,300.705989,77.909632,0.0,1.0,saturation,dew,50.910237,59.815879,50.909983,2.08150342,2.19566932,0.98581407,43.61276142,42.61106191,826.051645,154.132062,0.95,0.05,0.985814,0.014186,0.949997,0.050003
CO2;Methane,286.0,300.705989,77.909632,0.0,1.0,saturation,bubble,60.948561,60.948866,52.216054,1.17781704,1.48461603,0.9500013,42.61118437,40.23928796,762.5151,188.144511,0.95,0.05,0.950001,0.049999,0.865191,0.134809
CO2;Methane,286.0,300.705989,77.909632,0.0,1.0,saturation,dew,52.216315,60.948866,52.216054,1.91857376,2.03584447,0.98525018,43.59699125,42.61106301,816.961886,159.956723,0.95,0.05,0.98525,0.01475,0.949997,0.050003
CO2;Methane,287.0,300.705989,77.909632,0.0,1.0,saturation,bubble,62.098358,62.098669,53.551126,1.05833604,1.35783247,0.95000133,42.6111853,40.36788446,753.012578,194.999346,0.95,0.05,0.950001,0.049999,0.869789,0.130211
CO2;Methane,287.0,300.705989,77.909632,0.0,1.0,saturation,dew,53.551394,62.098669,53.551126,1.75820125,1.87845468,0.98465138,43.58024441,42.61106417,807.515022,166.120368,0.95,0.05,0.984651,0.015349,0.949997,0.050003
CO2;Methane,288.0,300.705989,77.909632,0.0,1.0,saturation,bubble,63.264625,63.264942,54.916337,0.94234495,1.23351232,0.95000137,42.61118618,40.49607892,743.079362,202.289733,0.95,0.05,0.950001,0.049999,0.874373,0.125627
CO2;Methane,288.0,300.705989,77.909632,0.0,1.0,saturation,dew,54.916611,63.264942,54.916337,1.60053575,1.7236088,0.9840132,43.56239641,42.61106538,797.668554,172.663249,0.95,0.05,0.984013,0.015987,0.949997,0.050003
CO2;Methane,289.0,300.705989,77.909632,0.0,1.0,saturation,bubble,64.446865,64.447187,56.312994,0.83008135,1.11178795,0.9500014,42.61118728,40.62417899,732.655313,210.073908,0.95,0.05,0.950001,0.049999,0.878953,0.121047
CO2;Methane,289.0,300.705989,77.909632,0.0,1.0,saturation,dew,56.313275,64.447187,56.312994,1.44574713,1.57142599,0.9833302,43.543295,42.61106666,787.370716,179.634089,0.95,0.05,0.98333,0.01667,0.949997,0.050003
CO2;Methane,290.0,300.705989,77.909632,0.0,1.0,saturation,bubble,65.644385,65.644713,57.742625,0.72182198,0.99280927,0.95000145,42.6111886,40.75255292,721.665396,218.423919,0.95,0.05,0.950001,0.049999,0.883543,0.116457
CO2;Methane,290.0,300.705989,77.909632,0.0,1.0,saturation,dew,57.742914,65.644713,57.742625,1.29402989,1.42203705,0.98259562,43.52275099,42.61106802,776.557388,187.09279,0.95,0.05,0.982596,0.017404,0.949997,0.050003
CO2;Methane,291.0,300.705989,77.909632,0.0,1.0,saturation,bubble,66.856222,66.856556,59.20705,0.61789838,0.87675121,0.95000152,42.61119043,40.88165067,710.015033,227.430504,0.95,0.05,0.950002,0.049998,0.888159,0.111841
CO2;Methane,291.0,300.705989,77.909632,0.0,1.0,saturation,dew,59.207346,66.856556,59.20705,1.14560963,1.27558597,0.98180089,43.50052471,42.61106947,765.14758,195.114339,0.95,0.05,0.981801,0.018199,0.949997,0.050003
CO2;Methane,292.0,300.705989,77.909632,0.0,1.0,saturation,bubble,68.081041,68.081381,60.708481,0.5187116,0.76381935,0.95000163,42.61119346,41.01203427,697.582316,237.21059,0.95,0.05,0.950002,0.049998,0.892821,0.107179
CO2;Methane,292.0,300.705989,77.909632,0.0,1.0,saturation,dew,60.708785,68.081381,60.708481,1.00075278,1.13223182,0.9809349,43.47630571,42.61107102,753.036725,203.794651,0.95,0.05,0.980935,0.019065,0.949997,0.050003
CO2;Methane,293.0,300.705989,77.909632,0.0,1.0,saturation,bubble,69.316995,69.317342,62.249684,0.42475763,0.65426107,0.95000171,42.61119587,41.14442049,684.206917,247.918965,0.95,0.05,0.950002,0.049998,0.897555,0.102445
CO2;Methane,293.0,300.705989,77.909632,0.0,1.0,saturation,dew,62.249995,69.317342,62.249684,0.85978152,0.99215128,0.9799829,43.44968101,42.6110727,740.08638,213.259648,0.95,0.05,0.979983,0.020017,0.949997,0.050003
CO2;Methane,294.0,300.705989,77.909632,0.0,1.0,saturation,bubble,70.561449,70.561802,63.83423,0.0,8.43e-06,0.95,42.611148,42.60746112,669.665081,668.072573,0.95,0.05,0.95,0.05,0.949868,0.050132
CO2;Methane,294.0,300.705989,77.909632,0.0,1.0,saturation,dew,63.834549,70.561802,63.83423,0.72309791,0.85554153,0.97892459,43.42008312,42.61107453,726.10779,223.680061,0.95,0.05,0.978925,0.021075,0.949997,0.050003
CO2;Methane,295.0,300.705989,77.909632,0.0,1.0,saturation,bubble,71.810329,71.810688,65.466935,0.25521943,0.44655329,0.95000168,42.61119511,41.41939607,653.667443,273.054201,0.95,0.05,0.950002,0.049998,0.907387,0.092613
CO2;Methane,295.0,300.705989,77.909632,0.0,1.0,saturation,dew,65.467262,71.810688,65.466935,0.59122303,0.72262299,0.97773093,43.38670002,42.61107653,710.834155,235.296995,0.95,0.05,0.977731,0.022269,0.949997,0.050003
CO2;Methane,296.0,300.705989,77.909632,0.0,1.0,saturation,bubble,73.057326,73.057692,67.154665,0.18147366,0.34925716,0.95,42.611148,41.56518739,635.721059,288.218101,0.95,0.05,0.95,0.05,0.9126,0.0874
CO2;Methane,296.0,300.705989,77.909632,0.0,1.0,saturation,dew,67.155,73.057692,67.154665,0.46486094,0.59363755,0.9763581,43.34830597,42.61107858,693.869738,248.469601,0.95,0.05,0.976358,0.023642,0.949998,0.050002
CO2;Methane,297.0,300.705989,77.909632,0.0,1.0,saturation,bubble,74.291835,74.292206,68.907967,0.11685174,0.25715351,0.95,42.611148,41.72033205,615.09665,305.973328,0.95,0.05,0.95,0.05,0.918148,0.081852
CO2;Methane,297.0,300.705989,77.909632,0.0,1.0,saturation,dew,68.908311,74.292206,68.907967,0.3450046,0.46882639,0.97473485,43.3029085,42.61108175,674.584056,263.773148,0.95,0.05,0.974735,0.025265,0.949998,0.050002
CO2;Methane,298.0,300.705989,77.909632,0.0,1.0,saturation,bubble,75.495658,75.496035,70.744915,0.06344038,0.17131322,0.95,42.611148,41.8896687,590.51706,327.523713,0.95,0.05,0.95,0.05,0.924203,0.075797
CO2;Methane,298.0,300.705989,77.909632,0.0,1.0,saturation,dew,70.745268,75.496035,70.744915,0.23312798,0.34833396,0.97273163,43.24688433,42.6110852,651.851029,282.231265,0.95,0.05,0.972732,0.027268,0.949998,0.050002
