T_K,P_bar,gamma_mN_m
200.000000,2.623982,22.539601
200.516134,2.693093,22.396137
201.032268,2.763609,22.252863
201.548402,2.835549,22.109778
202.064536,2.908932,21.966884
202.580670,2.983778,21.824178
203.096804,3.060106,21.681663
203.612938,3.137936,21.539338
204.129072,3.217287,21.397203
204.645206,3.298179,21.255259
205.161340,3.380633,21.113505
205.677474,3.464668,20.971942
206.193608,3.550304,20.830570
206.709741,3.637561,20.689390
207.225875,3.726460,20.548400
207.742009,3.817022,20.407603
208.258143,3.909266,20.266998
208.774277,4.003213,20.126585
209.290411,4.098884,19.986366
209.806545,4.196300,19.846339
210.322679,4.295481,19.706506
210.838813,4.396449,19.566867
211.354947,4.499225,19.427422
211.871081,4.603830,19.288172
212.387215,4.710285,19.149117
212.903349,4.818611,19.010258
213.419483,4.928830,18.871596
213.935617,5.040964,18.733130
214.451751,5.155034,18.594861
214.967885,5.271062,18.456790
215.484019,5.389069,18.318917
216.000153,5.509078,18.181244
216.516287,5.631111,18.043770
217.032421,5.755190,17.906496
217.548555,5.881336,17.769423
218.064689,6.009573,17.632551
218.580823,6.139922,17.495882
219.096956,6.272406,17.359416
219.613090,6.407047,17.223153
220.129224,6.543869,17.087095
220.645358,6.682894,16.951241
221.161492,6.824144,16.815594
221.677626,6.967643,16.680154
222.193760,7.113414,16.544921
222.709894,7.261479,16.409896
223.226028,7.411862,16.275081
223.742162,7.564586,16.140477
224.258296,7.719674,16.006083
224.774430,7.877150,15.871902
225.290564,8.037038,15.737933
225.806698,8.199361,15.604179
226.322832,8.364142,15.470640
226.838966,8.531405,15.337317
227.355100,8.701175,15.204211
227.871234,8.873475,15.071323
228.387368,9.048329,14.938655
228.903502,9.225761,14.806208
229.419636,9.405796,14.673982
229.935770,9.588458,14.541979
230.451904,9.773772,14.410200
230.968038,9.961760,14.278647
231.484171,10.152450,14.147320
232.000305,10.345864,14.016221
232.516439,10.542028,13.885351
233.032573,10.740967,13.754712
233.548707,10.942705,13.624305
234.064841,11.147267,13.494132
234.580975,11.354680,13.364193
235.097109,11.564967,13.234491
235.613243,11.778154,13.105026
236.129377,11.994267,12.975801
236.645511,12.213331,12.846816
237.161645,12.435372,12.718075
237.677779,12.660415,12.589577
238.193913,12.888487,12.461325
238.710047,13.119612,12.333321
239.226181,13.353818,12.205566
239.742315,13.591130,12.078062
240.258449,13.831574,11.950810
240.774583,14.075177,11.823814
241.290717,14.321964,11.697074
241.806851,14.571964,11.570592
242.322985,14.825201,11.444371
242.839119,15.081703,11.318412
243.355253,15.341498,11.192717
243.871386,15.604610,11.067290
244.387520,15.871069,10.942130
244.903654,16.140900,10.817242
245.419788,16.414131,10.692627
245.935922,16.690790,10.568286
246.452056,16.970903,10.444224
246.968190,17.254500,10.320441
247.484324,17.541606,10.196941
248.000458,17.832251,10.073725
248.516592,18.126462,9.950797
249.032726,18.424267,9.828158
249.548860,18.725695,9.705812
250.064994,19.030774,9.583761
250.581128,19.339532,9.462008
251.097262,19.651998,9.340556
251.613396,19.968201,9.219407
252.129530,20.288169,9.098564
252.645664,20.611933,8.978030
253.161798,20.939520,8.857809
253.677932,21.270961,8.737903
254.194066,21.606284,8.618316
254.710200,21.945519,8.499051
255.226334,22.288697,8.380111
255.742468,22.635847,8.261499
256.258601,22.986999,8.143219
256.774735,23.342184,8.025275
257.290869,23.701431,7.907670
257.807003,24.064772,7.790408
258.323137,24.432237,7.673492
258.839271,24.803858,7.556927
259.355405,25.179664,7.440716
259.871539,25.559688,7.324864
260.387673,25.943962,7.209374
260.903807,26.332516,7.094252
261.419941,26.725382,6.979501
261.936075,27.122594,6.865125
262.452209,27.524182,6.751131
262.968343,27.930180,6.637521
263.484477,28.340620,6.524301
264.000611,28.755535,6.411477
264.516745,29.174958,6.299052
265.032879,29.598923,6.187033
265.549013,30.027462,6.075425
266.065147,30.460611,5.964232
266.581281,30.898402,5.853462
267.097415,31.340871,5.743119
267.613549,31.788052,5.633210
268.129683,32.239979,5.523741
268.645816,32.696688,5.414718
269.161950,33.158215,5.306148
269.678084,33.624594,5.198037
270.194218,34.095861,5.090393
270.710352,34.572054,4.983222
271.226486,35.053207,4.876532
271.742620,35.539360,4.770331
272.258754,36.030547,4.664625
272.774888,36.526807,4.559424
273.291022,37.028178,4.454736
273.807156,37.534698,4.350570
274.323290,38.046405,4.246933
274.839424,38.563338,4.143836
275.355558,39.085536,4.041288
275.871692,39.613039,3.939299
276.387826,40.145888,3.837880
276.903960,40.684121,3.737040
277.420094,41.227781,3.636790
277.936228,41.776908,3.537143
278.452362,42.331545,3.438110
278.968496,42.891732,3.339704
279.484630,43.457513,3.241937
280.000764,44.028931,3.144823
280.516898,44.606030,3.048375
281.033031,45.188852,2.952608
281.549165,45.777444,2.857538
282.065299,46.371850,2.763180
282.581433,46.972115,2.669550
283.097567,47.578286,2.576667
283.613701,48.190410,2.484548
284.129835,48.808534,2.393212
284.645969,49.432705,2.302679
285.162103,50.062973,2.212971
285.678237,50.699387,2.124110
286.194371,51.341997,2.036118
286.710505,51.990853,1.949021
287.226639,52.646006,1.862845
287.742773,53.307509,1.777616
288.258907,53.975413,1.693366
288.775041,54.649774,1.610124
289.291175,55.330644,1.527924
289.807309,56.018079,1.446802
290.323443,56.712134,1.366794
290.839577,57.412866,1.287942
291.355711,58.120333,1.210289
291.871845,58.834591,1.133882
292.387979,59.555702,1.058772
292.904113,60.283723,0.985013
293.420247,61.018716,0.912666
293.936380,61.760742,0.841795
294.452514,62.509863,0.772473
294.968648,63.266141,0.704778
295.484782,64.029640,0.638796
296.000916,64.800424,0.574626
296.517050,65.578557,0.512376
297.033184,66.364104,0.452171
297.549318,67.157128,0.394148
298.065452,67.957696,0.338472
298.581586,68.765870,0.285330
299.097720,69.581714,0.234947
299.613854,70.405291,0.187595
300.129988,71.236659,0.143609
300.646122,72.075876,0.103422
301.162256,72.922996,0.067619
301.678390,73.778067,0.037058
302.194524,74.641129,0.013195
302.710658,75.512215,-0.000000
