temperature,pressure,z_carbon dioxide,z_hydrogen,z_argon,Tc,Pc,Tr,Pr,P_bubble,P_dew,liquid_density,vapor_density,x_carbon dioxide,x_hydrogen,x_argon,y_carbon dioxide,y_hydrogen,y_argon,gamma,interfacial_thickness,E_carbon dioxide,E_hydrogen,E_argon,gamma0_CO2,rhoL0_CO2,rhoV0_CO2,Tc_CO2,Psat_CO2
200.0,2.523697991157118,0.95,0.02,0.03,305.8375620699602,91.9961858172594,0.6539419116682931,0.02743263722009274,77.57699188160993,2.523597991157118,1222.3368243434606,6.7937973260934355,0.9997818508336258,1.700335372423611e-05,0.00020114581264996762,0.9499638731466602,0.02001450172657386,0.030021625126765955,19.887815720703408,0.6052265043108193,1.0000000006167837,1.8994704380627263,5.678839029183898,19.91263411996264,1222.376153128829,6.589392400662558,309.1473760575555,2.3922586739869414
201.0,2.656278696170218,0.95,0.02,0.03,305.8375620699602,91.9961858172594,0.6572116212266345,0.028873791587910307,76.88470478747271,2.6561786961702176,1219.244469578609,7.126341368439151,0.9997704364227721,1.8148456028639624e-05,0.00021141512119931825,0.9499657336225564,0.020013757276733723,0.0300205091007098,19.650665909860443,0.6096466525168125,1.0000000008237775,1.8787790809522107,5.541748668714871,19.67631149464653,1219.2863467039988,6.911550054479794,309.1473760575555,2.5177145594904573
202.0,2.79421677795278,0.95,0.02,0.03,305.8375620699602,91.9961858172594,0.660481330784976,0.03037318072624438,76.21440047840468,2.79411677795278,1216.1391413378724,7.471374418364029,0.999758537436447,1.935956855471271e-05,0.00022210299499827847,0.9499674811311428,0.020013058016962435,0.030019460851894664,19.41402482921451,0.6140905993196902,1.0000000008759216,1.8584529047214218,5.409409099644624,19.440515430094564,1216.1837123074072,7.245770566711654,309.1473760575555,2.648218623874262
203.0,2.9376579057564887,0.95,0.02,0.03,305.8375620699602,91.9961858172594,0.6637510403433174,0.03193238806217284,75.56555785169103,2.9375579057564885,1213.0204741302643,7.829226627021046,0.9997461375262661,2.0639934536162133e-05,0.00023322253919778082,0.9499691235614401,0.020012400791583118,0.03001847564697682,19.177896901774844,0.6186235328529776,1.000000000649131,1.8384823586385466,5.281361296913637,19.205250500053978,1213.0678918685637,7.592369865688004,309.1473760575555,2.7839063321115076
204.0,3.0867494912383346,0.95,0.02,0.03,305.8375620699602,91.9961858172594,0.6670207499016589,0.0335530159627469,74.93768739829086,3.0866494912383344,1209.8880965833337,8.200234337719104,0.9997332198617175,2.199293878124217e-05,0.00024478719950129087,0.9499706681958354,0.0200117826875547,0.03001754911660996,18.94228671427976,0.623187087031981,1.0000000005481098,1.8191038111281217,5.157434537302795,18.970521356658203,1209.9385217936926,7.951669601577564,309.1473760575555,2.9249146337522567
205.0,3.241640674985887,0.95,0.02,0.03,305.8375620699602,91.9961858172594,0.6702904594600003,0.0352366855885206,74.33032935954228,3.241540674985887,1206.7416311806235,8.58474028821797,0.9997197671116704,2.342211403030269e-05,0.00025681077429918966,0.9499721217519084,0.020011201017757742,0.030016677230333976,18.707198984675404,0.627827524896086,1.0000000004933651,1.8000532791682669,5.0374661771925,18.736332948920182,1206.7952327215985,8.323997326113064,309.1473760575555,3.0713819419222324
206.0,3.402482313924691,0.95,0.02,0.03,305.8375620699602,91.9961858172594,0.6735601690183418,0.03698503675666901,73.74305201312728,3.402382313924691,1203.5806939882063,8.98309382567424,0.9997057614248389,2.4931147663488275e-05,0.0002693074274975411,0.9499734904209286,0.020010653305613225,0.03001585627345813,18.47263856591649,0.6325125964242346,1.0000000004849348,1.7813324258392127,4.921301136713812,18.502690211980752,1203.6376492697202,8.70968668358065,309.1473760575555,3.2234481128052623
207.0,3.5694269696712975,0.95,0.02,0.03,305.8375620699602,91.9961858172594,0.6768298785766833,0.03879972781438551,73.17545007762813,3.5693269696712973,1200.4048943696703,9.395651134907796,0.9996911844092544,2.652388877148056e-05,0.0002822917019741869,0.9499747799212432,0.020010137263713087,0.030015082815043708,18.23861045041414,0.6372695583277903,1.0000000004997045,1.7631465838622966,4.808791504159034,18.26959823556576,1200.4653897698147,9.109077613559938,309.1473760575555,3.381254425637722
208.0,3.742628897892932,0.95,0.02,0.03,305.8375620699602,91.9961858172594,0.6800995881350248,0.0406824355232212,72.6271432266213,3.7425288978929316,1197.2138346889992,9.822775480543049,0.9996760171106039,2.820435561980659e-05,0.00029577853377619573,0.9499759955495276,0.020009650773296136,0.030014353677176215,18.005119771098776,0.64207823041828,1.000000000522439,1.7452543967790566,4.699796160447139,18.037062373613775,1197.2780659927698,9.522516565933442,309.1473760575555,3.5449435632858424
209.0,3.9222440387375928,0.95,0.02,0.03,305.8375620699602,91.9961858172594,0.6833692976933662,0.04263485495505989,72.09777470338553,3.9221440387375925,1194.0071100004477,10.264837463444938,0.9996602399890507,2.997674356062835e-05,0.0003097832673886055,0.9499771421853758,0.020009191882474575,0.030013665932149717,17.772171810254516,0.6469609214052496,1.0000000005334857,1.7277045835622438,4.594180427669205,17.805087951366463,1194.075282861887,9.95035672871567,309.1473760575555,3.7146595934361217
210.0,4.108430008394875,0.95,0.02,0.03,305.8375620699602,91.9961858172594,0.6866390072517077,0.044658699400384194,71.58701002863779,4.1083300083948755,1190.7843077250034,10.722215292698086,0.9996438328951717,3.184543335848495e-05,0.0003243216714698827,0.9499782243589038,0.020008758779123968,0.03001301686197219,17.539771993749433,0.6519030943398058,1.0000000005330825,1.7106012141903941,4.4918157467866,17.57368055944734,1190.8566381540581,10.392958269289368,309.1473760575555,3.8905479503367095
211.0,4.301346091853447,0.95,0.02,0.03,305.8375620699602,91.9961858172594,0.6899087168100492,0.04675570028954909,71.0945357939165,4.301246091853447,1187.5450073123188,11.195295073287918,0.9996267750441543,3.3815000027921886e-05,0.00033940995581771294,0.9499792462615528,0.020008349786600245,0.030012403951846914,17.307925898834664,0.6569215799220253,1.0000000005911718,1.6937616282146477,4.392615382337588,17.342845906767632,1187.6217221881068,10.850688589678377,309.1473760575555,4.072755417350158
212.0,4.501153236915483,0.95,0.02,0.03,305.8375620699602,91.9961858172594,0.6931784263683907,0.048927607127718785,70.62005853449665,4.501053236915483,1184.2887798875006,11.684471110645724,0.999609044988637,3.5890222175203965e-05,0.00035506478918788116,0.9499802117742941,0.020007963352457036,0.030011824873248886,17.07663926169087,0.6620049088415492,1.0000000005603953,1.6773070381275674,4.296637882080657,17.112589847091293,1184.370117499621,11.323922596524703,309.1473760575555,4.261430110066607
213.0,4.7080140495346665,0.95,0.02,0.03,305.8375620699602,91.9961858172594,0.696448135926732,0.05117618744419072,70.16330367558464,4.707914049534667,1181.0151878817874,12.19014623285829,0.9995906205900068,3.807609188662343e-05,0.00037130331810648345,0.9499811244972153,0.020007598036601158,0.030011277466183615,16.84591787125162,0.6671528418632513,1.0000000001461498,1.661187379029254,4.203540018468774,16.88291838511455,1181.10139850147,11.813042986490817,309.1473760575555,4.456721460223794
214.0,4.922092790542755,0.95,0.02,0.03,305.8375620699602,91.9961858172594,0.6997178454850735,0.05350322675681323,69.72401454642981,4.921992790542755,1177.7237846461614,12.712732131441834,0.9995714789880227,4.037782520482815e-05,0.0003881431867724471,0.9499819877755317,0.020007252500878637,0.030010759723589714,16.61576792579807,0.67238684253929,1.0000000000490163,1.645317334614791,4.113217387935306,16.65383765961848,1177.8151311292202,12.318440547853507,309.1473760575555,4.658780200429112
215.0,5.143555373830249,0.95,0.02,0.03,305.8375620699602,91.9961858172594,0.702987555043415,0.05591052855220946,69.3019514576199,5.143455373830249,1174.4141140468569,13.252649721605891,0.9995515965685674,4.28008732419551e-05,0.0004056025581905277,0.9499828047138051,0.020006925503402453,0.03001026978279241,16.386195583657855,0.6776670461585518,1.0000000000455949,1.6298734711810174,4.02556573380275,16.425354043281228,1174.5108724705306,12.840514479112926,309.1473760575555,4.867758349563256
216.0,5.372569366052841,0.95,0.02,0.03,305.8375620699602,91.9961858172594,0.7062572646017565,0.05839991428258641,68.89689083665847,5.372469366052841,1171.0857100416613,13.81032952315863,0.9995309489295094,4.535093396592283e-05,0.0004237001365245726,0.9499835781909832,0.02000661589254888,0.03000980591646802,16.157207196170265,0.6830615797849191,1.0000000000490803,1.6146478075344004,3.940489416283782,16.197474007035687,1171.1881703776212,13.379672725501841,309.1473760575555,5.083809199153408
217.0,5.609303987930992,0.95,0.02,0.03,305.8375620699602,91.9961858172594,0.7095269741600979,0.06097322337986137,68.50862441791907,5.609203987930992,1167.7380962359227,14.38621206330877,0.9995095108446869,4.803396469338937e-05,0.0004424551906197658,0.9499843108895273,0.020006322595273823,0.030009366515198893,15.928809280807712,0.6885035204217808,1.0000000000663405,1.5997675270716654,3.85789559667388,15.970204176135178,1167.8465630617957,13.936332334341627,309.1473760575555,5.3070873004450645
218.0,5.853930117218851,0.95,0.02,0.03,305.8375620699602,91.9961858172594,0.7127966837184394,0.0636323132879341,68.13695848298765,5.853830117218851,1164.3707854168442,14.980748302357817,0.9994872562255587,5.085619537225656e-05,0.0004618875790689424,0.949985005304475,0.020006044613505556,0.030008950082019398,15.70100852190206,0.6940426023292687,1.0000000000822475,1.585159189170817,3.7776954401323892,15.743551394685394,1164.4855786689436,14.510919830264918,309.1473760575555,5.53774845253788
219.0,6.106620293416208,0.95,0.02,0.03,305.8375620699602,91.9961858172594,0.7160663932767809,0.06637905951390591,67.78171314782053,6.106520293416208,1160.9832790648345,15.594400083769381,0.9994641580805754,5.382414269110274e-05,0.00048201777673338703,0.94998566375542,0.020005781019360697,0.030008555225219214,15.473811782629712,0.6996610723123908,1.000000000074967,1.5708174734634701,3.6998039131699474,15.517522658159093,1161.1047348348748,15.103871611398837,309.1473760575555,5.775949691212326
220.0,6.367548724303864,0.95,0.02,0.03,305.8375620699602,91.9961858172594,0.7193361028351223,0.06921535569911909,67.44272169359863,6.367448724303864,1157.5750668404014,16.227640610116122,0.9994401884721786,5.6944625068804444e-05,0.00050286690275266,0.9499862884065693,0.020005530947100298,0.030008180646330467,15.247226120404465,0.7053558410269908,1.0000000000349472,1.5567886533650883,3.624193011569041,15.292125087998587,1157.7035382192419,15.715634367687219,309.1473760575555,6.021849278923348
221.0,6.636891294385376,0.95,0.02,0.03,305.8375620699602,91.9961858172594,0.7226058123934638,0.07214311371091897,67.11982993804142,6.636791294385376,1154.145626045025,16.880954946280617,0.9994153184710428,6.0224778612011106e-05,0.0005244567503452501,0.9499868812745054,0.020005293590037436,0.030007825135457245,15.021258832690611,0.7111466815829709,1.0000000003684986,1.542971000799637,3.5508577359605864,15.067366084369395,1154.2814840167314,16.34666552261792,309.1473760575555,6.275606695584804
222.0,6.9148255753213315,0.95,0.02,0.03,305.8375620699602,91.9961858172594,0.7258755219518053,0.07516426375607456,66.81289564452067,6.914725575321332,1150.6944210542858,17.55484055165413,0.9993895181074557,6.367207410455135e-05,0.0005468098184398613,0.9499874442334323,0.020005068198460842,0.030007487568106825,14.79591719775703,0.7170375102057399,1.0000000004059761,1.5294871443768105,3.4795872557703493,14.843253161087114,1150.8380554440992,16.9974336997232,309.1473760575555,6.537382630419433
223.0,7.201530838447752,0.95,0.02,0.03,305.8375620699602,91.9961858172594,0.7291452315101468,0.07828075451685382,66.5217879662516,7.201430838447752,1147.2209027215902,18.249807843410938,0.9993627563199639,6.729433507120879e-05,0.0005699493449649608,0.9499879790432023,0.020004854068360885,0.030007166888436788,14.571208802750725,0.722986425532904,1.0,1.5161801035286926,3.4103052827337708,14.619794008363321,1147.3727232015165,17.668419215321787,309.1473760575555,6.807338974776044
224.0,7.497188069476427,0.95,0.02,0.03,305.8375620699602,91.9961858172594,0.7324149410684881,0.0814945533108165,66.24638692321255,7.497088069476427,1143.7245077502,18.966380792172295,0.9993350009002704,7.109975708421877e-05,0.000593899342645319,0.9499884873363607,0.020004650546691257,0.030006862116948144,14.347141619443555,0.7290737101078094,1.0,1.5032058666899446,3.342944082624707,14.396996712382517,1143.8849449065945,18.36011459908871,309.1473760575555,7.085638816079348
225.0,7.8019799854782805,0.95,0.02,0.03,305.8375620699602,91.9961858172594,0.7356846506268296,0.08480764627542364,65.98658290948472,7.801879985478281,1140.204658031868,19.705097553008518,0.999306218435168,7.509692829685437e-05,0.0006186846365351687,0.9499889706457417,0.020004457020260595,0.03000657233399764,14.12372354988205,0.7352378336262667,1.0,1.490394352645514,3.2774384151844167,14.174868895867752,1140.374164499297,19.07302514416849,309.1473760575555,7.3724464327452335
226.0,8.116091054259906,0.95,0.02,0.03,305.8375620699602,91.9961858172594,0.7389543601851711,0.08822203857866079,65.74227622879468,8.115991054259906,1136.660759949407,20.46651113331115,0.9992763742443124,7.929485140347782e-05,0.0006443309042841209,0.9499894303995836,0.02000427291773516,0.030006296682681198,13.900962808397862,0.7415046458245854,1.0,1.4778977905974557,3.2137258096617862,13.953419458019006,1136.8398116158564,19.807669488678027,309.1473760575555,7.667927290226594
227.0,8.439707516248125,0.95,0.02,0.03,305.8375620699602,91.9961858172594,0.7422240697435126,0.09173975465692352,65.51337665647216,8.439607516248126,1133.092203640986,21.251190100564383,0.9992454323142238,8.370296706431724e-05,0.0006708647187118802,0.9499898679349889,0.020004097704230353,0.030006034360780816,13.678867800513077,0.7478724539415822,1.0,1.465565374022465,3.1517463046885266,13.732656608261081,1133.2813009296292,20.56458023059629,309.1473760575555,7.9722480382356045
228.0,8.773017409007709,0.95,0.02,0.03,305.8375620699602,91.9961858172594,0.745493779301854,0.09536283848152544,65.29980302573063,8.772917409007709,1129.4983622233415,22.05971933241123,0.9992133552278385,8.833117895385405e-05,0.0006983135932076375,0.9499902845023566,0.02000393087954705,0.030005784618096335,13.457447147865532,0.7543597893013705,1.0,1.4535163206987232,3.091479643607656,13.512589192806566,1129.6980314566647,21.34430457820633,309.1473760575555,8.285576508992538
229.0,9.116210594523972,0.95,0.02,0.03,305.8375620699602,91.9961858172594,0.7487634888601955,0.09909335385526037,65.10148283659973,9.116110594523972,1125.8785909710589,22.89270081210902,0.9991801040894801,9.318988054108885e-05,0.0007267060299788218,0.9499906812746782,0.020003771974439054,0.030005546750882704,13.236709704504525,0.7609582702683,1.0,1.441646160275275,3.0329342676981863,13.293226126124953,1126.0893858236302,22.14740503842103,309.1473760575555,8.60808171679087
230.0,9.469478789394426,0.95,0.02,0.03,305.8375620699602,91.9961858172594,0.752033198418537,0.10293338474058625,64.91835188582651,9.469378789394426,1122.2322264487198,23.750754472346415,0.9991456384446417,9.828998377190807e-05,0.0007560715715862915,0.9499910593466975,0.020003620550978946,0.03000532010232353,13.016664565058237,0.7676499581798346,1.0,1.4300161381060588,2.975944395492162,13.074576632454441,1122.454729495443,22.974460145533122,309.1473760575555,8.939933858638554
231.0,9.833015598080063,0.95,0.02,0.03,305.8375620699602,91.9961858172594,0.7553029079768785,0.10688503562106692,64.75035391615614,9.832915598080064,1118.558585592616,24.63451909121398,0.9991099161945788,0.00010364294976434187,0.0007864408556568417,0.9499914197478172,0.020003476197359725,0.030005104054823168,12.79732105894116,0.7744798977026441,1.0,1.4185910055425448,2.920459627638556,12.856650176809858,1118.7934099598801,23.826065233130976,309.1473760575555,9.281304316230417
232.0,10.207016549384887,0.95,0.02,0.03,305.8375620699602,91.9961858172594,0.7585726175352199,0.11095043189790538,64.59744028345347,10.206916549384887,1114.8569647382142,25.544653243721772,0.9990728935048308,0.0001092608217387823,0.0008178456734305196,0.949991763442062,0.020003338527931992,0.03000489803000592,12.578688758377833,0.7814382266741916,1.0,1.4073531016115306,2.8664315215653953,12.639456577929026,1115.1047558661026,24.702833252154967,309.1473760575555,9.632365659151077
233.0,10.591679136338549,0.95,0.02,0.03,305.8375620699602,91.9961858172594,0.7618423270935614,0.1151317203234685,64.45956964024752,10.591579136338549,1111.1266385893578,26.48183631321267,0.9990345247075045,0.00011515626033578285,0.0008503190321596263,0.949992091333499,0.020003207181032098,0.03000470148546882,12.360777438229933,0.7885097360276426,1.0,1.3963554898730888,2.8138135229684673,12.423005261963835,1111.3880761137898,25.605395638340156,309.1473760575555,9.993291649331823
234.0,10.98720285967763,0.95,0.02,0.03,305.8375620699602,91.9961858172594,0.7651120366519029,0.11943106947392944,64.33670763431675,10.98710285967763,1107.3668591248902,27.44676956706411,0.9989947621966918,0.00012134258153989491,0.0008838952217683602,0.9499924042707116,0.020003081817190193,0.030004513912098192,12.143597278398879,0.795725393255956,1.0,1.385516627275811,2.7625608218713094,12.20730688017121,1107.6426588893846,26.534403232545205,309.1473760575555,10.364257246933654
235.0,11.39378927513315,0.95,0.02,0.03,305.8375620699602,91.9961858172594,0.7683817462102444,0.12385067026328347,64.22882662097535,11.39368927513315,1103.576854437879,28.440177301598723,0.9989535563165007,0.00012783379742932726,0.0009186098860699684,0.9499927030528049,0.02000296211671519,0.030004334830479953,11.927158538364447,0.8030635742004351,1.0000000000454956,1.374896562260286,2.7126302811821006,11.992371749912282,1103.8677706455148,27.49052725780276,309.1473760575555,10.745438617473916
236.0,11.811642044752478,0.95,0.02,0.03,305.8375620699602,91.9961858172594,0.7716514557685857,0.12839273650121805,64.13590538781345,11.811542044752478,1099.755827502067,29.462808061320224,0.9989108552408188,0.00013464466003391972,0.0009545000991473887,0.949992988425225,0.02000284778141196,0.03000416379336303,11.711471817417308,0.8105339863037507,1.0,1.3644646052342975,2.6640746368292585,11.778210621032372,1100.0626550194197,28.474460357247402,309.1473760575555,11.137013140464946
237.0,12.240966992500843,0.95,0.02,0.03,305.8375620699602,91.9961858172594,0.7749211653269272,0.133059505497502,64.05792889060162,12.240866992500843,1095.9029548602443,30.515435938872713,0.9988666048447613,0.00014179070849574987,0.0009916044467429188,0.9499932610953365,0.020002738528277737,0.030004000376385818,11.496548178971064,0.8181783994928872,1.0,1.3541920309895894,2.6167631533061124,11.564834195944433,1096.2265316858106,29.4869176974592,309.1473760575555,11.539159419437423
238.0,12.681972164411608,0.95,0.02,0.03,305.8375620699602,91.9961858172594,0.7781908748852687,0.13785323871582014,63.99488799928136,12.681872164411608,1092.0173852277555,31.598861961272082,0.9988207485660859,0.00014928831995657347,0.0010299631139574208,0.9499935217234863,0.020002634093147596,0.03000384418336617,11.282398849694573,0.8259667053167533,1.0,1.3441292193190633,2.5706451246592286,11.352254195760114,1092.3585951391633,30.52863814217293,309.1473760575555,11.952057293436676
239.0,13.134867893579083,0.95,0.02,0.03,305.8375620699602,91.9961858172594,0.7814605844436102,0.14277622248024602,63.9467792527809,13.134767893579083,1088.09823800482,32.71391557027402,0.9987732272566899,0.00015715476438834045,0.0010696179789219155,0.9499937709332313,0.020002534226558396,0.03000369484021025,11.069035103800484,0.8339048390940889,1.0,1.3342405965400803,2.525684758664311,11.140482419714708,1088.4580133999978,31.600385501759977,309.1473760575555,12.375887850066722
240.0,13.599866870312983,0.95,0.02,0.03,305.8375620699602,91.9961858172594,0.7847302940019516,0.14783076873782208,63.91360462148316,13.599766870312983,1084.144601689825,33.86145620396283,0.9987239790225927,0.00016540826382324827,0.0011106127135841939,0.9499940093104562,0.020002438694123555,0.0300035519954202,10.856469154054569,0.8420091186469414,1.0,1.3245078321604347,2.481848103430944,10.929530438659587,1084.5239266392234,32.702949864390106,309.1473760575555,12.810833440082819
241.0,14.077184217805753,0.95,0.02,0.03,305.8375620699602,91.9961858172594,0.7880000035602931,0.15301921588106462,63.89537127648063,14.077084217805753,1080.1555321855412,35.04237498838559,0.9986729390517631,0.00017406805634769475,0.001152992891889149,0.9499942374080396,0.02000234727465104,0.030003415317309455,10.644713162076691,0.8502868438762633,1.0,1.3149497572471203,2.439099092224887,10.719410753922464,1080.5554457140508,33.83714901534456,309.1473760575555,13.25707769361548
242.0,14.56703757369328,0.95,0.02,0.03,305.8375620699602,91.9961858172594,0.7912697131186346,0.15834392963453012,63.89209136417501,14.56693757369328,1076.130050989122,36.25759654830992,0.9986200394284198,0.00018315446534786816,0.0011968061062322055,0.9499944557462673,0.02000225975999028,0.03000328449374243,10.433779597249105,0.8587351106541767,1.0,1.3055772157903145,2.3974050557359705,10.510135943239677,1076.5516506083386,35.00382995156818,309.1473760575555,13.71480553806357
243.0,15.069647177935614,0.95,0.02,0.03,305.8375620699602,91.9961858172594,0.7945394226769761,0.16380730401007992,63.90378178550519,15.069547177935615,1072.0671432559566,37.50808094754304,0.9985652089327061,0.0001926889744959365,0.0012421020927979797,0.9499946648153679,0.020002175954015426,0.030003159230616704,10.223681481812072,0.867362185955529,1.0,1.2963575591932497,2.35678957743051,10.301719141374223,1072.511588769611,36.203870499244076,309.1473760575555,14.184203217660858
244.0,15.58523596747347,0.95,0.02,0.03,305.8375620699602,91.9961858172594,0.7978091322353175,0.1694117623357981,63.93046397844501,15.58513596747347,1067.965755726397,38.79482577006684,0.998508372824291,0.00020269430905007723,0.001288932866658954,0.9499948650778108,0.02000209567170282,0.030003039250486314,10.014432023081921,0.8761777139061323,1.0,1.2872912337342912,2.3171836580619076,10.094173658986854,1068.4342733341718,37.43818104292925,309.1473760575555,14.665458314905464
245.0,16.114029678177985,0.95,0.02,0.03,305.8375620699602,91.9961858172594,0.801078841793659,0.1751597583641868,63.97216370292745,16.113929678177985,1063.8247945031678,40.118868354539366,0.9984494526083288,0.00021319452410266352,0.0013373528675683756,0.9499950569698963,0.020002018738496646,0.030002924291606968,9.806045142751538,0.8852023709579022,1.0,1.2783780999641892,2.2785341958301104,9.887512946675841,1064.3186812309134,38.707706375659235,309.1473760575555,15.158759773768708
246.0,16.656256954646697,0.95,0.02,0.03,305.8375620699602,91.9961858172594,0.8043485513520005,0.1810537774656503,64.02891082694269,16.656156954646697,1059.6431226660873,41.48128819602409,0.9983883657820787,0.00022421510047803038,0.0013874191174433335,0.9499952409036224,0.020001944989560143,0.030002814106817408,9.598534651240081,0.8944301184675972,1.0,1.2696244877156981,2.2408135292876072,9.681751498743754,1060.163751153466,40.013427680370036,309.1473760575555,15.664297924786508
247.0,17.212149468474863,0.95,0.02,0.03,305.8375620699602,91.9961858172594,0.807618260910342,0.18709633791410613,64.10073911291629,17.212049468474863,1055.4195577091937,42.88320953037022,0.9983250255602564,0.0002357830490689868,0.0014391913906746613,0.9499954172688719,0.0200018742688947,0.03000270846223338,9.39191524143561,0.9038700640476706,1.0,1.2610325836789957,2.2039945727811343,9.476903919721886,1055.9683813893073,41.35636465406242,309.1473760575555,16.182264512232543
248.0,17.781942045681625,0.95,0.02,0.03,305.8375620699602,91.9961858172594,0.8108879704686833,0.19328999227210955,64.18768600309447,17.781842045681625,1051.1528687836853,44.32580411815285,0.9982593405768306,0.00024792702451672556,0.001492732398652582,0.9499955864318143,0.02000180643000597,0.030002607138179736,9.18620195519554,0.9135315547237447,1.0,1.252585862323459,2.168051366283102,9.272985490984286,1051.731427493196,42.73757778732629,309.1473760575555,16.712852723215892
249.0,18.365872804057492,0.95,0.02,0.03,305.8375620699602,91.9961858172594,0.8141576800270248,0.19963732888382282,64.28979240297272,18.365772804057492,1046.8417737285251,45.810294247584714,0.9981912145612194,0.00026067744917377664,0.0015481079896067548,0.9499957487405926,0.020001741333590648,0.030002509925816736,8.981410468019918,0.9234242266577241,1.0,1.2442830385108907,2.132958818814554,9.070010984280822,1047.4516997910418,44.15817081317847,309.1473760575555,17.256257218998595
250.0,18.964183301275227,0.95,0.02,0.03,305.8375620699602,91.9961858172594,0.8174273895853663,0.20614097348498286,64.40710246152193,18.964083301275227,1042.4849358679855,47.33795597703831,0.9981205459856689,0.00027406664854095044,0.0016053873657901827,0.9499959045230878,0.02000167884846191,0.030002416628450376,8.777556778698031,0.9335579960256788,1.0,1.236122490067643,2.0987445364205,8.867997289195623,1043.1279606987764,45.61929334068271,309.1473760575555,17.81267416850522
251.0,19.57711869470394,0.95,0.02,0.03,305.8375620699602,91.9961858172594,0.8206970991437078,0.21280359094008305,64.53966334696368,19.57701869470394,1038.0809605535499,48.91012264128623,0.9980472276812247,0.0002881289993720369,0.0016646433194032605,0.94999605408986,0.02000161885035646,0.03000232705978349,8.574657009665543,0.9439569534576117,1.0,1.2281022788018252,2.0653300491109707,8.666960592093917,1038.7589218391338,47.12214369050843,309.1473760575555,18.38230128413096
252.0,20.204927913977222,0.95,0.02,0.03,305.8375620699602,91.9961858172594,0.8239668087020492,0.21962788711819156,64.68752501698658,20.204827913977223,1033.628391424555,50.528188647673446,0.9979711464186338,0.00030290109190190124,0.001725952489464369,0.9499961977353523,0.020001561221451494,0.03000224104319625,8.372728708186955,0.9546243377127909,1.0,1.2202201049870312,2.0326902093720465,8.466917642026019,1034.3432409373402,48.66797195151292,309.1473760575555,18.965337859949692
253.0,20.8478638474824,0.95,0.02,0.03,305.8375620699602,91.9961858172594,0.8272365182603907,0.22661661092009244,64.85073998192124,20.8477638474824,1029.1257063590033,52.19361359184773,0.9978921824503233,0.00031842190780451385,0.0017893956418721275,0.9499963357378417,0.02000150585039409,0.030002158411764096,8.171789001845946,0.9655668325727939,1.0,1.2124735183116968,2.000803389843648,8.26788634875051,1029.879518474588,50.25808327957576,309.1473760575555,19.561984812530728
254.0,21.506183544083,0.95,0.02,0.03,305.8375620699602,91.9961858172594,0.8305062278187322,0.23377255647101217,65.02936305946365,21.506083544083,1024.5713130825316,53.90792672643176,0.9978102090091799,0.0003347330156907957,0.0018550579751291346,0.9499964683604708,0.02000145263188914,0.030002079007640018,7.971856539444338,0.9767957367897965,1.0,1.2048597425321708,1.969648726736548,8.069884786915846,1025.3662940756685,51.893841462394704,309.1473760575555,20.17244472422093
255.0,22.180148431543863,0.95,0.02,0.03,305.8375620699602,91.9961858172594,0.8337759373770736,0.24109856549490388,65.22345111954584,22.180048431543863,1019.9635443995226,55.672731820102115,0.9977250917591998,0.00035187878621275296,0.0019230294545876324,0.9499965958533299,0.020001401465852407,0.030002002680817687,7.772950112627414,0.988337196413508,1.0,1.1973758181394898,1.9392059808438569,7.872931803599723,1020.8020426044882,53.576672776706424,309.1473760575555,20.7969218893379
256.0,22.87002455330465,0.95,0.02,0.03,305.8375620699602,91.9961858172594,0.837045646935415,0.2485975298881794,65.43306281743787,22.86992455330465,1015.3006530055831,57.489712449114066,0.9976366881922348,0.0003699066291568775,0.001993405178608265,0.9499967184532391,0.020001352257509104,0.030001929289251765,7.575089258160704,1.000206217611475,1.0,1.1900323617469777,1.9094592670115278,7.677046993569282,1016.1851699379856,55.30807016758781,309.1473760575555,21.43562236316666
257.0,23.576082825473257,0.95,0.02,0.03,305.8375620699602,91.9961858172594,0.8403153564937565,0.2562723945132315,65.65825831348367,23.575982825473258,1010.5808058356042,59.36063776916065,0.9975448469645852,0.00038886725519602755,0.00206628578021862,0.9499968363842661,0.02000130491719024,0.030001858698543677,7.37829421474112,1.0124003698889277,1.0,1.1828171040483102,1.8804166578408277,7.482250267615596,1011.514008385357,57.08959778308875,309.1473760575555,22.088754014006405
258.0,24.298599316127063,0.95,0.02,0.03,305.8375620699602,91.9961858172594,0.843585066052098,0.26412616023444313,65.89909897732444,24.298499316127064,1005.8020778954522,61.28736882167692,0.9974494071662158,0.0004088149653647806,0.002141777868419482,0.9499969498604116,0.020001259359233876,0.030001790780354462,7.182585940134111,1.0249580810505912,1.0,1.1757235600920644,1.8520244328410813,7.288562354390022,1006.7868117154916,58.922895901586536,309.1473760575555,22.75652657841548
259.0,25.037855549311153,0.95,0.02,0.03,305.8375620699602,91.9961858172594,0.8468547756104394,0.27216188722265267,66.15564707433529,25.037755549311154,1000.9624455180482,63.2718654356072,0.9973501975139003,0.0004298079718481958,0.0022199945142515427,0.9499970590831691,0.020001215502999804,0.030001725413831094,6.987986388936788,1.0378831845189411,1.0,1.1687478817527794,1.8242651432885744,7.096004977126425,1002.0017497507749,60.80968629397455,309.1473760575555,23.439151719759256
260.0,25.794138836431625,0.95,0.02,0.03,305.8375620699602,91.9961858172594,0.8501244851687809,0.2803826985574046,66.4279654318133,25.794038836431625,996.0597789770405,65.31619379507437,0.9972470354592747,0.00045190875405446296,0.0023010557866707153,0.9499971642448567,0.02000117327150274,0.03000166248364061,6.794517933752942,1.0512011536753265,1.0,1.161910111532825,1.7971215523379007,6.904600482390385,997.156902480031,62.751778068246196,309.1473760575555,24.136843090349437
261.0,26.567742638109763,0.95,0.02,0.03,305.8375620699602,91.9961858172594,0.8533941947271224,0.28879178416031015,66.71611708205573,26.567642638109763,991.0918343811309,67.42253475215992,0.9971397262003079,0.0004751844547333864,0.0023850893449587733,0.9499972655277928,0.020001132591759924,0.03000160188044729,6.60220416916461,1.0649443840053074,1.0,1.1551863169956287,1.7705772147060073,6.714371726492364,992.2502536372059,64.75107405026073,309.1473760575555,24.849816397281735
262.0,27.358966960018954,0.95,0.02,0.03,305.8375620699602,91.9961858172594,0.8566639042854639,0.2973924050978007,67.02016487901545,27.358866960018954,986.0562447615757,69.59319297644818,0.9970280615838296,0.0004997073215009338,0.002472231094669447,0.9499973631055875,0.02000109339426452,0.030001543500148043,6.411069291735107,1.079121790089858,1.0,1.1485843363247081,1.744616066899381,6.525343226460386,987.2796836851691,66.80957776176857,309.1473760575555,25.578289472159668
263.0,28.168118786708213,0.95,0.02,0.03,305.8375620699602,91.9961858172594,0.8599336138438053,0.3061878982967965,67.34017108493968,28.168018786708213,980.950510252425,71.83060704585755,0.9969118188846113,0.000525555200008759,0.002562625915379856,0.9499974571431141,0.020001055613004044,0.030001487243881818,6.221138628290157,1.093744095506672,1.0,1.1421018689193745,1.71922244073327,6.337539960165622,982.2429621358395,68.92940106505634,309.1473760575555,26.322482345063612
264.0,28.995512558033745,0.95,0.02,0.03,305.8375620699602,91.9961858172594,0.8632033234021468,0.3151816817235253,67.6761969226303,28.995412558033745,975.7719872462621,74.13736059954434,0.9967907594422477,0.0005528120864222208,0.0026564284713301287,0.9499975477976499,0.020001019184994518,0.030001433017355642,6.032438686710163,1.1088893984993753,1.0,1.1357402560174577,1.6943886423935988,6.150987852729444,977.1377391279938,71.11277255339152,309.1473760575555,27.082617322851494
265.0,29.841470693504064,0.95,0.02,0.03,305.8375620699602,91.9961858172594,0.8664730329604883,0.32437726008316214,68.02830208851904,29.841370693504064,970.5178763952742,76.5161946919241,0.9966646271404105,0.0005815687468318876,0.0027538041127576564,0.9499976352183245,0.020000984050515536,0.030001380731159988,5.844996857552997,1.1245338750866425,1.0,1.1294897791037393,1.6701009497114558,5.965713517749294,971.9615361731312,73.36204677770507,309.1473760575555,27.858919072164596
266.0,30.706324170686965,0.95,0.02,0.03,305.8375620699602,91.9961858172594,0.8697427425188298,0.3337782311071222,68.39654422081955,30.706224170686966,965.1852092982925,78.97002150943048,0.9965331466997747,0.000611923414723847,0.0028549298855014807,0.9499977195472799,0.020000950152635758,0.03000133030008436,5.6588423822642975,1.1407349033382836,1.0,1.123362026589121,1.6463335108834836,5.78174534785429,966.7117359664254,75.6797144132319,309.1473760575555,28.651614707391634
267.0,31.59041316480105,0.95,0.02,0.03,305.8375620699602,91.9961858172594,0.8730124520771712,0.34338829250543096,68.7809783161156,31.59031316480105,959.7708336970557,81.50193963744493,0.9963960217616719,0.0006439825773885299,0.002959995660939632,0.9499978009208321,0.020000917436734263,0.030001281642433653,5.474004450663524,1.1575092388014732,1.0,1.1173508723558607,1.6230725936193182,5.599112284216254,961.3855711445129,78.06841348536526,309.1473760575555,29.460933883881196
268.0,32.49408775778429,0.95,0.02,0.03,305.8375620699602,91.9961858172594,0.8762821616355126,0.3532112496743107,69.18165608670175,32.49398775778429,954.2713969702356,84.11525109599498,0.9962529327288109,0.0006778618654640207,0.0030692054057252314,0.9499978794679932,0.02000088585112203,0.03000123468088482,5.290514426708296,1.1749218362086757,1.0,1.1114536800227377,1.6003048268461535,5.4178451535203935,955.9801118536859,80.53094179225458,309.1473760575555,30.28710889683917
269.0,33.4177087265446,0.95,0.02,0.03,305.8375620699602,91.9961858172594,0.8795518711938541,0.3632510242644767,69.59862524949752,33.4176087265446,948.6833276798018,86.81348040100097,0.9961035343261709,0.0007136870618508159,0.0031827786119781654,0.9499979553120067,0.020000855346408417,0.030001189341584963,5.10840514863262,1.1929936201184412,1.0,1.1056709362638657,1.5780170805143827,5.2379757473144855,950.4922519706402,83.07027068329036,309.1473760575555,31.130374786095842
270.0,34.36164842175759,0.95,0.02,0.03,305.8375620699602,91.9961858172594,0.8828215807521956,0.37351166373368283,70.03192873586043,34.36154842175759,943.002814880408,89.60039595204891,0.9959474528373164,0.0007515952494941729,0.0033009519131894697,0.9499980285714199,0.020000825875057318,0.030001145553522738,4.927711013097655,1.2117735191107897,1.0,1.1000020284814174,1.5561966525874176,5.0595372629690045,944.9186937925283,85.68956037822859,309.1473760575555,31.990969447409064
271.0,35.32629175064242,0.95,0.02,0.03,305.8375620699602,91.9961858172594,0.886091290310537,0.38399735202951046,70.4816038095364,35.326191750642415,937.2257848501873,92.48003410224042,0.9957842829629451,0.0007917361212955078,0.0034239809157593708,0.9499980993584961,0.020000797392056447,0.0300011032494474,4.748467431319743,1.2313167316042417,1.0,1.0944484410967632,1.53483110841493,4.882564040612109,939.2559309827417,88.39217704224424,309.1473760575555,32.869133750461636
272.0,36.31203727957886,0.95,0.02,0.03,305.8375620699602,91.9961858172594,0.8893609998688785,0.39471242157483405,70.94768107760042,36.311937279578856,931.347874838608,95.4567263325389,0.9956135842388388,0.0008342734798998788,0.0035521422812611965,0.949998167781454,0.020000769853984617,0.03000106236456144,4.570712357791299,1.2516727451768865,1.0,1.0890138645479115,1.513908267384003,4.707092663920304,933.5002295227678,91.18171186863168,309.1473760575555,33.765111664331705
273.0,37.31929847547055,0.95,0.02,0.03,305.8375620699602,91.9961858172594,0.89263070942722,0.40566136676145853,71.43018337628416,37.31919847547055,925.364403348468,98.5351300324706,0.9954348769365476,0.0008793869610165084,0.0036857361024357272,0.949998233943446,0.020000743219443964,0.03000102283711,4.394484859100489,1.2728925138830185,1.0,1.0836881910832834,1.4934162571745242,4.533161155217579,927.6476063767828,94.06200246472115,309.1473760575555,34.6791503906288
274.0,38.34850510843522,0.95,0.02,0.03,305.8375620699602,91.9961858172594,0.8959004189855615,0.41684885919738485,71.9291245099485,38.348405108435216,919.2703363748288,101.72026348931327,0.995247637355359,0.0009272740208111391,0.0038250886238298566,0.949998297943452,0.020000717448689892,0.030000984607858116,4.219826647833344,1.2950517255160292,1.0,1.0784854578352026,1.4733441333720938,4.360808903018501,921.6938055233954,97.03715688944928,309.1473760575555,35.61150050524883
275.0,39.40010484297226,0.95,0.02,0.03,305.8375620699602,91.9961858172594,0.8991701285439029,0.428279765002827,72.4445078168872,39.40000484297226,913.0602489057034,105.01754580950025,0.995051292393899,0.0009781522368414422,0.003970555369259635,0.9499983598767812,0.020000692503422738,0.030000947619796096,4.04678125447721,1.3182300309338295,1.0,1.073396679146029,1.4536789515236235,4.190078158655977,915.634270945085,100.11158075506907,309.1473760575555,36.56241610907443
276.0,40.47456505043099,0.95,0.02,0.03,305.8375620699602,91.9961858172594,0.9024398381022444,0.43995916451177,72.97632453011826,40.474465050430986,906.7282808430506,108.4328426481992,0.9948452132652763,0.0010322619830587022,0.004122524751664994,0.9499984198349054,0.0200006683468615,0.030000911818233167,3.8753947518771423,1.3424957852890274,1.0,1.068425622986034,1.4344104247987886,4.0210126440773655,909.4641160883193,103.29000788373939,309.1473760575555,37.53215498846464
277.0,41.57237488267635,0.95,0.02,0.03,305.8375620699602,91.9961858172594,0.9057095476605859,0.45189237481274963,73.52455189428605,41.572274882676346,900.268086320069,111.97251881331368,0.9946287081888607,0.0010898695533610543,0.0042814222577781886,0.9499984779055347,0.02000064494371583,0.030000877150749526,3.705715792564077,1.3679319555577045,1.0,1.0635731710849752,1.4155274942281175,3.8536582268830983,903.1780892122487,106.57753510537756,309.1473760575555,38.52097878631793
278.0,42.694047655795664,0.95,0.02,0.03,305.8375620699602,91.9961858172594,0.9089792572189274,0.4640849756597826,74.08915099071011,42.69394765579566,893.6727751604249,115.64349904981607,0.9944010138525515,0.0011512708259755321,0.004447715321473084,0.9499985341740503,0.020000622259582497,0.030000843566367206,3.537795628738971,1.394664658564085,1.0,1.058843478767744,1.3970195566655366,3.6880642219513153,896.7705339263416,109.9796619013315,309.1473760575555,39.52915318447634
279.0,43.840123604004276,0.95,0.02,0.03,305.8375620699602,91.9961858172594,0.9122489667772687,0.47654283940736414,74.67006421177491,43.84002360400427,886.9348449318009,119.45333861339591,0.9941612853886055,0.0012167955838935857,0.004621919027500869,0.9499985887223777,0.02000060026142433,0.030000811016197972,3.371688839798304,1.4227938624673648,1.0,1.0542354039710944,1.378876080891847,3.524280883549571,890.2353440719434,113.50233574479861,309.1473760575555,40.55694809848815
280.0,45.01117307840903,0.95,0.02,0.03,305.8375620699602,91.9961858172594,0.9155186763356102,0.48927216578107835,75.26721231098563,45.01107307840903,880.0461016730749,123.41030563267326,0.9939085845423047,0.0012868126358812567,0.00480460282181404,0.9499986416305017,0.020000578916929284,0.030000779452569074,3.207453200929457,1.4524521667973127,1.0,1.049755261449794,1.3610867330642098,3.3623632196797946,883.565911920707,117.15200417178997,309.1473760575555,41.604637885718795
281.0,46.20780028399248,0.95,0.02,0.03,305.8375620699602,91.9961858172594,0.9187883858939517,0.5022795224986756,75.88049093662433,46.20770028399248,872.997566890028,127.52347775916846,0.9936418656274808,0.0013617359212737727,0.004996398451245488,0.9499986929757478,0.020000558194816394,0.03000074882943587,3.045149951940722,1.4837830348274188,1.0,1.0454050892001248,1.3436413416127773,3.2023681667053423,876.7550684343145,120.93567484617192,309.1473760575555,42.672501567934674
282.0,47.43064767253504,0.95,0.02,0.03,305.8375620699602,91.9961858172594,0.9220580954522932,0.5155718930212059,76.50976653266244,47.430547672535035,865.7793677865038,131.8028562586868,0.9933599587534677,0.0014420318321390947,0.005198009414393148,0.9499987428340282,0.02000053806430537,0.03000071910166649,2.8848448080371827,1.5169486390213358,1.0,1.0411862911003957,1.3265379218887583,3.0443564311559195,869.7950140402723,124.86098517348299,309.1473760575555,43.76082306976408
283.0,48.68040114121061,0.95,0.02,0.03,305.8375620699602,91.9961858172594,0.9253278050106346,0.5291567330618362,77.15487145843282,48.680301141210606,858.3806068692825,136.2595015548931,0.9930615496608272,0.0015282280538013355,0.005410222285371572,0.9499987912796747,0.02000051849518587,0.030000690225139407,2.7266081924409966,1.5521404336535298,1.0,1.0371055478252023,1.3097598001241375,2.888392396480172,862.6772380086188,128.93628338954994,309.1473760575555,44.86989147425428
284.0,49.95779622920124,0.95,0.02,0.03,305.8375620699602,91.9961858172594,0.9285975145689761,0.5430420379431499,77.81559813641175,49.95769622920124,850.7892059656164,140.905695377546,0.9927451553078885,0.0016209243148089727,0.005633920377302433,0.9499988383860558,0.02000049945755123,0.03000066215639294,2.570513441776387,1.5895946958363034,1.0,1.0331665939545807,1.293295896733849,2.7345439548210773,855.3924240383142,133.1707235281824,309.1473760575555,46.000001297267076
285.0,51.263625561885114,0.95,0.02,0.03,305.8375620699602,91.9961858172594,0.9318672241273176,0.5572364235155882,78.49169197986811,51.26352556188511,842.9917182126543,145.7551362002568,0.9924090940843115,0.0017208055600890914,0.005870100355599248,0.9499988842260402,0.020000480921594822,0.030000634852364975,2.4166421950983286,1.6295459684883724,1.0,1.0293770287335666,1.2771435114007608,2.582885295960514,847.9303390434667,137.57437729315944,309.1473760575555,47.15145278245293
286.0,52.598747870141494,0.95,0.02,0.03,305.8375620699602,91.9961858172594,0.9351369336856591,0.5717492241974389,79.18284277467579,52.59864787014149,834.9730995643904,150.82317673884583,0.9920514491640026,0.0018286582295307132,0.006119892606466653,0.949998928872696,0.020000462857302354,0.030000608270001613,2.2650801551279525,1.672301713709463,1.0,1.0257428076477428,1.2612909867227997,2.4334934308620335,840.2797013176981,142.15836667412955,309.1473760575555,48.32455221865877
287.0,53.964099019869884,0.95,0.02,0.03,305.8375620699602,91.9961858172594,0.9384066432440005,0.5865906128658834,79.8886740817798,53.96399901986988,826.7164285826585,156.1271151582921,0.9916700230035609,0.0019453905591873192,0.006384586437251733,0.9499989723997113,0.020000445234260388,0.030000582366028237,2.1159211633707584,1.7182094742964673,1.0,1.0222728186765955,1.2457301661182152,2.2864525065980397,832.4280231795508,146.93502222527835,309.1473760575555,49.51961228218742
288.0,55.360705637482575,0.95,0.02,0.03,305.8375620699602,91.9961858172594,0.941676352802342,0.601771748966318,80.60873007646046,55.36060563748257,818.2025593875476,161.6865556637618,0.9912622802787688,0.002072058154534037,0.006665661566697065,0.9499990148826958,0.020000428021079358,0.030000557096224893,1.969266186905225,1.7676767555473754,1.0,1.0189769214961137,1.2304513047306955,2.1418512016693607,824.3614217590629,151.91807337191287,309.1473760575555,50.73695240618937
289.0,56.78970213165479,0.95,0.02,0.03,305.8375620699602,91.9961858172594,0.9449460623606835,0.617304963539048,81.34245902597695,56.78960213165479,809.4096871034699,167.5238598792164,0.9908252755277545,0.0022098965630211243,0.006964827909224361,0.9499990563998506,0.020000411185081904,0.030000532415067532,1.8252257333325055,1.821191910901014,1.0,1.015866871059834,1.2154511946485131,1.9997869637924677,816.064389628832,157.12287907230902,309.1473760575555,51.976899180156366
290.0,58.25235222241599,0.95,0.02,0.03,305.8375620699602,91.9961858172594,0.9482157719190248,0.633203993240851,82.08919229645521,58.25225222241599,800.3127971135158,173.66471871405068,0.9903555602761426,0.0023603632721606017,0.007284076451696836,0.9499990970337382,0.020000394691505382,0.03000050827475643,1.6839189724147319,1.8793642496018441,1.0,1.0129570711092857,1.2007172485470496,1.860362653420085,807.5195142910154,162.56670985963757,309.1473760575555,53.23978678261965
291.0,59.750076548173254,0.95,0.02,0.03,305.8375620699602,91.9961858172594,0.9514854814773663,0.6494842804337606,82.84811732045785,59.74997654817325,790.8829575766246,180.13888667067317,0.9898490621954736,0.002525192603002979,0.007625745201523338,0.9499991368731795,0.02000037850263261,0.030000484624187918,1.5454785222692948,1.9429106427155576,1.0,1.010264137228604,1.186242492418232,1.7236918993748287,798.7071317764204,168.26909605141068,309.1473760575555,54.52595745061226
292.0,61.28448861554855,0.95,0.02,0.03,305.8375620699602,91.9961858172594,0.9547551910357078,0.6661633639603672,83.61824226241104,61.284388615548544,781.0863969018535,186.98113904754018,0.9893009255351776,0.002706468537485126,0.007992605927337379,0.9499991760155573,0.02000036257672539,0.030000461407717356,1.410049505732286,2.0127152039958314,1.0,1.0078085858781891,1.1720191215929607,1.589896624975719,789.6048942886698,174.25226224613843,309.1473760575555,55.83576199008614
293.0,62.857442432350815,0.95,0.02,0.03,305.8375620699602,91.9961858172594,0.9580249005940493,0.6832613969149809,84.39834904351197,62.85734243235081,770.8832789405643,194.23254112511694,0.9887052962133438,0.002906723196103554,0.008387980590552735,0.9499992145706178,0.02000034686627293,0.030000438563109286,1.2777925709386055,2.0898950147357502,1.0,1.0056152776301646,1.1580413041898805,1.4591111342145295,780.1872241468409,180.54167591669193,309.1473760575555,57.169560331802444
294.0,64.47109687679384,0.95,0.02,0.03,305.8375620699602,91.9961858172594,0.9612946101523907,0.7008018463380513,85.1869296750851,64.47099687679383,760.2260487300816,201.9421639863378,0.9880550285149909,0.003129072027669944,0.008815899457338983,0.9499992526659485,0.020000331315451484,0.03000041601859999,1.1488892932105683,2.1758514969999623,1.0,1.003715309911789,1.1442984276790893,1.3314813839962503,770.4246149871833,187.16674921664392,309.1473760575555,58.52772213812023
295.0,66.12800467219971,0.95,0.02,0.03,305.8375620699602,91.9961858172594,0.9645643197107322,0.7188124603726064,85.98209803276197,66.1279046721997,749.0571396741088,210.16945647154887,0.9873412718942852,0.0033774048715522337,0.009281323234162552,0.9499992904537646,0.020000315856937824,0.03000039368929751,1.0235404257884853,2.2723916217339437,1.0,1.002147070161068,1.1307824794076802,1.2071686157923929,760.2827242144353,194.1617501019287,309.1473760575555,59.91062746672101
296.0,67.83123863855347,0.95,0.02,0.03,305.8375620699602,91.9961858172594,0.9678340292690737,0.7373266406206556,86.78146440164932,67.83113863855347,737.3057213555517,218.9876012433794,0.9865528780357994,0.0036566614958463807,0.00979046046835432,0.9499993173421935,0.02000030522651606,0.03000037743129048,0.901976746140088,2.3819018431759016,1.0,1.0009596965886685,1.1174877200876692,1.0863529607961995,749.7211745729431,201.5670050108471,309.1473760575555,61.31866749827087
298.0,71.39278100991496,0.95,0.02,0.03,305.8375620699602,91.9961858172594,0.9743734483857566,0.7760406627262688,88.37951532099888,71.39268100991495,711.6747276896486,238.79004430348883,0.9846903605490089,0.004335640921508119,0.01097399852948288,0.9499993899286445,0.020000275476432756,0.03000033459492268,0.6713011089371762,2.6535355181228097,1.0,1.0,1.09150837995224,,727.1371347086891,217.8101881113077,309.1473760575555,
299.0,73.26204567355776,0.95,0.02,0.03,305.8375620699602,91.9961858172594,0.9776431579440981,0.7963595992890944,89.16870020876787,73.26194567355776,697.5302466347496,250.0482813068391,0.9835718250932863,0.00475547728791643,0.01167269761879715,0.9499994266965764,0.020000260329518443,0.03000031297390501,,,,,,0.7470073308061703,714.9858714682483,226.77695755615335,309.1473760575555,65.69769183672115
