temperature,pressure,z_carbon dioxide,z_hydrogen,z_nitrogen,z_argon,z_methane,z_oxygen,z_water,z_carbon monoxide,z_nitrogen dioxide,z_nitrogen oxide,z_sulfur dioxide,z_hydrogen sulfide,z_propane,z_ethane,Tc,Pc,P_bubble,P_dew,liquid_density,vapor_density,x_carbon dioxide,x_hydrogen,x_nitrogen,x_argon,x_methane,x_oxygen,x_water,x_carbon monoxide,x_nitrogen dioxide,x_nitrogen oxide,x_sulfur dioxide,x_hydrogen sulfide,x_propane,x_ethane,y_carbon dioxide,y_hydrogen,y_nitrogen,y_argon,y_methane,y_oxygen,y_water,y_carbon monoxide,y_nitrogen dioxide,y_nitrogen oxide,y_sulfur dioxide,y_hydrogen sulfide,y_propane,y_ethane,gamma,interfacial_thickness,E_carbon dioxide,E_hydrogen,E_nitrogen,E_argon,E_methane,E_oxygen,E_water,E_carbon monoxide,E_nitrogen dioxide,E_nitrogen oxide,E_sulfur dioxide,E_hydrogen sulfide,E_propane,E_ethane
200.0,2.4274861777327392,0.99,0.006667,0.0,0.003333,0.0,0.0,0.0,0.0,0.0,0.0,0.0,0.0,0.0,0.0,308.6,84.84,31.072775863040313,2.4174861777327394,1222.369348911046,6.622118938983584,0.9999652631563785,5.893158967977333e-06,0.0,2.8843684653595043e-05,0.0,0.0,0.0,0.0,0.0,0.0,0.0,0.0,0.0,0.0,0.9860921453912691,0.009279137447801827,0.0,0.004628717160929074,0.0,0.0,0.0,0.0,0.0,0.0,0.0,0.0,0.0,0.0,19.90830410891376,0.604932484616311,1.000000000700662,1.7708450230425068,0.0,5.80284113372578,0.0,0.0,0.0,0.0,0.0,0.0,0.0,0.0,0.0,0.0
200.0,5.609185031655803,0.99,0.006667,0.0,0.003333,0.0,0.0,0.0,0.0,0.0,0.0,0.0,0.0,0.0,0.0,308.6,84.84,31.072775863040313,2.4174861777327394,1221.8575419590534,8.709734940957611,0.9976716546106037,0.0006309036246049237,0.0,0.001697441764791388,0.0,0.0,0.0,0.0,0.0,0.0,0.0,0.0,0.0,0.0,0.44307388339009,0.436991215263153,0.0,0.11993490134675687,0.0,0.0,0.0,0.0,0.0,0.0,0.0,0.0,0.0,0.0,19.6064448382427,0.6164056058745416,1.0000000007715086,1.7355004122016542,0.0,5.675555289327275,0.0,0.0,0.0,0.0,0.0,0.0,0.0,0.0,0.0,0.0
200.0,8.790883885578866,0.99,0.006667,0.0,0.003333,0.0,0.0,0.0,0.0,0.0,0.0,0.0,0.0,0.0,0.0,308.6,84.84,31.072775863040313,2.4174861777327394,1221.4540556310792,9.888729325776882,0.9962563575319158,0.001350775348863597,0.0,0.0023928671192206246,0.0,0.0,0.0,0.0,0.0,0.0,0.0,0.0,0.0,0.0,0.29061875692469047,0.6009533376992556,0.0,0.10842790537605393,0.0,0.0,0.0,0.0,0.0,0.0,0.0,0.0,0.0,0.0,19.396870391789076,0.6255940628880488,1.0000000007839318,1.7165098346657364,0.0,5.570246241088239,0.0,0.0,0.0,0.0,0.0,0.0,0.0,0.0,0.0,0.0
200.0,11.97258273950193,0.99,0.006667,0.0,0.003333,0.0,0.0,0.0,0.0,0.0,0.0,0.0,0.0,0.0,0.0,308.6,84.84,31.072775863040313,2.4174861777327394,1221.0915265881683,10.743871945320256,0.9951547923769959,0.002101360240694348,0.0,0.0027438473823097275,0.0,0.0,0.0,0.0,0.0,0.0,0.0,0.0,0.0,0.0,0.21872421773490625,0.6897919678675207,0.0,0.09148381439757307,0.0,0.0,0.0,0.0,0.0,0.0,0.0,0.0,0.0,0.0,19.220610345743335,0.6334186453766506,1.000000000796407,1.7009944676916857,0.0,5.473397848802171,0.0,0.0,0.0,0.0,0.0,0.0,0.0,0.0,0.0,0.0
200.0,15.154281593424994,0.99,0.006667,0.0,0.003333,0.0,0.0,0.0,0.0,0.0,0.0,0.0,0.0,0.0,0.0,308.6,84.84,31.072775863040313,2.4174861777327394,1220.7486102462208,11.462467805135262,0.9941881023595002,0.002862238647121838,0.0,0.002949658993377976,0.0,0.0,0.0,0.0,0.0,0.0,0.0,0.0,0.0,0.0,0.1768724092441892,0.7453682462216545,0.0,0.07775934453415614,0.0,0.0,0.0,0.0,0.0,0.0,0.0,0.0,0.0,0.0,19.05926656784773,0.6409024752874686,1.0000000008128849,1.6866719586779308,0.0,5.380933211424586,0.0,0.0,0.0,0.0,0.0,0.0,0.0,0.0,0.0,0.0
200.0,18.335980447348057,0.99,0.006667,0.0,0.003333,0.0,0.0,0.0,0.0,0.0,0.0,0.0,0.0,0.0,0.0,308.6,84.84,31.072775863040313,2.4174861777327394,1220.4175042433135,12.113297433681973,0.9932910240765924,0.003625959988033368,0.0,0.003083015935374197,0.0,0.0,0.0,0.0,0.0,0.0,0.0,0.0,0.0,0.0,0.14949922130818682,0.7833238820539971,0.0,0.06717689663781613,0.0,0.0,0.0,0.0,0.0,0.0,0.0,0.0,0.0,0.0,18.906193700392723,0.6483056226005829,1.0000000008044632,1.6728651101840377,0.0,5.291507836557222,0.0,0.0,0.0,0.0,0.0,0.0,0.0,0.0,0.0,0.0
200.0,21.517679301271123,0.99,0.006667,0.0,0.003333,0.0,0.0,0.0,0.0,0.0,0.0,0.0,0.0,0.0,0.0,308.6,84.84,31.072775863040313,2.4174861777327394,1220.0948072711071,12.726383538848626,0.9924352001388759,0.004389296347845131,0.0,0.0031755035132789967,0.0,0.0,0.0,0.0,0.0,0.0,0.0,0.0,0.0,0.0,0.13021378997128488,0.8108465659385917,0.0,0.058939644090123394,0.0,0.0,0.0,0.0,0.0,0.0,0.0,0.0,0.0,0.0,18.75852858582743,0.6552133605440836,1.0000000007876748,1.6593393517810444,0.0,5.2046113567636,0.0,0.0,0.0,0.0,0.0,0.0,0.0,0.0,0.0,0.0
200.0,24.699378155194186,0.99,0.006667,0.0,0.003333,0.0,0.0,0.0,0.0,0.0,0.0,0.0,0.0,0.0,0.0,308.6,84.84,31.072775863040313,2.4174861777327394,1219.7788179555516,13.31669876874773,0.9916065310500429,0.005150653725417922,0.0,0.0032428152245390445,0.0,0.0,0.0,0.0,0.0,0.0,0.0,0.0,0.0,0.0,0.11590600918686031,0.8316925521476426,0.0,0.052401438665497194,0.0,0.0,0.0,0.0,0.0,0.0,0.0,0.0,0.0,0.0,18.614856689398447,0.6622795966470889,1.0000000007837266,1.6460083534266203,0.0,5.1200236054357,0.0,0.0,0.0,0.0,0.0,0.0,0.0,0.0,0.0,0.0
200.0,27.88107700911725,0.99,0.006667,0.0,0.003333,0.0,0.0,0.0,0.0,0.0,0.0,0.0,0.0,0.0,0.0,308.6,84.84,31.072775863040313,2.4174861777327394,1219.4685912432917,13.892487064755494,0.9907972634536216,0.005909166353067937,0.0,0.00329357019331044,0.0,0.0,0.0,0.0,0.0,0.0,0.0,0.0,0.0,0.0,0.10488004660213661,0.8480120776011437,0.0,0.04710787579671954,0.0,0.0,0.0,0.0,0.0,0.0,0.0,0.0,0.0,0.0,18.474402382457654,0.6692130674403395,1.0000000008254037,1.6328417933733788,0.0,5.037634862101538,0.0,0.0,0.0,0.0,0.0,0.0,0.0,0.0,0.0,0.0
200.0,31.06277586304031,0.99,0.006667,0.0,0.003333,0.0,0.0,0.0,0.0,0.0,0.0,0.0,0.0,0.0,0.0,308.6,84.84,31.072775863040313,2.4174861777327394,1219.1635571530505,14.45864014579068,0.9900027928826636,0.0066643302582643634,0.0,0.00333287685907211,0.0,0.0,0.0,0.0,0.0,0.0,0.0,0.0,0.0,0.0,0.09613224280481601,0.8611232536366561,0.0,0.042744503558527956,0.0,0.0,0.0,0.0,0.0,0.0,0.0,0.0,0.0,0.0,18.33670549561206,0.6757657075703236,1.0000000008971601,1.6198319019433407,0.0,4.957379072675573,0.0,0.0,0.0,0.0,0.0,0.0,0.0,0.0,0.0,0.0
210.0,3.942397878815535,0.99,0.006667,0.0,0.003333,0.0,0.0,0.0,0.0,0.0,0.0,0.0,0.0,0.0,0.0,308.6,84.84,27.951769185170978,3.9323978788155354,1190.8446326476771,10.440041181053305,0.9999472580994891,1.0388181005265651e-05,0.0,4.235371950564405e-05,0.0,0.0,0.0,0.0,0.0,0.0,0.0,0.0,0.0,0.0,0.9876408633981315,0.00824571208624084,0.0,0.004113424515627597,0.0,0.0,0.0,0.0,0.0,0.0,0.0,0.0,0.0,0.0,17.568278560307352,0.6512170801541209,1.0000000003276035,1.6249889759438756,0.0,4.519979750598754,0.0,0.0,0.0,0.0,0.0,0.0,0.0,0.0,0.0,0.0
210.0,6.608994690632807,0.99,0.006667,0.0,0.003333,0.0,0.0,0.0,0.0,0.0,0.0,0.0,0.0,0.0,0.0,308.6,84.84,27.951769185170978,3.9323978788155354,1190.3045593090153,12.252172729122766,0.9978350965664495,0.0006252026608699598,0.0,0.0015397007726804586,0.0,0.0,0.0,0.0,0.0,0.0,0.0,0.0,0.0,0.0,0.6082666128649931,0.30102913620204186,0.0,0.09070425093296507,0.0,0.0,0.0,0.0,0.0,0.0,0.0,0.0,0.0,0.0,17.34302643433836,0.6599603651913676,1.000000000247299,1.5990052698386528,0.0,4.441527380094403,0.0,0.0,0.0,0.0,0.0,0.0,0.0,0.0,0.0,0.0
210.0,9.275591502450078,0.99,0.006667,0.0,0.003333,0.0,0.0,0.0,0.0,0.0,0.0,0.0,0.0,0.0,0.0,308.6,84.84,27.951769185170978,3.9323978788155354,1189.8545890638388,13.36224188701365,0.99641483314097,0.0013317780312060903,0.0,0.002253388827823885,0.0,0.0,0.0,0.0,0.0,0.0,0.0,0.0,0.0,0.0,0.44395013674569417,0.46081711777699125,0.0,0.09523274547731467,0.0,0.0,0.0,0.0,0.0,0.0,0.0,0.0,0.0,0.0,17.177981144547687,0.6673451134051469,1.0000000002625884,1.583828238854283,0.0,4.374059813034777,0.0,0.0,0.0,0.0,0.0,0.0,0.0,0.0,0.0,0.0
210.0,11.94218831426735,0.99,0.006667,0.0,0.003333,0.0,0.0,0.0,0.0,0.0,0.0,0.0,0.0,0.0,0.0,308.6,84.84,27.951769185170978,3.9323978788155354,1189.4438417003714,14.179607226188311,0.99528490166865,0.0020748517565445878,0.0,0.0026402465748053996,0.0,0.0,0.0,0.0,0.0,0.0,0.0,0.0,0.0,0.0,0.3521550524606267,0.5609022041883975,0.0,0.08694274335097578,0.0,0.0,0.0,0.0,0.0,0.0,0.0,0.0,0.0,0.0,17.038301275457055,0.6736231736665929,1.0000000003536464,1.5727685338990387,0.0,4.311477541916106,0.0,0.0,0.0,0.0,0.0,0.0,0.0,0.0,0.0,0.0
210.0,14.608785126084621,0.99,0.006667,0.0,0.003333,0.0,0.0,0.0,0.0,0.0,0.0,0.0,0.0,0.0,0.0,308.6,84.84,27.951769185170978,3.9323978788155354,1189.0527471042933,14.861933628579754,0.9942909800912526,0.0028330981799570983,0.0,0.0028759217287902946,0.0,0.0,0.0,0.0,0.0,0.0,0.0,0.0,0.0,0.0,0.29353550774077075,0.6289435959486067,0.0,0.07752089631062249,0.0,0.0,0.0,0.0,0.0,0.0,0.0,0.0,0.0,0.0,16.910782576865806,0.6793199093812213,1.00000000039656,1.5631849490120093,0.0,4.251527214294247,0.0,0.0,0.0,0.0,0.0,0.0,0.0,0.0,0.0,0.0
210.0,17.27538193790189,0.99,0.006667,0.0,0.003333,0.0,0.0,0.0,0.0,0.0,0.0,0.0,0.0,0.0,0.0,308.6,84.84,27.951769185170978,3.9323978788155354,1188.673308845966,15.473691739366332,0.9933700432634022,0.003597792164120521,0.0,0.0030321645724773,0.0,0.0,0.0,0.0,0.0,0.0,0.0,0.0,0.0,0.0,0.2528637178713179,0.6780009492669952,0.0,0.06913533286168687,0.0,0.0,0.0,0.0,0.0,0.0,0.0,0.0,0.0,0.0,16.790099862204364,0.6852542785312999,1.0000000004575642,1.554090713277778,0.0,4.193350344378999,0.0,0.0,0.0,0.0,0.0,0.0,0.0,0.0,0.0,0.0
210.0,19.941978749719162,0.99,0.006667,0.0,0.003333,0.0,0.0,0.0,0.0,0.0,0.0,0.0,0.0,0.0,0.0,308.6,84.84,27.951769185170978,3.9323978788155354,1188.3018245847186,16.04479230508875,0.9924929164853645,0.004364890381064349,0.0,0.0031421931335711096,0.0,0.0,0.0,0.0,0.0,0.0,0.0,0.0,0.0,0.0,0.2230006970647593,0.7149604720719112,0.0,0.06203883086332954,0.0,0.0,0.0,0.0,0.0,0.0,0.0,0.0,0.0,0.0,16.67380179537301,0.6909343056949006,1.0000000005067629,1.545228960641757,0.0,4.136586047367835,0.0,0.0,0.0,0.0,0.0,0.0,0.0,0.0,0.0,0.0
210.0,22.608575561536433,0.99,0.006667,0.0,0.003333,0.0,0.0,0.0,0.0,0.0,0.0,0.0,0.0,0.0,0.0,308.6,84.84,27.951769185170978,3.9323978788155354,1187.936380130624,16.590736025204155,0.9916445265954164,0.005132303734283808,0.0,0.0032231696702997845,0.0,0.0,0.0,0.0,0.0,0.0,0.0,0.0,0.0,0.0,0.20015301024954452,0.7437637602687309,0.0,0.05608322948172472,0.0,0.0,0.0,0.0,0.0,0.0,0.0,0.0,0.0,0.0,16.56063465255691,0.6963448676215003,1.0000000005238185,1.53649337874613,0.0,4.081074160626958,0.0,0.0,0.0,0.0,0.0,0.0,0.0,0.0,0.0,0.0
210.0,25.275172373353705,0.99,0.006667,0.0,0.003333,0.0,0.0,0.0,0.0,0.0,0.0,0.0,0.0,0.0,0.0,308.6,84.84,27.951769185170978,3.9323978788155354,1187.5758943450726,17.120290100827447,0.9908163765749574,0.0058988563572774525,0.0,0.0032847670677651156,0.0,0.0,0.0,0.0,0.0,0.0,0.0,0.0,0.0,0.0,0.1821176837560299,0.7668182394241969,0.0,0.05106407681977319,0.0,0.0,0.0,0.0,0.0,0.0,0.0,0.0,0.0,0.0,16.449901642250154,0.7016346466244535,1.00000000055144,1.5278397585409726,0.0,4.026719997001712,0.0,0.0,0.0,0.0,0.0,0.0,0.0,0.0,0.0,0.0
210.0,27.941769185170976,0.99,0.006667,0.0,0.003333,0.0,0.0,0.0,0.0,0.0,0.0,0.0,0.0,0.0,0.0,308.6,84.84,27.951769185170978,3.9323978788155354,1187.2197119189982,17.638766263075535,0.9900033354520852,0.006663840821573031,0.0,0.003332823726341672,0.0,0.0,0.0,0.0,0.0,0.0,0.0,0.0,0.0,0.0,0.16752739699997968,0.7856731550050355,0.0,0.0467994479949848,0.0,0.0,0.0,0.0,0.0,0.0,0.0,0.0,0.0,0.0,16.341170797444967,0.7071980045170059,1.000000000554816,1.5192498149497113,0.0,3.973483169722886,0.0,0.0,0.0,0.0,0.0,0.0,0.0,0.0,0.0,0.0
220.0,6.098301556109634,0.99,0.006667,0.0,0.003333,0.0,0.0,0.0,0.0,0.0,0.0,0.0,0.0,0.0,0.0,308.6,84.84,26.469783313833922,6.088301556109634,1157.6824403277506,15.784221133434956,0.9999198929242069,1.8182758803372834e-05,0.0,6.192431698980761e-05,0.0,0.0,0.0,0.0,0.0,0.0,0.0,0.0,0.0,0.0,0.9885132101899551,0.007663522220410205,0.0,0.0038232675896347056,0.0,0.0,0.0,0.0,0.0,0.0,0.0,0.0,0.0,0.0,15.285307969013553,0.7039909233565681,1.0,1.5028950513313948,0.0,3.613284421602269,0.0,0.0,0.0,0.0,0.0,0.0,0.0,0.0,0.0,0.0
220.0,8.360688418078999,0.99,0.006667,0.0,0.003333,0.0,0.0,0.0,0.0,0.0,0.0,0.0,0.0,0.0,0.0,308.6,84.84,26.469783313833922,6.088301556109634,1157.1170760502125,17.379247897118525,0.9979765930624876,0.0006263332589228223,0.0,0.0013970736785894112,0.0,0.0,0.0,0.0,0.0,0.0,0.0,0.0,0.0,0.0,0.7406221611456942,0.19552061273013024,0.0,0.06385722612417542,0.0,0.0,0.0,0.0,0.0,0.0,0.0,0.0,0.0,0.0,15.115064735275874,0.7115308497867482,1.0,1.4840427612487528,0.0,3.5634282423618315,0.0,0.0,0.0,0.0,0.0,0.0,0.0,0.0,0.0,0.0
220.0,10.623075280048365,0.99,0.006667,0.0,0.003333,0.0,0.0,0.0,0.0,0.0,0.0,0.0,0.0,0.0,0.0,308.6,84.84,26.469783313833922,6.088301556109634,1156.6260798960438,18.433843805163356,0.996566243280339,0.0013210200624336158,0.0,0.0021127366572273503,0.0,0.0,0.0,0.0,0.0,0.0,0.0,0.0,0.0,0.0,0.5955591065599385,0.32780543682889735,0.0,0.07663545661116415,0.0,0.0,0.0,0.0,0.0,0.0,0.0,0.0,0.0,0.0,14.983901597326756,0.7174396768064099,1.0000000005932432,1.4721763030042065,0.0,3.5190392984742065,0.0,0.0,0.0,0.0,0.0,0.0,0.0,0.0,0.0,0.0
220.0,12.88546214201773,0.99,0.006667,0.0,0.003333,0.0,0.0,0.0,0.0,0.0,0.0,0.0,0.0,0.0,0.0,308.6,84.84,26.469783313833922,6.088301556109634,1156.1721201759512,19.229521103362373,0.9954142177901532,0.0020562700626278675,0.0,0.0025295121472190597,0.0,0.0,0.0,0.0,0.0,0.0,0.0,0.0,0.0,0.0,0.5002808641600389,0.4237101940561963,0.0,0.0760089417837647,0.0,0.0,0.0,0.0,0.0,0.0,0.0,0.0,0.0,0.0,14.871708764974157,0.7225456660722465,1.0000000006378522,1.46324079689234,0.0,3.4774488959447147,0.0,0.0,0.0,0.0,0.0,0.0,0.0,0.0,0.0,0.0
220.0,15.147849003987094,0.99,0.006667,0.0,0.003333,0.0,0.0,0.0,0.0,0.0,0.0,0.0,0.0,0.0,0.0,308.6,84.84,26.469783313833922,6.088301556109634,1155.7379897804826,19.89491314475745,0.9943946686115651,0.00281102395007772,0.0,0.0027943074383571373,0.0,0.0,0.0,0.0,0.0,0.0,0.0,0.0,0.0,0.0,0.4329033445811152,0.49547549744480945,0.0,0.07162115797407521,0.0,0.0,0.0,0.0,0.0,0.0,0.0,0.0,0.0,0.0,14.76939021413936,0.7274329894105336,1.0000000006594674,1.4559216015038947,0.0,3.437514408042809,0.0,0.0,0.0,0.0,0.0,0.0,0.0,0.0,0.0,0.0
220.0,17.41023586595646,0.99,0.006667,0.0,0.003333,0.0,0.0,0.0,0.0,0.0,0.0,0.0,0.0,0.0,0.0,308.6,84.84,26.469783313833922,6.088301556109634,1155.3157605156155,20.488731865148125,0.9934498147088151,0.00357562028347761,0.0,0.0029745650077072946,0.0,0.0,0.0,0.0,0.0,0.0,0.0,0.0,0.0,0.0,0.3827408792813204,0.5508320311438701,0.0,0.06642708957480944,0.0,0.0,0.0,0.0,0.0,0.0,0.0,0.0,0.0,0.0,14.672799091281647,0.7323046734927943,1.0000000006565868,1.4494917409514987,0.0,3.39867937648796,0.0,0.0,0.0,0.0,0.0,0.0,0.0,0.0,0.0,0.0
220.0,19.672622727925827,0.99,0.006667,0.0,0.003333,0.0,0.0,0.0,0.0,0.0,0.0,0.0,0.0,0.0,0.0,308.6,84.84,26.469783313833922,6.088301556109634,1154.9014819080583,21.040010986114048,0.9925509143370722,0.004345253821129762,0.0,0.0031038318417980163,0.0,0.0,0.0,0.0,0.0,0.0,0.0,0.0,0.0,0.0,0.3439506940779869,0.5946767522630907,0.0,0.06137255365892241,0.0,0.0,0.0,0.0,0.0,0.0,0.0,0.0,0.0,0.0,14.57989010737028,0.7369399036060174,1.000000000638003,1.4433549462102728,0.0,3.3606238497696146,0.0,0.0,0.0,0.0,0.0,0.0,0.0,0.0,0.0,0.0
220.0,21.935009589895188,0.99,0.006667,0.0,0.003333,0.0,0.0,0.0,0.0,0.0,0.0,0.0,0.0,0.0,0.0,308.6,84.84,26.469783313833922,6.088301556109634,1154.4930157735912,21.56438483670427,0.9916824197601335,0.005117323958463853,0.0,0.003200256281402636,0.0,0.0,0.0,0.0,0.0,0.0,0.0,0.0,0.0,0.0,0.313067075912729,0.6301895946833886,0.0,0.056743329403882346,0.0,0.0,0.0,0.0,0.0,0.0,0.0,0.0,0.0,0.0,14.489565772128108,0.7413911736397459,1.0000000006096326,1.4373747522854083,0.0,3.323240492381341,0.0,0.0,0.0,0.0,0.0,0.0,0.0,0.0,0.0,0.0
220.0,24.197396451864556,0.99,0.006667,0.0,0.003333,0.0,0.0,0.0,0.0,0.0,0.0,0.0,0.0,0.0,0.0,308.6,84.84,26.469783313833922,6.088301556109634,1154.0891189999004,22.070917465846,0.9908352910469902,0.0058903174271136794,0.0,0.0032743915258961445,0.0,0.0,0.0,0.0,0.0,0.0,0.0,0.0,0.0,0.0,0.2879036221007964,0.6595005520485152,0.0,0.052595825850688345,0.0,0.0,0.0,0.0,0.0,0.0,0.0,0.0,0.0,0.0,14.401193147872705,0.7456904708686232,1.00000000057691,1.4314831503440855,0.0,3.2865541258611177,0.0,0.0,0.0,0.0,0.0,0.0,0.0,0.0,0.0,0.0
220.0,26.45978331383392,0.99,0.006667,0.0,0.003333,0.0,0.0,0.0,0.0,0.0,0.0,0.0,0.0,0.0,0.0,308.6,84.84,26.469783313833922,6.088301556109634,1153.6890246268638,22.56519512361215,0.9900039493594515,0.006663299590028811,0.0,0.0033327510505198185,0.0,0.0,0.0,0.0,0.0,0.0,0.0,0.0,0.0,0.0,0.2670125987222881,0.684080596223476,0.0,0.04890680505423601,0.0,0.0,0.0,0.0,0.0,0.0,0.0,0.0,0.0,0.0,14.31438546373967,0.750174474270299,1.000000000544265,1.4256455989938939,0.0,3.2505126165081717,0.0,0.0,0.0,0.0,0.0,0.0,0.0,0.0,0.0,0.0
230.0,9.051818078834048,0.99,0.006667,0.0,0.003333,0.0,0.0,0.0,0.0,0.0,0.0,0.0,0.0,0.0,0.0,308.6,84.84,26.48488885986045,9.041818078834048,1122.418007442384,23.074869806271604,0.9998791524594387,3.138808420883488e-05,0.0,8.945945635252803e-05,0.0,0.0,0.0,0.0,0.0,0.0,0.0,0.0,0.0,0.0,0.9890300043421247,0.007318524993878755,0.0,0.003651470663996547,0.0,0.0,0.0,0.0,0.0,0.0,0.0,0.0,0.0,0.0,13.0659769806808,0.7659183733083759,1.0,1.3998088904116828,0.0,2.957253704349542,0.0,0.0,0.0,0.0,0.0,0.0,0.0,0.0,0.0,0.0
230.0,10.987714832281426,0.99,0.006667,0.0,0.003333,0.0,0.0,0.0,0.0,0.0,0.0,0.0,0.0,0.0,0.0,308.6,84.84,26.48488885986045,9.041818078834048,1121.8282026400138,24.497880994464946,0.9980921676142606,0.0006356078332917135,0.0,0.0012722245524477852,0.0,0.0,0.0,0.0,0.0,0.0,0.0,0.0,0.0,0.0,0.8330176113872285,0.12367178711311898,0.0,0.043310601499652476,0.0,0.0,0.0,0.0,0.0,0.0,0.0,0.0,0.0,0.0,12.93626887587963,0.7718034828580337,1.0,1.386106501579209,0.0,2.925051421255149,0.0,0.0,0.0,0.0,0.0,0.0,0.0,0.0,0.0,0.0
230.0,12.923611585728803,0.99,0.006667,0.0,0.003333,0.0,0.0,0.0,0.0,0.0,0.0,0.0,0.0,0.0,0.0,308.6,84.84,26.48488885986045,9.041818078834048,1121.29917304223,25.50809759545905,0.9967057042917838,0.0013196036760158665,0.0,0.0019746920322002274,0.0,0.0,0.0,0.0,0.0,0.0,0.0,0.0,0.0,0.0,0.7218419820764632,0.22050690956000266,0.0,0.057651108363534154,0.0,0.0,0.0,0.0,0.0,0.0,0.0,0.0,0.0,0.0,12.831619307797443,0.776984748781711,1.0,1.3766209755563574,0.0,2.895395995721559,0.0,0.0,0.0,0.0,0.0,0.0,0.0,0.0,0.0,0.0
230.0,14.859508339176182,0.99,0.006667,0.0,0.003333,0.0,0.0,0.0,0.0,0.0,0.0,0.0,0.0,0.0,0.0,308.6,84.84,26.48488885986045,9.041818078834048,1120.8043927493154,26.293741246888548,0.9955398149013217,0.002046496246101101,0.0,0.0024136888525771753,0.0,0.0,0.0,0.0,0.0,0.0,0.0,0.0,0.0,0.0,0.638522647499706,0.2998180268060745,0.0,0.0616593256942196,0.0,0.0,0.0,0.0,0.0,0.0,0.0,0.0,0.0,0.0,12.740792579792348,0.7816264567300208,1.0,1.3694794935701533,0.0,2.8672230837705492,0.0,0.0,0.0,0.0,0.0,0.0,0.0,0.0,0.0,0.0
230.0,16.79540509262356,0.99,0.006667,0.0,0.003333,0.0,0.0,0.0,0.0,0.0,0.0,0.0,0.0,0.0,0.0,308.6,84.84,26.48488885986045,9.041818078834048,1120.3294670591479,26.955736721773462,0.9944979234236738,0.002796573774147334,0.0,0.002705502802178868,0.0,0.0,0.0,0.0,0.0,0.0,0.0,0.0,0.0,0.0,0.573737107529585,0.3648578058698923,0.0,0.0614050866005228,0.0,0.0,0.0,0.0,0.0,0.0,0.0,0.0,0.0,0.0,12.657823408410152,0.7858772580042362,1.0,1.3638462888197505,0.0,2.8399729461258905,0.0,0.0,0.0,0.0,0.0,0.0,0.0,0.0,0.0,0.0
230.0,18.731301846070938,0.99,0.006667,0.0,0.003333,0.0,0.0,0.0,0.0,0.0,0.0,0.0,0.0,0.0,0.0,308.6,84.84,26.48488885986045,9.041818078834048,1119.8668918990156,27.545943765106227,0.9935301035313749,0.003559690167424796,0.0,0.0029102063012002013,0.0,0.0,0.0,0.0,0.0,0.0,0.0,0.0,0.0,0.0,0.5219221649430604,0.41868405455828894,0.0,0.05939378049865065,0.0,0.0,0.0,0.0,0.0,0.0,0.0,0.0,0.0,0.0,12.579640404671537,0.789877266904918,1.0,1.358844694521989,0.0,2.813364782761946,0.0,0.0,0.0,0.0,0.0,0.0,0.0,0.0,0.0,0.0
230.0,20.667198599518315,0.99,0.006667,0.0,0.003333,0.0,0.0,0.0,0.0,0.0,0.0,0.0,0.0,0.0,0.0,308.6,84.84,26.48488885986045,9.041818078834048,1119.4125978170598,28.092051874399125,0.9926094552740319,0.0043303998527323626,0.0,0.0030601448732357622,0.0,0.0,0.0,0.0,0.0,0.0,0.0,0.0,0.0,0.0,0.47954389095183286,0.46374776756292513,0.0,0.05670834148524207,0.0,0.0,0.0,0.0,0.0,0.0,0.0,0.0,0.0,0.0,12.504598102034153,0.7937018338445158,1.0,1.354210708258907,0.0,2.787253570438088,0.0,0.0,0.0,0.0,0.0,0.0,0.0,0.0,0.0,0.0
230.0,22.603095352965695,0.99,0.006667,0.0,0.003333,0.0,0.0,0.0,0.0,0.0,0.0,0.0,0.0,0.0,0.0,308.6,84.84,26.48488885986045,9.041818078834048,1118.9642494317873,28.60970776154322,0.9917206168609912,0.005105602580068233,0.0,0.003173780558940493,0.0,0.0,0.0,0.0,0.0,0.0,0.0,0.0,0.0,0.0,0.4442468736189949,0.5019181757673161,0.0,0.05383495061368901,0.0,0.0,0.0,0.0,0.0,0.0,0.0,0.0,0.0,0.0,12.43176168793099,0.797547008755835,1.0,1.3497983610987243,0.0,2.7615610649333897,0.0,0.0,0.0,0.0,0.0,0.0,0.0,0.0,0.0,0.0
230.0,24.538992106413072,0.99,0.006667,0.0,0.003333,0.0,0.0,0.0,0.0,0.0,0.0,0.0,0.0,0.0,0.0,308.6,84.84,26.48488885986045,9.041818078834048,1118.5204312773647,29.108258731652814,0.9908543102766733,0.0058834300072184926,0.0,0.003262259716108211,0.0,0.0,0.0,0.0,0.0,0.0,0.0,0.0,0.0,0.0,0.4143999012490823,0.5346051245179274,0.0,0.05099497423299022,0.0,0.0,0.0,0.0,0.0,0.0,0.0,0.0,0.0,0.0,12.36056975526976,0.8014646815522384,1.0,1.3455238137866172,0.0,2.7362432396919516,0.0,0.0,0.0,0.0,0.0,0.0,0.0,0.0,0.0,0.0
230.0,26.47488885986045,0.99,0.006667,0.0,0.003333,0.0,0.0,0.0,0.0,0.0,0.0,0.0,0.0,0.0,0.0,308.6,84.84,26.48488885986045,9.041818078834048,1118.0802432739313,29.593572502466294,0.9900046492942854,0.0066626983697717825,0.0,0.0033326523359428753,0.0,0.0,0.0,0.0,0.0,0.0,0.0,0.0,0.0,0.0,0.38883724933736935,0.5628761151084211,0.0,0.048286635554209645,0.0,0.0,0.0,0.0,0.0,0.0,0.0,0.0,0.0,0.0,12.290669779820218,0.8052757088891284,1.0,1.3413374665188322,0.0,2.7112743447023737,0.0,0.0,0.0,0.0,0.0,0.0,0.0,0.0,0.0,0.0
240.0,12.972808024915471,0.99,0.006667,0.0,0.003333,0.0,0.0,0.0,0.0,0.0,0.0,0.0,0.0,0.0,0.0,308.6,84.84,27.967282810161336,12.962808024915471,1084.4605866882357,32.85056819567044,0.9998191216647172,5.339277706272268e-05,0.0,0.00012748555822000382,0.0,0.0,0.0,0.0,0.0,0.0,0.0,0.0,0.0,0.0,0.9893497520072666,0.007104970418158125,0.0,0.0035452775745752215,0.0,0.0,0.0,0.0,0.0,0.0,0.0,0.0,0.0,0.0,10.918749452591067,0.8391933776253623,1.0,1.3115729165712404,0.0,2.467977209572778,0.0,0.0,0.0,0.0,0.0,0.0,0.0,0.0,0.0,0.0
240.0,14.637749667720566,0.99,0.006667,0.0,0.003333,0.0,0.0,0.0,0.0,0.0,0.0,0.0,0.0,0.0,0.0,308.6,84.84,27.967282810161336,12.962808024915471,1083.845410347847,34.137403874227566,0.9981762273597271,0.0006557554173913564,0.0,0.0011680172228814881,0.0,0.0,0.0,0.0,0.0,0.0,0.0,0.0,0.0,0.0,0.8927989145449009,0.0781302155709944,0.0,0.029070869884104667,0.0,0.0,0.0,0.0,0.0,0.0,0.0,0.0,0.0,0.0,10.819606049824266,0.8444112514635584,1.0,1.3020744855262816,0.0,2.4465379517670494,0.0,0.0,0.0,0.0,0.0,0.0,0.0,0.0,0.0,0.0
240.0,16.302691310525663,0.99,0.006667,0.0,0.003333,0.0,0.0,0.0,0.0,0.0,0.0,0.0,0.0,0.0,0.0,308.6,84.84,27.967282810161336,12.962808024915471,1083.2794156608372,35.11291138449875,0.9968262100301847,0.0013299995167792413,0.0,0.0018437904530361395,0.0,0.0,0.0,0.0,0.0,0.0,0.0,0.0,0.0,0.0,0.8148966226624927,0.14356973304388618,0.0,0.04153364429362108,0.0,0.0,0.0,0.0,0.0,0.0,0.0,0.0,0.0,0.0,10.736228314516902,0.8489721234068214,1.0,1.2949894684684673,0.0,2.4263502271261626,0.0,0.0,0.0,0.0,0.0,0.0,0.0,0.0,0.0,0.0
240.0,17.96763295333076,0.99,0.006667,0.0,0.003333,0.0,0.0,0.0,0.0,0.0,0.0,0.0,0.0,0.0,0.0,308.6,84.84,27.967282810161336,12.962808024915471,1082.744314536777,35.89859912726497,0.9956564735882,0.0020477154728390607,0.0,0.002295810938960919,0.0,0.0,0.0,0.0,0.0,0.0,0.0,0.0,0.0,0.0,0.750627917236756,0.202147053234793,0.0,0.04722502952845096,0.0,0.0,0.0,0.0,0.0,0.0,0.0,0.0,0.0,0.0,10.662580694898102,0.8532400167626918,1.0,1.2893475264866625,0.0,2.406979569066088,0.0,0.0,0.0,0.0,0.0,0.0,0.0,0.0,0.0,0.0
240.0,19.632574596135854,0.99,0.006667,0.0,0.003333,0.0,0.0,0.0,0.0,0.0,0.0,0.0,0.0,0.0,0.0,308.6,84.84,27.967282810161336,12.962808024915471,1082.2286719198091,36.56958497163781,0.9945975994179749,0.002791479797677863,0.0,0.0026109207843473033,0.0,0.0,0.0,0.0,0.0,0.0,0.0,0.0,0.0,0.0,0.6966677843100774,0.25392971789875896,0.0,0.0494024977911637,0.0,0.0,0.0,0.0,0.0,0.0,0.0,0.0,0.0,0.0,10.594976161743942,0.8571696293060072,1.0,1.28460241124185,0.0,2.3881632911873507,0.0,0.0,0.0,0.0,0.0,0.0,0.0,0.0,0.0,0.0
240.0,21.29751623894095,0.99,0.006667,0.0,0.003333,0.0,0.0,0.0,0.0,0.0,0.0,0.0,0.0,0.0,0.0,308.6,84.84,27.967282810161336,12.962808024915471,1081.72577168561,37.16941787929432,0.9936092783564945,0.003551232652431985,0.0,0.0028394889910734887,0.0,0.0,0.0,0.0,0.0,0.0,0.0,0.0,0.0,0.0,0.6507114853017076,0.2995632443696169,0.0,0.0497252703286755,0.0,0.0,0.0,0.0,0.0,0.0,0.0,0.0,0.0,0.0,10.531279145504913,0.8608739002428379,1.0,1.280429382276048,0.0,2.3697511599385526,0.0,0.0,0.0,0.0,0.0,0.0,0.0,0.0,0.0,0.0
240.0,22.962457881746047,0.99,0.006667,0.0,0.003333,0.0,0.0,0.0,0.0,0.0,0.0,0.0,0.0,0.0,0.0,308.6,84.84,27.967282810161336,12.962808024915471,1081.2316313962817,37.72353113074419,0.992667850568076,0.004321104366095863,0.0,0.003011045065828093,0.0,0.0,0.0,0.0,0.0,0.0,0.0,0.0,0.0,0.0,0.6111023392764197,0.3398394717359068,0.0,0.049058188987673675,0.0,0.0,0.0,0.0,0.0,0.0,0.0,0.0,0.0,0.0,10.470236414000167,0.8644172787153259,1.0,1.276629703541501,0.0,2.351659401295621,0.0,0.0,0.0,0.0,0.0,0.0,0.0,0.0,0.0,0.0
240.0,24.627399524551144,0.99,0.006667,0.0,0.003333,0.0,0.0,0.0,0.0,0.0,0.0,0.0,0.0,0.0,0.0,308.6,84.84,27.967282810161336,12.962808024915471,1080.7438088291917,38.247252921087004,0.9917589414226988,0.005097550028161821,0.0,0.003143508549139329,0.0,0.0,0.0,0.0,0.0,0.0,0.0,0.0,0.0,0.0,0.576614802155593,0.3755180479898479,0.0,0.0478671498545592,0.0,0.0,0.0,0.0,0.0,0.0,0.0,0.0,0.0,0.0,10.411096212462393,0.8678427405209653,1.0,1.2730857762252474,0.0,2.3338321991453275,0.0,0.0,0.0,0.0,0.0,0.0,0.0,0.0,0.0,0.0
240.0,26.29234116735624,0.99,0.006667,0.0,0.003333,0.0,0.0,0.0,0.0,0.0,0.0,0.0,0.0,0.0,0.0,308.6,84.84,27.967282810161336,12.962808024915471,1080.2607471330434,38.75017303798855,0.9908734650724949,0.00587834183850582,0.0,0.0032481930889992445,0.0,0.0,0.0,0.0,0.0,0.0,0.0,0.0,0.0,0.0,0.5463211054937137,0.4072679996892312,0.0,0.04641089481705497,0.0,0.0,0.0,0.0,0.0,0.0,0.0,0.0,0.0,0.0,10.353378556079107,0.8711754416075799,1.0,1.269718079714654,0.0,2.3162404213735956,0.0,0.0,0.0,0.0,0.0,0.0,0.0,0.0,0.0,0.0
240.0,27.957282810161335,0.99,0.006667,0.0,0.003333,0.0,0.0,0.0,0.0,0.0,0.0,0.0,0.0,0.0,0.0,308.6,84.84,27.967282810161336,12.962808024915471,1079.7814163718197,39.23851021700668,0.9900054563735298,0.0066620249464969285,0.0,0.00333251867997334,0.0,0.0,0.0,0.0,0.0,0.0,0.0,0.0,0.0,0.0,0.5195052742230036,0.4356582376597582,0.0,0.04483648811723821,0.0,0.0,0.0,0.0,0.0,0.0,0.0,0.0,0.0,0.0,10.296772912781751,0.874633310993427,1.0,1.2664751293131036,0.0,2.2988642544078464,0.0,0.0,0.0,0.0,0.0,0.0,0.0,0.0,0.0,0.0
250.0,18.04474846510595,0.99,0.006667,0.0,0.003333,0.0,0.0,0.0,0.0,0.0,0.0,0.0,0.0,0.0,0.0,308.6,84.84,30.960329030761944,18.03474846510595,1043.0191522093837,45.838149397873785,0.9997306124891483,8.977483804260037e-05,0.0,0.00017961267280905928,0.0,0.0,0.0,0.0,0.0,0.0,0.0,0.0,0.0,0.0,0.9895551778485355,0.006967669197388251,0.0,0.0034771529540762462,0.0,0.0,0.0,0.0,0.0,0.0,0.0,0.0,0.0,0.0,8.854598184604273,0.928977996516327,1.0,1.236270055289508,0.0,2.0941833301459556,0.0,0.0,0.0,0.0,0.0,0.0,0.0,0.0,0.0,0.0
250.0,19.47870186128995,0.99,0.006667,0.0,0.003333,0.0,0.0,0.0,0.0,0.0,0.0,0.0,0.0,0.0,0.0,308.6,84.84,30.960329030761944,18.03474846510595,1042.3758320892684,47.01868392331856,0.9982203097487551,0.0006917330167941134,0.0,0.0010879572344506918,0.0,0.0,0.0,0.0,0.0,0.0,0.0,0.0,0.0,0.0,0.9302195691709498,0.05012084121671788,0.0,0.0196595896123322,0.0,0.0,0.0,0.0,0.0,0.0,0.0,0.0,0.0,0.0,8.77899902313446,0.9339844126783462,1.0,1.229421621152405,0.0,2.079831056083198,0.0,0.0,0.0,0.0,0.0,0.0,0.0,0.0,0.0,0.0
250.0,20.91265525747395,0.99,0.006667,0.0,0.003333,0.0,0.0,0.0,0.0,0.0,0.0,0.0,0.0,0.0,0.0,308.6,84.84,30.960329030761944,18.03474846510595,1041.7719815159812,47.968394371138494,0.996917562577656,0.0013568781128816387,0.0,0.001725559309462425,0.0,0.0,0.0,0.0,0.0,0.0,0.0,0.0,0.0,0.0,0.8785088291615,0.09225085989918796,0.0,0.029240310939312023,0.0,0.0,0.0,0.0,0.0,0.0,0.0,0.0,0.0,0.0,8.713056319369583,0.9383805556440287,1.0,1.223964431379338,0.0,2.0660781463202054,0.0,0.0,0.0,0.0,0.0,0.0,0.0,0.0,0.0,0.0
250.0,22.34660865365795,0.99,0.006667,0.0,0.003333,0.0,0.0,0.0,0.0,0.0,0.0,0.0,0.0,0.0,0.0,308.6,84.84,30.960329030761944,18.03474846510595,1041.1953220357266,48.76276958585927,0.9957553879458453,0.002064289568547404,0.0,0.002180322485607386,0.0,0.0,0.0,0.0,0.0,0.0,0.0,0.0,0.0,0.0,0.8329724870370971,0.13224535870319787,0.0,0.03478215425970502,0.0,0.0,0.0,0.0,0.0,0.0,0.0,0.0,0.0,0.0,8.653680405325161,0.9423598635632019,1.0,1.2195928537762557,0.0,2.052757970432745,0.0,0.0,0.0,0.0,0.0,0.0,0.0,0.0,0.0,0.0
250.0,23.780562049841947,0.99,0.006667,0.0,0.003333,0.0,0.0,0.0,0.0,0.0,0.0,0.0,0.0,0.0,0.0,308.6,84.84,30.960329030761944,18.03474846510595,1040.637199742292,49.45446269040356,0.9946872888633128,0.0027995158206868074,0.0,0.0025131953160003645,0.0,0.0,0.0,0.0,0.0,0.0,0.0,0.0,0.0,0.0,0.7925297785205001,0.1695997698224405,0.0,0.03787045165705933,0.0,0.0,0.0,0.0,0.0,0.0,0.0,0.0,0.0,0.0,8.598740015696128,0.9460548677883807,1.0,1.215824020687096,0.0,2.0397562617377987,0.0,0.0,0.0,0.0,0.0,0.0,0.0,0.0,0.0,0.0
250.0,25.214515446025946,0.99,0.006667,0.0,0.003333,0.0,0.0,0.0,0.0,0.0,0.0,0.0,0.0,0.0,0.0,308.6,84.84,30.960329030761944,18.03474846510595,1040.091937193124,50.07766873898145,0.9936831281265042,0.003553237685227999,0.0,0.0027636341882678033,0.0,0.0,0.0,0.0,0.0,0.0,0.0,0.0,0.0,0.0,0.7563542712495556,0.20419400427532777,0.0,0.03945172447511656,0.0,0.0,0.0,0.0,0.0,0.0,0.0,0.0,0.0,0.0,8.546858249070315,0.9495511080414765,1.0,1.2124776275588633,0.0,2.0269996170622737,0.0,0.0,0.0,0.0,0.0,0.0,0.0,0.0,0.0,0.0
250.0,26.648468842209944,0.99,0.006667,0.0,0.003333,0.0,0.0,0.0,0.0,0.0,0.0,0.0,0.0,0.0,0.0,308.6,84.84,30.960329030761944,18.03474846510595,1039.5558538405026,50.65430800719508,0.992723583211427,0.004319513305337858,0.0,0.0029569034832351024,0.0,0.0,0.0,0.0,0.0,0.0,0.0,0.0,0.0,0.0,0.7237981323661798,0.23610935364014532,0.0,0.040092513993674826,0.0,0.0,0.0,0.0,0.0,0.0,0.0,0.0,0.0,0.0,8.49715133502036,0.9529034353063488,1.0,1.2094338943216527,0.0,2.0144413799119545,0.0,0.0,0.0,0.0,0.0,0.0,0.0,0.0,0.0,0.0
250.0,28.082422238393946,0.99,0.006667,0.0,0.003333,0.0,0.0,0.0,0.0,0.0,0.0,0.0,0.0,0.0,0.0,308.6,84.84,30.960329030761944,18.03474846510595,1039.0265300746933,51.1986030303974,0.9917960868329486,0.00509450146102289,0.0,0.0031094117060284816,0.0,0.0,0.0,0.0,0.0,0.0,0.0,0.0,0.0,0.0,0.6943430410832637,0.2655187032730125,0.0,0.04013825564372373,0.0,0.0,0.0,0.0,0.0,0.0,0.0,0.0,0.0,0.0,8.449050662046407,0.9563287907284704,1.0,1.2066118101378802,0.0,2.002051444885885,0.0,0.0,0.0,0.0,0.0,0.0,0.0,0.0,0.0,0.0
250.0,29.516375634577944,0.99,0.006667,0.0,0.003333,0.0,0.0,0.0,0.0,0.0,0.0,0.0,0.0,0.0,0.0,308.6,84.84,30.960329030761944,18.03474846510595,1038.5023369378996,51.71998834067527,0.9908922676944323,0.005875659970751688,0.0,0.00323207233481591,0.0,0.0,0.0,0.0,0.0,0.0,0.0,0.0,0.0,0.0,0.6675675744502931,0.29262791358818047,0.0,0.03980451196152643,0.0,0.0,0.0,0.0,0.0,0.0,0.0,0.0,0.0,0.0,8.40217251133172,0.9596864000878732,1.0,1.2039553180636613,0.0,1.9898100173129245,0.0,0.0,0.0,0.0,0.0,0.0,0.0,0.0,0.0,0.0
250.0,30.950329030761942,0.99,0.006667,0.0,0.003333,0.0,0.0,0.0,0.0,0.0,0.0,0.0,0.0,0.0,0.0,308.6,84.84,30.960329030761944,18.03474846510595,1037.9821485339821,52.224874010446214,0.9900064004238218,0.006661261914750355,0.0,0.0033323376614277376,0.0,0.0,0.0,0.0,0.0,0.0,0.0,0.0,0.0,0.0,0.64312457049372,0.31764652899644036,0.0,0.03922890050983954,0.0,0.0,0.0,0.0,0.0,0.0,0.0,0.0,0.0,0.0,8.356259090971198,0.9629683568805774,1.0,1.2014247122035333,0.0,1.9777036997821258,0.0,0.0,0.0,0.0,0.0,0.0,0.0,0.0,0.0,0.0
260.0,24.466911500767505,0.99,0.006667,0.0,0.003333,0.0,0.0,0.0,0.0,0.0,0.0,0.0,0.0,0.0,0.0,308.6,84.84,35.55685524457678,24.456911500767504,996.9690521244398,63.081843069018426,0.9995984228612963,0.00015012401800492547,0.0,0.00025145312069881147,0.0,0.0,0.0,0.0,0.0,0.0,0.0,0.0,0.0,0.0,0.9896916056767169,0.006876385186236315,0.0,0.00343200913704681,0.0,0.0,0.0,0.0,0.0,0.0,0.0,0.0,0.0,0.0,6.8881081992231366,1.0436459714591713,1.0,1.1707975775191315,0.0,1.8034138833859101,0.0,0.0,0.0,0.0,0.0,0.0,0.0,0.0,0.0,0.0
260.0,25.69801636119076,0.99,0.006667,0.0,0.003333,0.0,0.0,0.0,0.0,0.0,0.0,0.0,0.0,0.0,0.0,308.6,84.84,35.55685524457678,24.456911500767504,996.2926296213233,64.18257355186716,0.998210793456024,0.0007522874932379929,0.0,0.0010369190507379636,0.0,0.0,0.0,0.0,0.0,0.0,0.0,0.0,0.0,0.0,0.9534593245894616,0.032989375664884774,0.0,0.013551299745653628,0.0,0.0,0.0,0.0,0.0,0.0,0.0,0.0,0.0,0.0,6.8310404935689615,1.048528011270043,1.0,1.16627003287359,0.0,1.7937713136786126,0.0,0.0,0.0,0.0,0.0,0.0,0.0,0.0,0.0,0.0
260.0,26.92912122161401,0.99,0.006667,0.0,0.003333,0.0,0.0,0.0,0.0,0.0,0.0,0.0,0.0,0.0,0.0,308.6,84.84,35.55685524457678,24.456911500767504,995.6476478588379,65.11599270907891,0.9969647102674797,0.001408436853170241,0.0,0.0016268528793500956,0.0,0.0,0.0,0.0,0.0,0.0,0.0,0.0,0.0,0.0,0.9203352691853577,0.05926594123754573,0.0,0.020398789577096708,0.0,0.0,0.0,0.0,0.0,0.0,0.0,0.0,0.0,0.0,6.779673664018969,1.0529518335859955,1.0,1.162418642936438,0.0,1.7844077131184606,0.0,0.0,0.0,0.0,0.0,0.0,0.0,0.0,0.0,0.0
260.0,28.160226082037266,0.99,0.006667,0.0,0.003333,0.0,0.0,0.0,0.0,0.0,0.0,0.0,0.0,0.0,0.0,308.6,84.84,35.55685524457678,24.456911500767504,995.0260646344215,65.92701450530892,0.9958225917207872,0.0021039357081858922,0.0,0.0020734725710267474,0.0,0.0,0.0,0.0,0.0,0.0,0.0,0.0,0.0,0.0,0.8898919336551937,0.08511995785203581,0.0,0.02498810849277052,0.0,0.0,0.0,0.0,0.0,0.0,0.0,0.0,0.0,0.0,6.73251387549021,1.0570306253018522,1.0,1.1590740259273358,0.0,1.775262814088509,0.0,0.0,0.0,0.0,0.0,0.0,0.0,0.0,0.0,0.0
260.0,29.391330942460517,0.99,0.006667,0.0,0.003333,0.0,0.0,0.0,0.0,0.0,0.0,0.0,0.0,0.0,0.0,308.6,84.84,35.55685524457678,24.456911500767504,994.4216224016653,66.65023097361377,0.9947556488577272,0.0028276185589896996,0.0,0.0024167325832831553,0.0,0.0,0.0,0.0,0.0,0.0,0.0,0.0,0.0,0.0,0.8617875133036919,0.1101768798616617,0.0,0.02803560683464643,0.0,0.0,0.0,0.0,0.0,0.0,0.0,0.0,0.0,0.0,6.688421621183403,1.0608566013352354,1.0,1.1561069041362861,0.0,1.7662907563320762,0.0,0.0,0.0,0.0,0.0,0.0,0.0,0.0,0.0,0.0
260.0,30.62243580288377,0.99,0.006667,0.0,0.003333,0.0,0.0,0.0,0.0,0.0,0.0,0.0,0.0,0.0,0.0,308.6,84.84,35.55685524457678,24.456911500767504,993.8297828304901,67.3105174821929,0.9937432485361692,0.0035715149836780214,0.0,0.0026852364801527016,0.0,0.0,0.0,0.0,0.0,0.0,0.0,0.0,0.0,0.0,0.8357449705566288,0.1342284289888734,0.0,0.030026600454497926,0.0,0.0,0.0,0.0,0.0,0.0,0.0,0.0,0.0,0.0,6.646586906726599,1.0644882779494522,1.0,1.1534195906713878,0.0,1.7574748199496655,0.0,0.0,0.0,0.0,0.0,0.0,0.0,0.0,0.0,0.0
260.0,31.853540663307022,0.99,0.006667,0.0,0.003333,0.0,0.0,0.0,0.0,0.0,0.0,0.0,0.0,0.0,0.0,308.6,84.84,35.55685524457678,24.456911500767504,993.2473360480627,67.92532825016069,0.9927709476317564,0.004330069197880552,0.0,0.002898983170363062,0.0,0.0,0.0,0.0,0.0,0.0,0.0,0.0,0.0,0.0,0.81153568898768,0.15717823330662145,0.0,0.0312860777056985,0.0,0.0,0.0,0.0,0.0,0.0,0.0,0.0,0.0,0.0,6.606442964420693,1.067985635542697,1.0,1.150950627856469,0.0,1.7487616910750996,0.0,0.0,0.0,0.0,0.0,0.0,0.0,0.0,0.0,0.0
260.0,33.08464552373027,0.99,0.006667,0.0,0.003333,0.0,0.0,0.0,0.0,0.0,0.0,0.0,0.0,0.0,0.0,308.6,84.84,35.55685524457678,24.456911500767504,992.6720152908379,68.5068846996929,0.9918286465270415,0.005099414110316225,0.0,0.003071939362642263,0.0,0.0,0.0,0.0,0.0,0.0,0.0,0.0,0.0,0.0,0.7889677097856584,0.17899958415482828,0.0,0.032032706059513444,0.0,0.0,0.0,0.0,0.0,0.0,0.0,0.0,0.0,0.0,6.56759100227649,1.0715400484860609,1.0,1.148697348763805,0.0,1.7401937093990079,0.0,0.0,0.0,0.0,0.0,0.0,0.0,0.0,0.0,0.0
260.0,34.31575038415353,0.99,0.006667,0.0,0.003333,0.0,0.0,0.0,0.0,0.0,0.0,0.0,0.0,0.0,0.0,308.6,84.84,35.55685524457678,24.456911500767504,992.1022035422241,69.06381900563049,0.9909092109401139,0.0058768319208977815,0.0,0.0032139571389884145,0.0,0.0,0.0,0.0,0.0,0.0,0.0,0.0,0.0,0.0,0.7678774672577062,0.19970706064899432,0.0,0.032415472093299376,0.0,0.0,0.0,0.0,0.0,0.0,0.0,0.0,0.0,0.0,6.529756484340479,1.075005747509048,1.0,1.1466454286877998,0.0,1.731742704133481,0.0,0.0,0.0,0.0,0.0,0.0,0.0,0.0,0.0,0.0
260.0,35.54685524457678,0.99,0.006667,0.0,0.003333,0.0,0.0,0.0,0.0,0.0,0.0,0.0,0.0,0.0,0.0,308.6,84.84,35.55685524457678,24.456911500767504,991.5367294023029,69.60232204965327,0.9900075241730186,0.006660384306986814,0.0,0.0033320915199945714,0.0,0.0,0.0,0.0,0.0,0.0,0.0,0.0,0.0,0.0,0.7481240254466947,0.2193385043568279,0.0,0.03253747019647755,0.0,0.0,0.0,0.0,0.0,0.0,0.0,0.0,0.0,0.0,6.492733305756729,1.078396751902237,1.0,1.1446938413929642,0.0,1.7233756461583345,0.0,0.0,0.0,0.0,0.0,0.0,0.0,0.0,0.0,0.0
270.0,32.45940645820129,0.99,0.006667,0.0,0.003333,0.0,0.0,0.0,0.0,0.0,0.0,0.0,0.0,0.0,0.0,308.6,84.84,41.885001264070425,32.449406458201295,944.5880138276133,86.20330279346511,0.9993953055666308,0.00025208615369964025,0.0,0.0003526082796694955,0.0,0.0,0.0,0.0,0.0,0.0,0.0,0.0,0.0,0.0,0.9897849696871353,0.0068138181020391065,0.0,0.0034012122108256137,0.0,0.0,0.0,0.0,0.0,0.0,0.0,0.0,0.0,0.0,5.039455570428083,1.1987862696970033,1.0,1.1142323455772962,0.0,1.5727753465239964,0.0,0.0,0.0,0.0,0.0,0.0,0.0,0.0,0.0,0.0
270.0,33.50558365885342,0.99,0.006667,0.0,0.003333,0.0,0.0,0.0,0.0,0.0,0.0,0.0,0.0,0.0,0.0,308.6,84.84,41.885001264070425,32.449406458201295,943.8706701456871,87.24952401166743,0.9981237155859516,0.0008534894097531684,0.0,0.0010227950042951642,0.0,0.0,0.0,0.0,0.0,0.0,0.0,0.0,0.0,0.0,0.9679735108642565,0.022429642906657245,0.0,0.009596846229086312,0.0,0.0,0.0,0.0,0.0,0.0,0.0,0.0,0.0,0.0,4.997347695614722,1.2038254235780115,1.0,1.1112095022749247,0.0,1.5663891081216894,0.0,0.0,0.0,0.0,0.0,0.0,0.0,0.0,0.0,0.0
270.0,34.55176085950554,0.99,0.006667,0.0,0.003333,0.0,0.0,0.0,0.0,0.0,0.0,0.0,0.0,0.0,0.0,308.6,84.84,41.885001264070425,32.449406458201295,943.178117511505,88.17837029335129,0.9969437274387155,0.001499378406391006,0.0,0.0015568941548935796,0.0,0.0,0.0,0.0,0.0,0.0,0.0,0.0,0.0,0.0,0.9474240262429834,0.03835265058141044,0.0,0.014223323175606135,0.0,0.0,0.0,0.0,0.0,0.0,0.0,0.0,0.0,0.0,4.958423702939086,1.208504462152579,1.0,1.1085262487896534,0.0,1.560138572404483,0.0,0.0,0.0,0.0,0.0,0.0,0.0,0.0,0.0,0.0
270.0,35.597938060157674,0.99,0.006667,0.0,0.003333,0.0,0.0,0.0,0.0,0.0,0.0,0.0,0.0,0.0,0.0,308.6,84.84,41.885001264070425,32.449406458201295,942.5052361252268,89.01512764869756,0.9958357844905483,0.0021801461769022225,0.0,0.0019840693325494157,0.0,0.0,0.0,0.0,0.0,0.0,0.0,0.0,0.0,0.0,0.9280064956587273,0.0543308217897473,0.0,0.017662682551525456,0.0,0.0,0.0,0.0,0.0,0.0,0.0,0.0,0.0,0.0,4.922017076453894,1.212898761893549,1.0,1.1061588147782568,0.0,1.5540015464038248,0.0,0.0,0.0,0.0,0.0,0.0,0.0,0.0,0.0,0.0
270.0,36.6441152608098,0.99,0.006667,0.0,0.003333,0.0,0.0,0.0,0.0,0.0,0.0,0.0,0.0,0.0,0.0,308.6,84.84,41.885001264070425,32.449406458201295,941.8477121185348,89.78087565171485,0.9947836689033125,0.00288785483498448,0.0,0.0023284762617030055,0.0,0.0,0.0,0.0,0.0,0.0,0.0,0.0,0.0,0.0,0.9096119801414204,0.07017432099442618,0.0,0.020213698864153373,0.0,0.0,0.0,0.0,0.0,0.0,0.0,0.0,0.0,0.0,4.887577319542276,1.2170705385909308,1.0,1.1040622198287138,0.0,1.5479598017807183,0.0,0.0,0.0,0.0,0.0,0.0,0.0,0.0,0.0,0.0
270.0,37.69029246146192,0.99,0.006667,0.0,0.003333,0.0,0.0,0.0,0.0,0.0,0.0,0.0,0.0,0.0,0.0,308.6,84.84,41.885001264070425,32.449406458201295,941.2021267282655,90.49218479671926,0.9937746779963134,0.003616306794619809,0.0,0.002609015209066856,0.0,0.0,0.0,0.0,0.0,0.0,0.0,0.0,0.0,0.0,0.8921489705054493,0.08575016182467375,0.0,0.022100867669877036,0.0,0.0,0.0,0.0,0.0,0.0,0.0,0.0,0.0,0.0,4.854678283335764,1.2211468408689008,1.0,1.1021283891618807,0.0,1.541999088813037,0.0,0.0,0.0,0.0,0.0,0.0,0.0,0.0,0.0,0.0
270.0,38.73646966211405,0.99,0.006667,0.0,0.003333,0.0,0.0,0.0,0.0,0.0,0.0,0.0,0.0,0.0,0.0,308.6,84.84,41.885001264070425,32.449406458201295,940.5658513372821,91.16171248939544,0.9927991389147043,0.0043607973604345065,0.0,0.0028400637248611692,0.0,0.0,0.0,0.0,0.0,0.0,0.0,0.0,0.0,0.0,0.8755398201825453,0.10097041860973291,0.0,0.0234897612077219,0.0,0.0,0.0,0.0,0.0,0.0,0.0,0.0,0.0,0.0,4.822995075565658,1.2252128428278448,1.0,1.1003247371109257,0.0,1.5361085984894003,0.0,0.0,0.0,0.0,0.0,0.0,0.0,0.0,0.0,0.0
270.0,39.78264686276617,0.99,0.006667,0.0,0.003333,0.0,0.0,0.0,0.0,0.0,0.0,0.0,0.0,0.0,0.0,308.6,84.84,41.885001264070425,32.449406458201295,939.9368884772972,91.79901758140898,0.9918497646629338,0.005117793722507624,0.0,0.003032441614558521,0.0,0.0,0.0,0.0,0.0,0.0,0.0,0.0,0.0,0.0,0.8597177477890787,0.115780384537729,0.0,0.02450186767319237,0.0,0.0,0.0,0.0,0.0,0.0,0.0,0.0,0.0,0.0,4.792283427438894,1.2291888233199337,1.0,1.0986263655272301,0.0,1.530280129459912,0.0,0.0,0.0,0.0,0.0,0.0,0.0,0.0,0.0,0.0
270.0,40.8288240634183,0.99,0.006667,0.0,0.003333,0.0,0.0,0.0,0.0,0.0,0.0,0.0,0.0,0.0,0.0,308.6,84.84,41.885001264070425,32.449406458201295,939.3137216204146,92.41131314758265,0.9909210681409857,0.0058846449428428356,0.0,0.0031942869161716123,0.0,0.0,0.0,0.0,0.0,0.0,0.0,0.0,0.0,0.0,0.844624549072285,0.13014887301115752,0.0,0.025226577916557417,0.0,0.0,0.0,0.0,0.0,0.0,0.0,0.0,0.0,0.0,4.762359827280511,1.233069462944306,1.0,1.0970140632804397,0.0,1.5245076724471125,0.0,0.0,0.0,0.0,0.0,0.0,0.0,0.0,0.0,0.0
270.0,41.87500126407043,0.99,0.006667,0.0,0.003333,0.0,0.0,0.0,0.0,0.0,0.0,0.0,0.0,0.0,0.0,308.6,84.84,41.885001264070425,32.449406458201295,938.6951931977394,93.00406907500306,0.9900088951048853,0.006659351678590168,0.0,0.003331753216524571,0.0,0.0,0.0,0.0,0.0,0.0,0.0,0.0,0.0,0.0,0.830208884359536,0.14406097417099464,0.0,0.02573014146946937,0.0,0.0,0.0,0.0,0.0,0.0,0.0,0.0,0.0,0.0,4.733085474790804,1.2368720050151978,1.0,1.0954730398304873,0.0,1.5187865062998274,0.0,0.0,0.0,0.0,0.0,0.0,0.0,0.0,0.0,0.0
280.0,42.27368226349694,0.99,0.006667,0.0,0.003333,0.0,0.0,0.0,0.0,0.0,0.0,0.0,0.0,0.0,0.0,308.6,84.84,50.10028045173198,42.26368226349694,882.9575117062542,117.99812602346466,0.9990666419480115,0.0004317622671114097,0.0,0.0005015957848771394,0.0,0.0,0.0,0.0,0.0,0.0,0.0,0.0,0.0,0.0,0.989850768080627,0.0067696285696469466,0.0,0.003379603349725974,0.0,0.0,0.0,0.0,0.0,0.0,0.0,0.0,0.0,0.0,3.3382496423878583,1.426595492598588,1.0,1.0656340066768033,0.0,1.385486069342976,0.0,0.0,0.0,0.0,0.0,0.0,0.0,0.0,0.0,0.0
280.0,43.14219317330083,0.99,0.006667,0.0,0.003333,0.0,0.0,0.0,0.0,0.0,0.0,0.0,0.0,0.0,0.0,308.6,84.84,50.10028045173198,42.26368226349694,882.187259279448,119.01621724742712,0.9979112029406231,0.0010280105094755373,0.0,0.00106078654990147,0.0,0.0,0.0,0.0,0.0,0.0,0.0,0.0,0.0,0.0,0.9771552291847923,0.015822564353332985,0.0,0.0070222064618746085,0.0,0.0,0.0,0.0,0.0,0.0,0.0,0.0,0.0,0.0,3.3086154135855153,1.432498955672645,1.0,1.0638359930617494,0.0,1.381386132804244,0.0,0.0,0.0,0.0,0.0,0.0,0.0,0.0,0.0,0.0
280.0,44.01070408310473,0.99,0.006667,0.0,0.003333,0.0,0.0,0.0,0.0,0.0,0.0,0.0,0.0,0.0,0.0,308.6,84.84,50.10028045173198,42.26368226349694,881.4360950912184,119.95632774655708,0.996810340633705,0.0016590168406514954,0.0,0.0015306425256435734,0.0,0.0,0.0,0.0,0.0,0.0,0.0,0.0,0.0,0.0,0.9649602705351698,0.025079962026290592,0.0,0.009959767438539711,0.0,0.0,0.0,0.0,0.0,0.0,0.0,0.0,0.0,0.0,3.2806056762830402,1.4381052084130603,1.0,1.0621824335673882,0.0,1.3773550262665817,0.0,0.0,0.0,0.0,0.0,0.0,0.0,0.0,0.0,0.0
280.0,44.87921499290862,0.99,0.006667,0.0,0.003333,0.0,0.0,0.0,0.0,0.0,0.0,0.0,0.0,0.0,0.0,308.6,84.84,50.10028045173198,42.26368226349694,880.7009046975974,120.83155241953759,0.9957549581064942,0.0023190373907413385,0.0,0.0019260045027644941,0.0,0.0,0.0,0.0,0.0,0.0,0.0,0.0,0.0,0.0,0.9532261864367476,0.034450202486294726,0.0,0.012323611076957742,0.0,0.0,0.0,0.0,0.0,0.0,0.0,0.0,0.0,0.0,3.253956921169133,1.443462844289772,1.0,1.0606504161238186,0.0,1.3733844393149286,0.0,0.0,0.0,0.0,0.0,0.0,0.0,0.0,0.0,0.0
280.0,45.74772590271252,0.99,0.006667,0.0,0.003333,0.0,0.0,0.0,0.0,0.0,0.0,0.0,0.0,0.0,0.0,308.6,84.84,50.10028045173198,42.26368226349694,879.978895277315,121.65349675370676,0.9947370300855349,0.003003022424594243,0.0,0.0022599474898709238,0.0,0.0,0.0,0.0,0.0,0.0,0.0,0.0,0.0,0.0,0.9419183824155688,0.04385696194610412,0.0,0.014224655638327019,0.0,0.0,0.0,0.0,0.0,0.0,0.0,0.0,0.0,0.0,3.2284402994532906,1.4486146572573277,1.0,1.059242721175092,0.0,1.3694670757132026,0.0,0.0,0.0,0.0,0.0,0.0,0.0,0.0,0.0,0.0
280.0,46.616236812516405,0.99,0.006667,0.0,0.003333,0.0,0.0,0.0,0.0,0.0,0.0,0.0,0.0,0.0,0.0,308.6,84.84,50.10028045173198,42.26368226349694,879.2676782163983,122.4320064528363,0.9937497757600346,0.003706717603313545,0.0,0.002543506636651847,0.0,0.0,0.0,0.0,0.0,0.0,0.0,0.0,0.0,0.0,0.9310069154570095,0.05323943549337955,0.0,0.01575364904961078,0.0,0.0,0.0,0.0,0.0,0.0,0.0,0.0,0.0,0.0,3.2038627838643428,1.4535968113111692,1.0,1.0579562843114627,0.0,1.365596647381208,0.0,0.0,0.0,0.0,0.0,0.0,0.0,0.0,0.0,0.0
280.0,47.4847477223203,0.99,0.006667,0.0,0.003333,0.0,0.0,0.0,0.0,0.0,0.0,0.0,0.0,0.0,0.0,308.6,84.84,50.10028045173198,42.26368226349694,878.5652680616291,123.17520499767319,0.992787613499784,0.004426630220458989,0.0,0.002785756279757123,0.0,0.0,0.0,0.0,0.0,0.0,0.0,0.0,0.0,0.0,0.9204657942708601,0.06255076335960132,0.0,0.016983442369538748,0.0,0.0,0.0,0.0,0.0,0.0,0.0,0.0,0.0,0.0,3.180068157037845,1.458566710867379,1.0,1.0567371025590575,0.0,1.3617680226689566,0.0,0.0,0.0,0.0,0.0,0.0,0.0,0.0,0.0,0.0
280.0,48.353258632124195,0.99,0.006667,0.0,0.003333,0.0,0.0,0.0,0.0,0.0,0.0,0.0,0.0,0.0,0.0,308.6,84.84,50.10028045173198,42.26368226349694,877.8700408454941,123.88970369340461,0.9918460156948905,0.005159934431220589,0.0,0.0029940498738888228,0.0,0.0,0.0,0.0,0.0,0.0,0.0,0.0,0.0,0.0,0.9102723504052491,0.07175571832266867,0.0,0.017971931272082305,0.0,0.0,0.0,0.0,0.0,0.0,0.0,0.0,0.0,0.0,3.1569289931341404,1.4634269289704236,1.0,1.055574490259141,0.0,1.3579771988102247,0.0,0.0,0.0,0.0,0.0,0.0,0.0,0.0,0.0,0.0
280.0,49.22176954192809,0.99,0.006667,0.0,0.003333,0.0,0.0,0.0,0.0,0.0,0.0,0.0,0.0,0.0,0.0,308.6,84.84,50.10028045173198,42.26368226349694,877.1806785123271,124.58084049069925,0.9909213349582355,0.005904359787150269,0.0,0.0031743052546142226,0.0,0.0,0.0,0.0,0.0,0.0,0.0,0.0,0.0,0.0,0.9004066224921091,0.08082842400957127,0.0,0.01876495349831958,0.0,0.0,0.0,0.0,0.0,0.0,0.0,0.0,0.0,0.0,3.1343422303582162,1.4682101983759204,1.0,1.0544596338423162,0.0,1.354220552506583,0.0,0.0,0.0,0.0,0.0,0.0,0.0,0.0,0.0,0.0
280.0,50.090280451731985,0.99,0.006667,0.0,0.003333,0.0,0.0,0.0,0.0,0.0,0.0,0.0,0.0,0.0,0.0,308.6,84.84,50.10028045173198,42.26368226349694,876.4961136731685,125.25291692833163,0.9900106381893743,0.006658085589092877,0.0,0.0033312762215328144,0.0,0.0,0.0,0.0,0.0,0.0,0.0,0.0,0.0,0.0,0.8908508652088145,0.08975032344119681,0.0,0.01939881134998869,0.0,0.0,0.0,0.0,0.0,0.0,0.0,0.0,0.0,0.0,3.11222642908508,1.4729813785447192,1.0,1.0534060238052707,0.0,1.3504954211981035,0.0,0.0,0.0,0.0,0.0,0.0,0.0,0.0,0.0,0.0
290.0,54.21664544622557,0.99,0.006667,0.0,0.003333,0.0,0.0,0.0,0.0,0.0,0.0,0.0,0.0,0.0,0.0,308.6,84.84,60.377029104802084,54.20664544622557,806.2887573340885,164.1176233408045,0.9984816198806559,0.0007772937230834899,0.0,0.0007410863962607173,0.0,0.0,0.0,0.0,0.0,0.0,0.0,0.0,0.0,0.0,0.9898987197328316,0.0067373298466169235,0.0,0.0033639504205514874,0.0,0.0,0.0,0.0,0.0,0.0,0.0,0.0,0.0,0.0,1.8321531122157528,1.8149023035341423,1.0,1.0259272697517692,0.0,1.2298385183376634,0.0,0.0,0.0,0.0,0.0,0.0,0.0,0.0,0.0,0.0
290.0,54.900021408289625,0.99,0.006667,0.0,0.003333,0.0,0.0,0.0,0.0,0.0,0.0,0.0,0.0,0.0,0.0,308.6,84.84,60.377029104802084,54.20664544622557,805.4467361286243,165.13798805158052,0.9974580140115589,0.0013552377222028878,0.0,0.0011867482662381319,0.0,0.0,0.0,0.0,0.0,0.0,0.0,0.0,0.0,0.0,0.9830718645224401,0.011601371084330854,0.0,0.005326764393229125,0.0,0.0,0.0,0.0,0.0,0.0,0.0,0.0,0.0,0.0,1.8133847768310083,1.8227607150431944,1.0,1.025031542752039,0.0,1.2273749739893725,0.0,0.0,0.0,0.0,0.0,0.0,0.0,0.0,0.0,0.0
290.0,55.58339737035369,0.99,0.006667,0.0,0.003333,0.0,0.0,0.0,0.0,0.0,0.0,0.0,0.0,0.0,0.0,308.6,84.84,60.377029104802084,54.20664544622557,804.6183496465001,166.11200952585548,0.9964620840169299,0.0019578602394376187,0.0,0.0015800557436323132,0.0,0.0,0.0,0.0,0.0,0.0,0.0,0.0,0.0,0.0,0.9764283981394855,0.01655708650590609,0.0,0.0070145153546084665,0.0,0.0,0.0,0.0,0.0,0.0,0.0,0.0,0.0,0.0,1.7953166393575881,1.8303741504424387,1.0,1.0241888004371933,0.0,1.2249579673295448,0.0,0.0,0.0,0.0,0.0,0.0,0.0,0.0,0.0,0.0
290.0,56.26677333241774,0.99,0.006667,0.0,0.003333,0.0,0.0,0.0,0.0,0.0,0.0,0.0,0.0,0.0,0.0,308.6,84.84,60.377029104802084,54.20664544622557,803.8018850284473,167.04549034653422,0.9954903819905864,0.0025822694976637994,0.0,0.0019273485117499165,0.0,0.0,0.0,0.0,0.0,0.0,0.0,0.0,0.0,0.0,0.969957296714781,0.021578356185922742,0.0,0.008464347099296157,0.0,0.0,0.0,0.0,0.0,0.0,0.0,0.0,0.0,0.0,1.7778637687412542,1.837904366987776,1.0,1.023396256452485,0.0,1.2225787331704872,0.0,0.0,0.0,0.0,0.0,0.0,0.0,0.0,0.0,0.0
290.0,56.9501492944818,0.99,0.006667,0.0,0.003333,0.0,0.0,0.0,0.0,0.0,0.0,0.0,0.0,0.0,0.0,308.6,84.84,60.377029104802084,54.20664544622557,802.9957311262544,167.94381250315985,0.9945397192816599,0.003225801152877403,0.0,0.0022344795654626495,0.0,0.0,0.0,0.0,0.0,0.0,0.0,0.0,0.0,0.0,0.9636485767145291,0.026641910738719653,0.0,0.009709512546751226,0.0,0.0,0.0,0.0,0.0,0.0,0.0,0.0,0.0,0.0,1.760953125925794,1.8452424719317095,1.0,1.0226585475969552,0.0,1.2202292679449411,0.0,0.0,0.0,0.0,0.0,0.0,0.0,0.0,0.0,0.0
290.0,57.63352525654586,0.99,0.006667,0.0,0.003333,0.0,0.0,0.0,0.0,0.0,0.0,0.0,0.0,0.0,0.0,308.6,84.84,60.377029104802084,54.20664544622557,802.1984188447632,168.81184419645237,0.9936072266100204,0.00388606553750395,0.0,0.0025067078524756144,0.0,0.0,0.0,0.0,0.0,0.0,0.0,0.0,0.0,0.0,0.9574932989077155,0.031727528517524944,0.0,0.010779172574759558,0.0,0.0,0.0,0.0,0.0,0.0,0.0,0.0,0.0,0.0,1.7445188269950853,1.8524580147402305,1.0,1.0219489726905804,0.0,1.2179068972976732,0.0,0.0,0.0,0.0,0.0,0.0,0.0,0.0,0.0,0.0
290.0,58.316901218609914,0.99,0.006667,0.0,0.003333,0.0,0.0,0.0,0.0,0.0,0.0,0.0,0.0,0.0,0.0,308.6,84.84,60.377029104802084,54.20664544622557,801.4086371309756,169.6538858428751,0.9926903711422728,0.004560959645771248,0.0,0.0027486692119559745,0.0,0.0,0.0,0.0,0.0,0.0,0.0,0.0,0.0,0.0,0.9514834582088356,0.036818004091206544,0.0,0.011698537699957927,0.0,0.0,0.0,0.0,0.0,0.0,0.0,0.0,0.0,0.0,1.728502764712989,1.8596253698474052,1.0,1.0212873016341992,0.0,1.2156093640114458,0.0,0.0,0.0,0.0,0.0,0.0,0.0,0.0,0.0,0.0
290.0,59.00027718067397,0.99,0.006667,0.0,0.003333,0.0,0.0,0.0,0.0,0.0,0.0,0.0,0.0,0.0,0.0,308.6,84.84,60.377029104802084,54.20664544622557,800.6252333657809,170.47370153570037,0.9917869466494285,0.005248657079268929,0.0,0.0029643962713026373,0.0,0.0,0.0,0.0,0.0,0.0,0.0,0.0,0.0,0.0,0.9456119217191569,0.04189889492793637,0.0,0.012489183352906795,0.0,0.0,0.0,0.0,0.0,0.0,0.0,0.0,0.0,0.0,1.7128546542507772,1.866663726398665,1.0,1.020651939442057,0.0,1.213334622305559,0.0,0.0,0.0,0.0,0.0,0.0,0.0,0.0,0.0,0.0
290.0,59.68365314273803,0.99,0.006667,0.0,0.003333,0.0,0.0,0.0,0.0,0.0,0.0,0.0,0.0,0.0,0.0,308.6,84.84,60.377029104802084,54.20664544622557,799.8472040425834,171.27454762995606,0.9908950480470088,0.005947585513480133,0.0,0.0031573664395111237,0.0,0.0,0.0,0.0,0.0,0.0,0.0,0.0,0.0,0.0,0.9398723036328983,0.04695823471402873,0.0,0.013169461653073044,0.0,0.0,0.0,0.0,0.0,0.0,0.0,0.0,0.0,0.0,1.6975322943424571,1.8736695509636931,1.0,1.0200385311653428,0.0,1.2110807716919638,0.0,0.0,0.0,0.0,0.0,0.0,0.0,0.0,0.0,0.0
290.0,60.367029104802086,0.99,0.006667,0.0,0.003333,0.0,0.0,0.0,0.0,0.0,0.0,0.0,0.0,0.0,0.0,308.6,84.84,60.377029104802084,54.20664544622557,799.0736807768616,172.05922573747193,0.9900130391123708,0.006656398812244668,0.0,0.0033305620753844847,0.0,0.0,0.0,0.0,0.0,0.0,0.0,0.0,0.0,0.0,0.9342588661690576,0.0519862064482904,0.0,0.013754927382651978,0.0,0.0,0.0,0.0,0.0,0.0,0.0,0.0,0.0,0.0,1.6824976237029856,1.8806256697146169,1.0,1.0194623606262032,0.0,1.2088463471657276,0.0,0.0,0.0,0.0,0.0,0.0,0.0,0.0,0.0,0.0
