T,P,z_carbon dioxide,z_hydrogen,z_argon,z_nitrogen,z_carbon monoxide,rho_l,rho_v,x_carbon dioxide,x_hydrogen,x_argon,x_nitrogen,x_carbon monoxide,y_carbon dioxide,y_hydrogen,y_argon,y_nitrogen,y_carbon monoxide,rhoL1_carbon dioxide,rhoL2_hydrogen,rhoL3_argon,rhoL4_nitrogen,rhoL5_carbon monoxide,rhoV1_carbon dioxide,rhoV2_hydrogen,rhoV3_argon,rhoV4_nitrogen,rhoV5_carbon monoxide,gamma0_carbon dioxide,rhoL0_carbon dioxide,rhoV0_carbon dioxide,Tc_carbon dioxide,Pc_carbon dioxide,Psat0_carbon dioxide,parachor_carbon dioxide,parachor_hydrogen,parachor_argon,parachor_nitrogen,parachor_carbon monoxide,n_exp,gamma_parachor,gamma_cDFT_minus_parachor
200.0,2.5488982965,0.95000095000095,0.0023540023540023543,0.004507004507004507,0.03680603680603681,0.006332006332006332,0.027774371276812912,0.00015946595149490486,0.9997458249352232,2.999958576726372e-06,5.1102219520582396e-05,0.00016581791076201543,3.425497591739831e-05,0.940979297039261,0.002780376483028786,0.0053151199987409095,0.04345104977974001,0.007474156699229296,0.027767311724194495,8.332196332505749e-08,1.4193320180338519e-06,4.605488217849648e-06,9.514104192081055e-07,0.00015005415893937246,4.4337538138024253e-07,8.475806679088166e-07,6.928962996578717e-06,1.1918735096646171e-06,19.912634119959,0.02777524771620771,0.00014972642075782548,309.1473760575555,82.3795680252517,2.3922586739869414,78.4118485137822,34.052431631256816,56.55314330349872,61.77794369140718,63.65845399182276,3.87,19.884659986578857,-0.01326212066940613
200.0,6.5364025933,0.95000095000095,0.0023540023540023543,0.004507004507004507,0.03680603680603681,0.006332006332006332,0.027752033336612844,0.0004105126810646396,0.993417965560416,8.853482718315559e-05,0.001163008287772494,0.00443566829263386,0.0008948230319945657,0.38711752001148536,0.03172484039051309,0.047860515509506756,0.45647431257435295,0.07682281151414187,0.027569368497422773,2.457021475438191e-06,3.227584477301928e-05,0.00012309881432733146,2.483315861428217e-05,0.00015891665102700912,1.3023449285057297e-05,1.9647348538943383e-05,0.00018738849389203597,3.153673832159385e-05,19.912634119959,0.02777524771620771,0.00014972642075782548,309.1473760575555,82.3795680252517,2.3922586739869414,78.4118485137822,34.052431631256816,56.55314330349872,61.77794369140718,63.65845399182276,3.87,19.17906630671536,-0.3188808647494774
200.0,10.5239068902,0.95000095000095,0.0023540023540023543,0.004507004507004507,0.03680603680603681,0.006332006332006332,0.027729806429334068,0.0006671325774067111,0.9873154782292014,0.0001949020366687388,0.0019959632067472755,0.008766230746498545,0.0017274257808841682,0.2527508514880312,0.04269841994254783,0.05142770475717659,0.5607509576075298,0.0923720662047145,0.02737806709598115,5.404595749507097e-06,5.534767336317484e-05,0.00024308588171528133,4.790118252495923e-05,0.00016861832699495113,2.8485506947466047e-05,3.4309097224766594e-05,0.00037409523163199274,6.162441460753453e-05,19.912634119959,0.02777524771620771,0.00014972642075782548,309.1473760575555,82.3795680252517,2.3922586739869414,78.4118485137822,34.052431631256816,56.55314330349872,61.77794369140718,63.65845399182276,3.87,18.48686189892484,-0.5680467802487605
200.0,14.511411187,0.95000095000095,0.0023540023540023543,0.004507004507004507,0.03680603680603681,0.006332006332006332,0.027707983451401155,0.0009291770213929554,0.9814030992106662,0.0003277296295488671,0.002636071309020869,0.013108326842253958,0.0025247730085101454,0.19269413215674064,0.05122040760519429,0.049627179470241874,0.6083095094828237,0.09814877128499955,0.027192700832082944,9.08072715207384e-06,7.304022020706362e-05,0.0003632053032207302,6.995636873834341e-05,0.00017904695975730077,4.759282577312752e-05,4.6112434800292973e-05,0.0005652272181062599,9.119758295597432e-05,19.912634119959,0.02777524771620771,0.00014972642075782548,309.1473760575555,82.3795680252517,2.3922586739869414,78.4118485137822,34.052431631256816,56.55314330349872,61.77794369140718,63.65845399182276,3.87,17.809088129911768,-0.7663162656259104
200.0,18.4989154838,0.95000095000095,0.0023540023540023543,0.004507004507004507,0.03680603680603681,0.006332006332006332,0.027686880378139968,0.0011965028737322013,0.9756706676524697,0.0004945662853945682,0.003137949916592986,0.01741531881828406,0.003281497327258779,0.1589487760224436,0.0596554095768886,0.046696545690998625,0.6343610947716972,0.10033817393797177,0.027013277063753883,1.3692997582780443e-05,8.68800439733043e-05,0.0004821758488690007,9.085442396099983e-05,0.00019018266728706976,7.137786899241869e-05,5.5872551112646895e-05,0.0007590148728782411,0.0001200549134618247,19.912634119959,0.02777524771620771,0.00014972642075782548,309.1473760575555,82.3795680252517,2.3922586739869414,78.4118485137822,34.052431631256816,56.55314330349872,61.77794369140718,63.65845399182276,3.87,17.147296868410105,-0.9188303590207241
200.0,22.4864197806,0.95000095000095,0.0023540023540023543,0.004507004507004507,0.03680603680603681,0.006332006332006332,0.027666859966867092,0.0014688446441566767,0.9701254622918425,0.0007054690326630639,0.0035373704390022215,0.021638695833648424,0.003993002402843764,0.13753005867494378,0.06890892391477489,0.043653267735773625,0.6491450023798113,0.1007627472946963,0.026840325315520608,1.9518112937650177e-05,9.786793258680963e-05,0.0005986747674951813,0.00011047383832684224,0.00020201029009524467,0.00010121650382681703,6.411986851362854e-05,0.000953493160026659,0.00014800482169432733,19.912634119959,0.02777524771620771,0.00014972642075782548,309.1473760575555,82.3795680252517,2.3922586739869414,78.4118485137822,34.052431631256816,56.55314330349872,61.77794369140718,63.65845399182276,3.87,16.503724901123086,-1.030287435426116
200.0,26.4739240774,0.95000095000095,0.0023540023540023543,0.004507004507004507,0.03680603680603681,0.006332006332006332,0.027648357239230127,0.001745749877425468,0.96478929598661,0.000973538415316405,0.0038583462020141475,0.025724174746505474,0.004654644649553972,0.12286689405328564,0.07956539149799507,0.04078742256397143,0.6566309666285454,0.10014932525620239,0.026674839116023127,2.6916737892781953e-05,0.00010667693414591392,0.0007112311730757654,0.00012869327809253932,0.00021449486523317137,0.00013890127245493427,7.120463794155389e-05,0.0011463134295055495,0.00017483567229025865,19.912634119959,0.02777524771620771,0.00014972642075782548,309.1473760575555,82.3795680252517,2.3922586739869414,78.4118485137822,34.052431631256816,56.55314330349872,61.77794369140718,63.65845399182276,3.87,15.881363843332181,-1.1049167047806918
200.0,30.4614283742,0.95000095000095,0.0023540023540023543,0.004507004507004507,0.03680603680603681,0.006332006332006332,0.02763189201637181,0.0020265190064587876,0.9596965364671233,0.001315124542839481,0.004117349979505172,0.029609654788607873,0.005261334221924249,0.11229491232238711,0.09211383460940167,0.038173451754296685,0.6585789111416149,0.0988388901722997,0.02651823106414558,3.633937935582088e-05,0.00011377017002729758,0.0008181707837608592,0.00014538061908225244,0.0002275677741499406,0.00018667043659375377,7.735922552221978e-05,0.0013346226806814157,0.00020029888951145802,19.912634119959,0.02777524771620771,0.00014972642075782548,309.1473760575555,82.3795680252517,2.3922586739869414,78.4118485137822,34.052431631256816,56.55314330349872,61.77794369140718,63.65845399182276,3.87,15.283956089859972,-1.1465760638430975
200.0,34.448932671,0.95000095000095,0.0023540023540023543,0.004507004507004507,0.03680603680603681,0.006332006332006332,0.027618052261314432,0.0023101682911780435,0.9548906429939013,0.0017491003295983917,0.004325973495214939,0.03322661100701491,0.005807672174270586,0.1043727873692712,0.10696633449966045,0.03581468008083889,0.6558353431585511,0.09701085489167825,0.026372219682045707,4.830674431313068e-05,0.00011947496207190724,0.0009176542792581032,0.00016039659362558666,0.00024111870384235855,0.0002471102341846596,8.27379382814399e-05,0.0015150900139987557,0.0002241114008708295,19.912634119959,0.02777524771620771,0.00014972642075782548,309.1473760575555,82.3795680252517,2.3922586739869414,78.4118485137822,34.052431631256816,56.55314330349872,61.77794369140718,63.65845399182276,3.87,14.715782743585113,-1.1589179193519783
200.0,38.4364369678,0.95000095000095,0.0023540023540023543,0.004507004507004507,0.03680603680603681,0.006332006332006332,0.027607426657132058,0.0025954594447747683,0.9504168306337806,0.0022944213446783514,0.004492754530048813,0.03650717141438821,0.006288822077104054,0.09824808332882536,0.12438011149386273,0.0336919623142824,0.6489034368537231,0.0947764060093065,0.026238562945425998,6.334306899376591e-05,0.0001240333911768204,0.0010078690572820706,0.00017361819425340308,0.0002549989158068182,0.0003228235351188847,8.744612180159981e-05,0.001684202553928803,0.00024598831811866264,19.912634119959,0.02777524771620771,0.00014972642075782548,309.1473760575555,82.3795680252517,2.3922586739869414,78.4118485137822,34.052431631256816,56.55314330349872,61.77794369140718,63.65845399182276,3.87,14.181071392185434,-1.1456030513563409
211.0777777778,4.39546858,0.95000095000095,0.0023540023540023543,0.004507004507004507,0.03680603680603681,0.006332006332006332,0.02697779814157831,0.00026586486524055015,0.9994962906350988,6.630121260067086e-06,9.433799344934579e-05,0.00033489182005307333,6.784943013863952e-05,0.9340122845151299,0.0031122828086705356,0.005932444717775298,0.048587447532674265,0.008355540425749935,0.026964209172009982,1.7886607300827666e-07,2.5450313443579874e-06,9.034643920657579e-06,1.8304282303013364e-06,0.00024832105015563336,8.274466495176729e-07,1.5772286154383432e-06,1.2917695190656743e-05,2.2214446293039756e-06,17.324916275101526,0.02697981287155117,0.0002473766437044414,309.1473760575555,82.3795680252517,4.087196256561205,78.1684541926866,34.052431631256816,56.55314330349872,61.77794369140718,63.65845399182276,3.87,17.276015234347327,-0.01610134555649978
211.0777777778,8.204613944,0.95000095000095,0.0023540023540023543,0.004507004507004507,0.03680603680603681,0.006332006332006332,0.026952902048194307,0.0004968893427301944,0.9933812435837353,9.79819426634687e-05,0.0011080025037412632,0.004516436595718328,0.0008963353741416941,0.5243420493686298,0.024490670614718366,0.037858910095080814,0.353640124181497,0.05966824574007393,0.026774507354825866,2.6408977031002627e-06,2.986388295249231e-05,0.00012173107317127625,2.415883954157268e-05,0.0002605399762765816,1.2169153224769095e-05,1.8811688953626228e-05,0.00017572000886756836,2.9648515407649056e-05,17.324916275101526,0.02697981287155117,0.0002473766437044414,309.1473760575555,82.3795680252517,4.087196256561205,78.1684541926866,34.052431631256816,56.55314330349872,61.77794369140718,63.65845399182276,3.87,16.67756011274089,-0.19618475234989674
211.0777777778,12.013759308,0.95000095000095,0.0023540023540023543,0.004507004507004507,0.03680603680603681,0.006332006332006332,0.02692811262905896,0.0007323307561289806,0.9874352167551365,0.00020988678443434956,0.0018988993305780232,0.008753883865589574,0.001702113264261611,0.37378109235063034,0.03535804050960855,0.044653162661136406,0.46860847280064016,0.07759923167798455,0.02658976673068156,5.6518549705991834e-06,5.113377504504967e-05,0.00023572557067429807,4.5834697687451854e-05,0.00027373138998785347,2.5893780541640756e-05,3.270088437518039e-05,0.00034317639721453963,5.682830400976637e-05,17.324916275101526,0.02697981287155117,0.0002473766437044414,309.1473760575555,82.3795680252517,4.087196256561205,78.1684541926866,34.052431631256816,56.55314330349872,61.77794369140718,63.65845399182276,3.87,16.09046625946794,-0.34430452296270175
211.0777777778,15.8229046719,0.95000095000095,0.0023540023540023543,0.004507004507004507,0.03680603680603681,0.006332006332006332,0.026903651519672805,0.0009720016687607361,0.9816353141955281,0.0003477010910115152,0.0025277335770262266,0.013009750012923907,0.002479501123510331,0.2960797384289726,0.043826716792126644,0.04542096872008727,0.5287045492892969,0.0859680267695166,0.026409574412521012,9.354428985583842e-06,6.800526329088962e-05,0.0003500097807057636,6.670763416955915e-05,0.00028778999983920366,4.259964185825127e-05,4.414925739265402e-05,0.0005139017041905894,8.356106548003778e-05,17.324916275101526,0.02697981287155117,0.0002473766437044414,309.1473760575555,82.3795680252517,4.087196256561205,78.1684541926866,34.052431631256816,56.55314330349872,61.77794369140718,63.65845399182276,3.87,15.515658022302128,-0.46329333801157446
211.0777777778,19.6320500359,0.95000095000095,0.0023540023540023543,0.004507004507004507,0.03680603680603681,0.006332006332006332,0.026879782280303396,0.0012157539079131726,0.975976032907741,0.0005184959381975165,0.0030352494415664365,0.01724639128320997,0.00322383042928504,0.24895597903940062,0.05189272939426218,0.04422839792141383,0.56470391404374,0.09021897960118332,0.0262340232753543,1.393705793197089e-05,8.158684415571828e-05,0.0004635792428136063,8.66558600477989e-05,0.00030266920441550117,6.308878855335501e-05,5.3770847613697704e-05,0.0006865409903125412,0.00010968407701807741,17.324916275101526,0.02697981287155117,0.0002473766437044414,309.1473760575555,82.3795680252517,4.087196256561205,78.1684541926866,34.052431631256816,56.55314330349872,61.77794369140718,63.65845399182276,3.87,14.954338708867082,-0.5555825187705246
211.0777777778,23.4411953998,0.95000095000095,0.0023540023540023543,0.004507004507004507,0.03680603680603681,0.006332006332006332,0.0268568213160304,0.0014633663666547491,0.9704645249901135,0.0007316274335960067,0.0034494990343971166,0.021423532208064706,0.003930816333828728,0.21753484803569767,0.060424727264264164,0.04235898842173315,0.5874020684039253,0.09227936787437982,0.026063592341205796,1.964918725399385e-05,9.264257919662276e-05,0.000575367976470216,0.00010556923190377184,0.0003183331801907919,8.84235135928104e-05,6.198671898188222e-05,0.0008595844306057365,0.00013503852328352817,17.324916275101526,0.02697981287155117,0.0002473766437044414,309.1473760575555,82.3795680252517,4.087196256561205,78.1684541926866,34.052431631256816,56.55314330349872,61.77794369140718,63.65845399182276,3.87,14.408140097846168,-0.6234298772862576
211.0777777778,27.2503407638,0.95000095000095,0.0023540023540023543,0.004507004507004507,0.03680603680603681,0.006332006332006332,0.02683515834035804,0.001714492743555995,0.9651192423935966,0.0009993082164068822,0.003790125544735672,0.02549533369638805,0.004595990148872777,0.19523568694660534,0.0699857196515026,0.040296452447443606,0.6014813047639386,0.09300083619050976,0.025899127686958557,2.6816594218099465e-05,0.00010170861912281753,0.0006841713166828392,0.00012333412337572672,0.00033473016855312473,0.00011999000849504541,6.908797531219128e-05,0.0010312353324023647,0.00015944925879326875,17.324916275101526,0.02697981287155117,0.0002473766437044414,309.1473760575555,82.3795680252517,4.087196256561205,78.1684541926866,34.052431631256816,56.55314330349872,61.77794369140718,63.65845399182276,3.87,13.87920478223376,-0.6689315985968669
211.0777777778,31.0594861278,0.95000095000095,0.0023540023540023543,0.004507004507004507,0.03680603680603681,0.006332006332006332,0.026815272214365103,0.0019686155777917666,0.9599693386235961,0.0013370157628584281,0.0040710655466965175,0.02940824096080385,0.005214339106044998,0.17869213513841473,0.08104382395308063,0.03823798907793928,0.6092140118541555,0.09281203997640983,0.025741839132635762,3.585244163594577e-05,0.00010916673083719021,0.0007885899867095972,0.0001398239225466058,0.0003517761208623547,0.00015954413431784804,7.52759009622627e-05,0.0011993081939451085,0.00018271122770419258,17.324916275101526,0.02697981287155117,0.0002473766437044414,309.1473760575555,82.3795680252517,4.087196256561205,78.1684541926866,34.052431631256816,56.55314330349872,61.77794369140718,63.65845399182276,3.87,13.370226663182374,-0.6940513244027446
211.0777777778,34.8686314917,0.95000095000095,0.0023540023540023543,0.004507004507004507,0.03680603680603681,0.006332006332006332,0.02679772913834419,0.002225011032653773,0.9550532593406248,0.0017633029676988989,0.004302351462570249,0.033100813088542534,0.005780273140563547,0.16599644647454934,0.09401722959455802,0.036264543032382225,0.611773222262527,0.09194855863598357,0.02559325855650285,4.725251531723357e-05,0.0001152932491519165,0.000887026623405721,0.00015489819396646804,0.0003693439247871938,0.00020918937310743444,8.068900834119797e-05,0.0013612021690162714,0.00020458655740167582,17.324916275101526,0.02697981287155117,0.0002473766437044414,309.1473760575555,82.3795680252517,4.087196256561205,78.1684541926866,34.052431631256816,56.55314330349872,61.77794369140718,63.65845399182276,3.87,12.884381629566938,-0.7006772207680196
211.0777777778,38.6777768557,0.95000095000095,0.0023540023540023543,0.004507004507004507,0.03680603680603681,0.006332006332006332,0.02678314342082438,0.0024827490071659217,0.9504146767689549,0.002298310715938122,0.004491425070659645,0.036507464825359735,0.006288122619087594,0.15598120130831297,0.1092367662449732,0.034406883093476705,0.6098220159438957,0.09055313340934142,0.025455092597159366,6.155598553058829e-05,0.00012029448183136356,0.0009777846663483112,0.00016841568995475286,0.0003872621726847618,0.0002712074729407231,8.542365484000323e-05,0.001514035004632628,0.00022482070206780567,17.324916275101526,0.02697981287155117,0.0002473766437044414,309.1473760575555,82.3795680252517,4.087196256561205,78.1684541926866,34.052431631256816,56.55314330349872,61.77794369140718,63.65845399182276,3.87,12.4250323361568,-0.6907200146956392
222.1555555556,7.1066836177,0.95000095000095,0.0023540023540023543,0.004507004507004507,0.03680603680603681,0.006332006332006332,0.026133453311692787,0.00041937446520828316,0.9991282062967992,1.2738173096838616e-05,0.0001527215228146665,0.0005890804466615669,0.0001172535606276623,0.931978883737695,0.003212882360530001,0.00610434949198513,0.05009202988961998,0.008611854520169783,0.026110670331652763,3.3289245190249307e-07,3.991140786167712e-06,1.539470634966119e-05,3.0642404522927524e-06,0.00039084814595290857,1.3474008217243956e-06,2.560008303645719e-06,2.1007318246156713e-05,3.6115918838477387e-06,14.80844964881461,0.02613751915071385,0.00038856268819866414,309.1473760575555,82.3795680252517,6.578834446362182,77.9287349579254,34.052431631256816,56.55314330349872,61.77794369140718,63.65845399182276,3.87,14.73417173769721,-0.016257670479681963
222.1555555556,10.744733364,0.95000095000095,0.0023540023540023543,0.004507004507004507,0.03680603680603681,0.006332006332006332,0.02610543407671749,0.0006339565228180576,0.9932041607461729,0.00011044682592241558,0.0010796141272860782,0.004689098092545862,0.0009166802080728708,0.642298291842446,0.018333092514396025,0.02891762381503499,0.265549855693333,0.04490113613478997,0.02592802574308074,2.883262333100312e-06,2.81837954281596e-05,0.00012241094113421772,2.3930334741278e-05,0.00040718919170841506,1.1622383582928265e-05,1.8332516241940235e-05,0.00016834706315018236,2.8465368134591688e-05,14.80844964881461,0.02613751915071385,0.00038856268819866414,309.1473760575555,82.3795680252517,6.578834446362182,77.9287349579254,34.052431631256816,56.55314330349872,61.77794369140718,63.65845399182276,3.87,14.227496269043312,-0.11680105837860033
222.1555555556,14.3827831103,0.95000095000095,0.0023540023540023543,0.004507004507004507,0.03680603680603681,0.006332006332006332,0.026077501785322577,0.0008521656569132112,0.9874064679203055,0.00022848135382536018,0.001828030460285152,0.00883957320563854,0.0016974470599453984,0.49824923025854695,0.028024219492786807,0.036861352209392476,0.37456096520540544,0.06230423283386832,0.025749093930030827,5.958222912293749e-06,4.7670467591710105e-05,0.00023051398605152866,4.426517873621669e-05,0.00042459088260977647,2.388127741355069e-05,3.141197842022619e-05,0.0003191879909683108,5.309352750134706e-05,14.80844964881461,0.02613751915071385,0.00038856268819866414,309.1473760575555,82.3795680252517,6.578834446362182,77.9287349579254,34.052431631256816,56.55314330349872,61.77794369140718,63.65845399182276,3.87,13.730470015216245,-0.19896855839254712
222.1555555556,18.0208328565,0.95000095000095,0.0023540023540023543,0.004507004507004507,0.03680603680603681,0.006332006332006332,0.026049827283973825,0.0010738209923619138,0.9817204137841534,0.0003718971430063863,0.0024408637717503586,0.013011701018575229,0.002455124282514551,0.4125380875780478,0.03593930970996592,0.039516231690923304,0.43998346468401944,0.0720229063370436,0.025573647220228514,9.687856342719677e-06,6.358407967780576e-05,0.000338952564204591,6.395556352019422e-05,0.0004429920585901454,3.8592385217557775e-05,4.2433359128750574e-05,0.0004724634806698268,7.733970875563332e-05,14.80844964881461,0.02613751915071385,0.00038856268819866414,309.1473760575555,82.3795680252517,6.578834446362182,77.9287349579254,34.052431631256816,56.55314330349872,61.77794369140718,63.65845399182276,3.87,13.243820178684476,-0.2643662942378331
222.1555555556,21.6588826028,0.95000095000095,0.0023540023540023543,0.004507004507004507,0.03680603680603681,0.006332006332006332,0.026022629859911474,0.0012987771997570114,0.9761432730566916,0.0005472690581576064,0.0029483328731491373,0.017175344947974444,0.0031857800640273095,0.3559802654068887,0.04340762054195724,0.039924024984714666,0.48286574587310144,0.07782234319333799,0.02540181508499678,1.4241380134217757e-05,7.672337506176933e-05,0.00044694764429743946,8.290237542126775e-05,0.0004623390522739166,5.6376827855598144e-05,5.1852413372676676e-05,0.0006271350212836474,0.00010107388497117262,14.80844964881461,0.02613751915071385,0.00038856268819866414,309.1473760575555,82.3795680252517,6.578834446362182,77.9287349579254,34.052431631256816,56.55314330349872,61.77794369140718,63.65845399182276,3.87,12.768460920014537,-0.3142898197000221
222.1555555556,25.2969323491,0.95000095000095,0.0023540023540023543,0.004507004507004507,0.03680603680603681,0.006332006332006332,0.02599618301233903,0.001526845385251546,0.9706815535547775,0.0007631977332009745,0.0033721493038660504,0.021297487421905004,0.003885611986250495,0.3160646322222548,0.05111799616062977,0.03929447706877305,0.5121999325923138,0.08132296195602871,0.025234015312911567,1.984022794689483e-05,8.766301044823351e-05,0.0005536533807228311,0.00010101108030950605,0.0004825818251497768,7.804927654116381e-05,5.999659097832883e-05,0.0007820501034047272,0.00012416758917754947,14.80844964881461,0.02613751915071385,0.00038856268819866414,309.1473760575555,82.3795680252517,6.578834446362182,77.9287349579254,34.052431631256816,56.55314330349872,61.77794369140718,63.65845399182276,3.87,12.305576309939841,-0.349914084721064
222.1555555556,28.9349820954,0.95000095000095,0.0023540023540023543,0.004507004507004507,0.03680603680603681,0.006332006332006332,0.025970830330980476,0.001757750919317662,0.9653503812245099,0.0010308506521550117,0.0037280942747477874,0.025340110911551448,0.004550562937035836,0.28653395410789356,0.05954618569614459,0.03817478179066821,0.5324115936210789,0.08333348478421469,0.025070950960729067,2.6772047383698382e-05,9.68217038673745e-05,0.0006581037210521296,0.00011818189794820589,0.0005036553212488746,0.00010466736264925835,6.710175778729818e-05,0.0009358469681428329,0.00014647950948939778,14.80844964881461,0.02613751915071385,0.00038856268819866414,309.1473760575555,82.3795680252517,6.578834446362182,77.9287349579254,34.052431631256816,56.55314330349872,61.77794369140718,63.65845399182276,3.87,11.85668612453219,-0.3723354896400508
222.1555555556,32.5730318417,0.95000095000095,0.0023540023540023543,0.004507004507004507,0.03680603680603681,0.006332006332006332,0.02594700136039606,0.001991097345338019,0.9601735117911926,0.0013644411844985604,0.004027720929298614,0.02925830004865004,0.0051760260463601234,0.26390669674029826,0.06909552190885654,0.03683255977289924,0.5458674631356689,0.08429775844227698,0.024913623416662336,3.540315727036456e-05,0.00010450728043180683,0.0007591651511651988,0.00013430235486635157,0.0005254639232965335,0.00013757591024746917,7.333721198582358e-05,0.0010868752567558292,0.00016784504305236326,14.80844964881461,0.02613751915071385,0.00038856268819866414,309.1473760575555,82.3795680252517,6.578834446362182,77.9287349579254,34.052431631256816,56.55314330349872,61.77794369140718,63.65845399182276,3.87,11.423692171657185,-0.38259275566817763
222.1555555556,36.211081588,0.95000095000095,0.0023540023540023543,0.004507004507004507,0.03680603680603681,0.006332006332006332,0.02592521816943528,0.0022263356908463075,0.9551830109778114,0.0017813611165227138,0.0042795407832114645,0.03299935742149511,0.005756729700959237,0.2460856885627694,0.08013983084784178,0.035404978752466836,0.553893683235835,0.08447581860108706,0.024763327951337857,4.618217558440018e-05,0.00011094802846975316,0.000855515540603434,0.00014924447343983615,0.0005478693514537825,0.00017841816567493605,7.882336783027209e-05,0.0012331532759222584,0.00018807152996505851,14.80844964881461,0.02613751915071385,0.00038856268819866414,309.1473760575555,82.3795680252517,6.578834446362182,77.9287349579254,34.052431631256816,56.55314330349872,61.77794369140718,63.65845399182276,3.87,11.00887077033092,-0.38169619212139594
222.1555555556,39.8491313342,0.95000095000095,0.0023540023540023543,0.004507004507004507,0.03680603680603681,0.006332006332006332,0.025906077508430672,0.0024627521100404194,0.9504173648379242,0.0023014442530995285,0.004489926822463346,0.036504302514093506,0.00628696157241961,0.2317267255653945,0.09301150494951914,0.033964313732813035,0.5572677141710801,0.08402974158119338,0.024621585918849696,5.9621393202128725e-05,0.00011631639226991728,0.000945683290321307,0.0001628705137876276,0.0005706854823389325,0.00022906428007246317,8.36456853115601e-05,0.001372412238932229,0.00020694442338523516,14.80844964881461,0.02613751915071385,0.00038856268819866414,309.1473760575555,82.3795680252517,6.578834446362182,77.9287349579254,34.052431631256816,56.55314330349872,61.77794369140718,63.65845399182276,3.87,10.614744344175513,-0.3706595904352685
233.2333333333,10.9132107904,0.95000095000095,0.0023540023540023543,0.004507004507004507,0.03680603680603681,0.006332006332006332,0.02522587970903679,0.0006345867888187379,0.9986014272115354,2.263593226705998e-05,0.0002298571929341221,0.0009584125737125246,0.00018766708955075164,0.9323762650110038,0.003199459047795342,0.006058087508503653,0.04980597262961084,0.00856021580308656,0.02519059948011065,5.710113044707595e-07,5.798349899213025e-06,2.41768002961005e-05,4.734067426352296e-06,0.0005916736599841415,2.0303344430975028e-06,3.844382298404241e-06,3.160621223501869e-05,5.432199858076114e-06,12.372607922926212,0.02523354004865823,0.0005866857160875719,309.1473760575555,82.3795680252517,10.078945843410269,77.71918371236431,34.052431631256816,56.55314330349872,61.77794369140718,63.65845399182276,3.87,12.268757246465578,-0.013771543423846566
233.2333333333,14.3750137288,0.95000095000095,0.0023540023540023543,0.004507004507004507,0.03680603680603681,0.006332006332006332,0.02519407746793604,0.0008353523301267182,0.9928636064091699,0.00012722488958622215,0.0010772381458111506,0.0049732833534553034,0.0009586472019773994,0.7338612844461164,0.01358277296122126,0.021801979115656792,0.19732620194472794,0.03342776153227758,0.025014282614966986,3.20531372408489e-06,2.7140021296981906e-05,0.00012529728607694964,2.415223187103873e-05,0.0006130327339518497,1.1346401042738363e-05,1.821233405563795e-05,0.00016483690258958385,2.7923958486908356e-05,12.372607922926212,0.02523354004865823,0.0005866857160875719,309.1473760575555,82.3795680252517,10.078945843410269,77.71918371236431,34.052431631256816,56.55314330349872,61.77794369140718,63.65845399182276,3.87,11.842727179187452,-0.0638288097931543
233.2333333333,17.8368166672,0.95000095000095,0.0023540023540023543,0.004507004507004507,0.03680603680603681,0.006332006332006332,0.025162317607743807,0.0010391776522026236,0.9872181094817466,0.0002519003697158445,0.001782175013222397,0.009033468506025839,0.0017143466292893193,0.6115578312206328,0.02146996825471306,0.029285891581824108,0.28936251245123024,0.048323796491599895,0.024840695618896104,6.338397108298169e-06,4.484365371528697e-05,0.0002273030036481731,4.3136934375942885e-05,0.0006355172312339855,2.2311111203797574e-05,3.0433244056660554e-05,0.00030069905632452184,5.0217009383658154e-05,12.372607922926212,0.02523354004865823,0.0005866857160875719,309.1473760575555,82.3795680252517,10.078945843410269,77.71918371236431,34.052431631256816,56.55314330349872,61.77794369140718,63.65845399182276,3.87,11.424902432972026,-0.10344107011831305
233.2333333333,21.2986196056,0.95000095000095,0.0023540023540023543,0.004507004507004507,0.03680603680603681,0.006332006332006332,0.025130735444279566,0.0012459178461141287,0.9816559697539186,0.0004013626771831638,0.0023746992185192956,0.01311666738638379,0.002451300963995144,0.5290171757969903,0.028322383584617545,0.0328647795173134,0.3518537045890317,0.057941956512047116,0.02466973647318343,1.0086539257497873e-05,5.967793782034585e-05,0.0003296314979978209,6.160299602046944e-05,0.0006591119402263655,3.5287363152564846e-05,4.094681530922684e-05,0.0004383808097688433,7.219091765712825e-05,12.372607922926212,0.02523354004865823,0.0005866857160875719,309.1473760575555,82.3795680252517,10.078945843410269,77.71918371236431,34.052431631256816,56.55314330349872,61.77794369140718,63.65845399182276,3.87,11.015806075722926,-0.1335495367029491
233.2333333333,24.7604225441,0.95000095000095,0.0023540023540023543,0.004507004507004507,0.03680603680603681,0.006332006332006332,0.02509951237934753,0.001455442405876231,0.9761761376854248,0.0005816401627272212,0.00287692298095003,0.017199020193075527,0.003166278977822419,0.46980689365601247,0.03486868000216319,0.03441148769943325,0.3965044257419389,0.064408512900452,0.024501545052258978,1.4598884464697599e-05,7.220936397478468e-05,0.00043168702024874733,7.947205840032165e-05,0.0006837768755999454,5.074935551207682e-05,5.008393844704346e-05,0.0005770893553424209,9.374288097474412e-05,12.372607922926212,0.02523354004865823,0.0005866857160875719,309.1473760575555,82.3795680252517,10.078945843410269,77.71918371236431,34.052431631256816,56.55314330349872,61.77794369140718,63.65845399182276,3.87,10.616101281425498,-0.15490337128542642
233.2333333333,28.2222254825,0.95000095000095,0.0023540023540023543,0.004507004507004507,0.03680603680603681,0.006332006332006332,0.025068881139895548,0.001667590111264717,0.9707841509596543,0.0008005068118465936,0.003305349896610023,0.021253954825584603,0.003856037506304551,0.42544109895927495,0.041563621305689524,0.03483629616349882,0.42933449396062495,0.06882448961091191,0.02433647249290199,2.0067810117858985e-05,8.286142368388271e-05,0.0005328128672752898,9.666654591652802e-05,0.0007094613695500808,6.931108387771936e-05,5.809266299533964e-05,0.0007159539565535796,0.00011477103828799795,12.372607922926212,0.02523354004865823,0.0005866857160875719,309.1473760575555,82.3795680252517,10.078945843410269,77.71918371236431,34.052431631256816,56.55314330349872,61.77794369140718,63.65845399182276,3.87,10.226625588724218,-0.16817027885345226
233.2333333333,31.6840284209,0.95000095000095,0.0023540023540023543,0.004507004507004507,0.03680603680603681,0.006332006332006332,0.025039138207750066,0.0018821384773357408,0.9654919276831576,0.001067951632420286,0.00367238912710868,0.025250670114910716,0.004517061442402757,0.3910955589921103,0.04875395826050363,0.03461943800295115,0.45371689106233154,0.07181415368210349,0.024175085815725614,2.6740588523363836e-05,9.195345890631287e-05,0.0006322550188455537,0.00011310332574922149,0.0007360959998941809,9.176170076451456e-05,6.515857632909355e-05,0.0008539580184855628,0.00013516418186238914,12.372607922926212,0.02523354004865823,0.0005866857160875719,309.1473760575555,82.3795680252517,10.078945843410269,77.71918371236431,34.052431631256816,56.55314330349872,61.77794369140718,63.65845399182276,3.87,9.848431212918973,-0.17396553383720637
233.2333333333,35.1458313593,0.95000095000095,0.0023540023540023543,0.004507004507004507,0.03680603680603681,0.006332006332006332,0.025010658097552207,0.0020987761937560985,0.960318009367587,0.0013966425740419481,0.003987398472096658,0.02915261304309917,0.005145336543175178,0.36382204370865784,0.05674780671265113,0.03402918582061641,0.47164656755434164,0.07375439620373295,0.024018185397214658,3.493094990384841e-05,9.972745988431158e-05,0.0007291260374711944,0.00012868825307819554,0.0007635810440994219,0.00011910094577638472,7.141964509321232e-05,0.0009898805878498299,0.00015479397093724986,12.372607922926212,0.02523354004865823,0.0005866857160875719,309.1473760575555,82.3795680252517,10.078945843410269,77.71918371236431,34.052431631256816,56.55314330349872,61.77794369140718,63.65845399182276,3.87,9.482820482201797,-0.17287592216514014
233.2333333333,38.6076342977,0.95000095000095,0.0023540023540023543,0.004507004507004507,0.03680603680603681,0.006332006332006332,0.0249839035730778,0.0023170777965502475,0.9552877250258879,0.001802215248014987,0.004257438557754171,0.032916408965946095,0.00573621220239685,0.3417128010070078,0.06584177245137336,0.03322167623132042,0.4843405938778835,0.0748831564324149,0.02386681640659164,4.5026371974336924e-05,0.00010636743439523362,0.0008223803875771908,0.00014331297253939514,0.0007917751440103308,0.00015256050903259097,7.697720835977365e-05,0.0011222548360424046,0.0001735100991051474,12.372607922926212,0.02523354004865823,0.0005866857160875719,309.1473760575555,82.3795680252517,10.078945843410269,77.71918371236431,34.052431631256816,56.55314330349872,61.77794369140718,63.65845399182276,3.87,9.131357959047932,-0.16546758822939545
233.2333333333,42.0694372362,0.95000095000095,0.0023540023540023543,0.004507004507004507,0.03680603680603681,0.006332006332006332,0.024959422019601774,0.0025364872805603523,0.9504325752046824,0.0023030460610809268,0.004487863858721538,0.03649206081698726,0.006284454058528033,0.32347405988185585,0.07631976584510822,0.03229067130842462,0.4925588480188658,0.07535665494574552,0.023722247745710568,5.7482698569100416e-05,0.00011201448801634934,0.000910820746296159,0.00015685634100960034,0.0008204878384815451,0.0001935841153214614,8.190487705457416e-05,0.0012493692529273127,0.0001911411967754589,12.372607922926212,0.02523354004865823,0.0005866857160875719,309.1473760575555,82.3795680252517,10.078945843410269,77.71918371236431,34.052431631256816,56.55314330349872,61.77794369140718,63.65845399182276,3.87,8.795825192343127,-0.15230658678293985
244.3111111111,16.0715927222,0.95000095000095,0.0023540023540023543,0.004507004507004507,0.03680603680603681,0.006332006332006332,0.02423439265332764,0.000931321297374238,0.9978553024516938,3.845745706770693e-05,0.0003313104201115812,0.001488024052770189,0.00028690561835661326,0.9339428616490322,0.0031310105598093664,0.005908207556338944,0.04865740956862652,0.00836051066619296,0.02418241721081936,9.319931150273e-07,8.029106811122996e-06,3.606135917242869e-05,6.952983409699932e-06,0.0008698008775843852,2.915976816654098e-06,5.502439526525861e-06,4.5315681806322916e-05,7.786321640349982e-06,10.029783714094915,0.024248328319140908,0.0008595708347877037,309.1473760575555,82.3795680252517,14.817630099713131,77.57548876193002,34.052431631256816,56.55314330349872,61.77794369140718,63.65845399182276,3.87,9.892371927303563,-0.008729035852631739
244.3111111111,19.3398514436,0.95000095000095,0.0023540023540023543,0.004507004507004507,0.03680603680603681,0.006332006332006332,0.024198004075381845,0.001120223850494446,0.9923152399597424,0.00015041383747144954,0.001102917588633732,0.00540364243948476,0.0010277861746676852,0.800958216316109,0.010115655846005382,0.016497148274248905,0.14741403011511184,0.025014949448524868,0.02401204822060936,3.6397146521279586e-06,2.6688404304569363e-05,0.00013075736177255853,2.4870374043229764e-05,0.000897252497166795,1.13317989420888e-05,1.8480498961956912e-05,0.0001651367124324548,2.8022342991150446e-05,10.029783714094915,0.024248328319140908,0.0008595708347877037,309.1473760575555,82.3795680252517,14.817630099713131,77.57548876193002,34.052431631256816,56.55314330349872,61.77794369140718,63.65845399182276,3.87,9.538893914864001,-0.027212669425468405
244.3111111111,22.6081101649,0.95000095000095,0.0023540023540023543,0.004507004507004507,0.03680603680603681,0.006332006332006332,0.024161577858337044,0.001311772366083842,0.9868390670556837,0.00028212197584665774,0.0017622550668810826,0.009360141552220012,0.001756414349368613,0.7058413684798178,0.016086230994807334,0.0226989461224021,0.21871485396105592,0.036658600441916656,0.023843588952314594,6.816512084966904e-06,4.2578863004696234e-05,0.00022615578887901956,4.243774205377014e-05,0.0009259032020106276,2.1101473293429652e-05,2.9775850262593052e-05,0.0002869041014781763,4.808773903901519e-05,10.029783714094915,0.024248328319140908,0.0008595708347877037,309.1473760575555,82.3795680252517,14.817630099713131,77.57548876193002,34.052431631256816,56.55314330349872,61.77794369140718,63.65845399182276,3.87,9.192369633759615,-0.04005954703713499
244.3111111111,25.8763688863,0.95000095000095,0.0023540023540023543,0.004507004507004507,0.03680603680603681,0.006332006332006332,0.024125223235727133,0.0015058667373514525,0.9814218117300403,0.00043786155495249444,0.002329883022191142,0.013340342615703066,0.002470101077113093,0.6346946223814854,0.021582352096902024,0.026354278654880492,0.2722827695573054,0.045085977309426685,0.02367702029639899,1.0563507759571533e-05,5.62089480234919e-05,0.0003218387436449205,5.959173990016341e-05,0.0009557655202201196,3.250014613653213e-05,3.9686031613275914e-05,0.0004100215658302769,6.789347355124797e-05,10.029783714094915,0.024248328319140908,0.0008595708347877037,309.1473760575555,82.3795680252517,14.817630099713131,77.57548876193002,34.052431631256816,56.55314330349872,61.77794369140718,63.65845399182276,3.87,8.853153772987323,-0.04780761335553585
244.3111111111,29.1446276076,0.95000095000095,0.0023540023540023543,0.004507004507004507,0.03680603680603681,0.006332006332006332,0.02408908853765773,0.001702402401030799,0.9760634378178012,0.0006230391900245797,0.0028215787504902654,0.017325687721805882,0.0031662565198781315,0.5796634701689086,0.026950293403974562,0.02845622729409103,0.3136139699856915,0.05131603914733427,0.023512478571963594,1.5008446210932657e-05,6.796926033653367e-05,0.0004173600255063913,7.627223364028034e-05,0.000986820483405395,4.58802441994108e-05,4.8443949669738726e-05,0.0005338971755004422,8.736054825581234e-05,10.029783714094915,0.024248328319140908,0.0008595708347877037,309.1473760575555,82.3795680252517,14.817630099713131,77.57548876193002,34.052431631256816,56.55314330349872,61.77794369140718,63.65845399182276,3.87,8.521699798214996,-0.0508962862079656
244.3111111111,32.412886329,0.95000095000095,0.0023540023540023543,0.004507004507004507,0.03680603680603681,0.006332006332006332,0.024053366980852652,0.001901247812267406,0.9707683750947003,0.0008445119741016037,0.003249546017850923,0.021295348047936306,0.0038422188654107666,0.5359789951809371,0.0324473892350069,0.029575852447188352,0.3460290459775536,0.055968717159314126,0.023350247979558845,2.0313356432790204e-05,7.816252288853662e-05,0.0005122248215819962,9.241830039048047e-05,0.001019028892009039,6.169052779684585e-05,5.623102476116046e-05,0.0006578869666458014,0.0001064104010545592,10.029783714094915,0.024248328319140908,0.0008595708347877037,309.1473760575555,82.3795680252517,14.817630099713131,77.57548876193002,34.052431631256816,56.55314330349872,61.77794369140718,63.65845399182276,3.87,8.198572580425475,-0.04972642876616007
244.3111111111,35.6811450504,0.95000095000095,0.0023540023540023543,0.004507004507004507,0.03680603680603681,0.006332006332006332,0.024018306602610673,0.00210222472905711,0.965545545855877,0.0011109629465937815,0.0036232604097737567,0.025225152175956077,0.004495078611799333,0.5005784745253768,0.038292527408301504,0.03005765011857761,0.37163042768900745,0.059440920258736714,0.023190768959151536,2.668344867542923e-05,8.702457942304687e-05,0.0006058654390596248,0.00010796417630103394,0.0010523284479809318,8.049949805582858e-05,6.318793537662022e-05,0.0007812506751579016,0.00012495817248582808,10.029783714094915,0.024248328319140908,0.0008595708347877037,309.1473760575555,82.3795680252517,14.817630099713131,77.57548876193002,34.052431631256816,56.55314330349872,61.77794369140718,63.65845399182276,3.87,7.884468800226237,-0.04466118768283689
244.3111111111,38.9494037717,0.95000095000095,0.0023540023540023543,0.004507004507004507,0.03680603680603681,0.006332006332006332,0.023984222249881167,0.002305088530994813,0.9604086608574101,0.0014332970455915312,0.003950077875810935,0.029086451253532652,0.005121512967654728,0.47140322123417017,0.044692560327624746,0.030117229892304448,0.39179054429320254,0.061996444252698076,0.02303465477271487,3.437651489156535e-05,9.473954567778796e-05,0.0006976159113250618,0.00012283550527187944,0.0010866261587408961,0.00010302030823200158,6.942288121008513e-05,0.0009031118902024765,0.00014290729260935364,10.029783714094915,0.024248328319140908,0.0008595708347877037,309.1473760575555,82.3795680252517,14.817630099713131,77.57548876193002,34.052431631256816,56.55314330349872,61.77794369140718,63.65845399182276,3.87,7.580238106068129,-0.03604863656171986
244.3111111111,42.2176624931,0.95000095000095,0.0023540023540023543,0.004507004507004507,0.03680603680603681,0.006332006332006332,0.02395150644570258,0.0025095086341916863,0.9553765413903927,0.0018249660309478705,0.004235689777622903,0.032845143486499896,0.005717659314536701,0.44701541626282243,0.05185508940481824,0.029893492073198042,0.40742052292932557,0.0638154793298357,0.02288270738918503,4.3710685653436175e-05,0.00010145115101073148,0.0007866906659269283,0.0001369465539264572,0.0011217890467283436,0.0001301307945881732,7.501797646383122e-05,0.0010224253200380345,0.00016014549637330375,10.029783714094915,0.024248328319140908,0.0008595708347877037,309.1473760575555,82.3795680252517,14.817630099713131,77.57548876193002,34.052431631256816,56.55314330349872,61.77794369140718,63.65845399182276,3.87,7.286896024763726,-0.024227508988966306
244.3111111111,45.4859212144,0.95000095000095,0.0023540023540023543,0.004507004507004507,0.03680603680603681,0.006332006332006332,0.02392063350087077,0.002715052420267147,0.9504731133355414,0.002302030756297062,0.0044844875304829385,0.036461285906920424,0.0062790824707580975,0.42637701685144447,0.0599899312980711,0.02947808325258284,0.41913098355001976,0.06502398504788175,0.02273591899653109,5.506603402911437e-05,0.0001072717826559074,0.0008721770571499079,0.00015019963050474653,0.0011576359515488004,0.0001628758081624878,8.003454127976149e-05,0.0011379625912964308,0.00017654352797966612,10.029783714094915,0.024248328319140908,0.0008595708347877037,309.1473760575555,82.3795680252517,14.817630099713131,77.57548876193002,34.052431631256816,56.55314330349872,61.77794369140718,63.65845399182276,3.87,7.005613207076655,-0.009522980526981861
255.3888888889,22.8701678066,0.95000095000095,0.0023540023540023543,0.004507004507004507,0.03680603680603681,0.006332006332006332,0.023129262500894684,0.0013385148188610756,0.9967909855604871,6.392431533947787e-05,0.0004661893012389141,0.0022512467087745323,0.0004276541141599128,0.9360266741428581,0.003037955291121041,0.005713831253376392,0.04712614371049036,0.008095395602154155,0.02305504036355403,1.4785222696767523e-06,1.0782614723463513e-05,5.2069676081521366e-05,9.891324265992205e-06,0.0012528855741894627,4.066348176202927e-06,7.648047805115854e-06,6.307904171226802e-05,1.0835806978026117e-05,7.796626221595734,0.023154359338221058,0.0012325538115126164,309.1473760575555,82.3795680252517,21.043603896923365,77.55155859863335,34.052431631256816,56.55314330349872,61.77794369140718,63.65845399182276,3.87,7.62185609433976,-0.0011829740713000803
255.3888888889,25.9136860536,0.95000095000095,0.0023540023540023543,0.004507004507004507,0.03680603680603681,0.006332006332006332,0.023087268252918576,0.0015169983715325863,0.9914790036674256,0.00018363604605094983,0.0011623918395703078,0.006040754580129196,0.0011342138668241635,0.8488928189635158,0.007644551491821387,0.012659931319038678,0.11180039916723095,0.01900229905839319,0.022890541724806295,4.239654656083588e-06,2.6836452215163192e-05,0.00013946452144148928,2.6185899799549527e-05,0.00128776902397336,1.1596772164190046e-05,1.9205095194696062e-05,0.00016960102347338246,2.8826456726957667e-05,7.796626221595734,0.023154359338221058,0.0012325538115126164,309.1473760575555,82.3795680252517,21.043603896923365,77.55155859863335,34.052431631256816,56.55314330349872,61.77794369140718,63.65845399182276,3.87,7.335189098280609,-0.0007850090349368344
255.3888888889,28.9572043006,0.95000095000095,0.0023540023540023543,0.004507004507004507,0.03680603680603681,0.006332006332006332,0.023045106468107462,0.0016978399099356347,0.9862062208365802,0.00032255253362943305,0.0017722790528779439,0.00986755136594386,0.0018313962109686277,0.7797912772232694,0.011904335805718258,0.01736360560237854,0.16345032605057902,0.027490455318054687,0.02272722735868889,7.433257479048097e-06,4.084235946476887e-05,0.0002273987718076955,4.220472066706062e-05,0.001323960751889349,2.0211656432224238e-05,2.9480622572100263e-05,0.0002775124868606652,4.667439218129556e-05,7.796626221595734,0.023154359338221058,0.0012325538115126164,309.1473760575555,82.3795680252517,21.043603896923365,77.55155859863335,34.052431631256816,56.55314330349872,61.77794369140718,63.65845399182276,3.87,7.054352942615389,0.0022829880928156854
255.3888888889,32.0007225475,0.95000095000095,0.0023540023540023543,0.004507004507004507,0.03680603680603681,0.006332006332006332,0.023002863773685957,0.0018809801815420886,0.9809702018158143,0.0004844561555068788,0.0023093717264860672,0.013718792687279395,0.002517177614913429,0.7238167823358785,0.016008247324012827,0.020557432339957927,0.20542390093458143,0.03419363706556926,0.022565123918414396,1.1143878949448353e-05,5.312216322716095e-05,0.00031557151932492703,5.790229377002534e-05,0.0013614850226413512,3.01111959576923e-05,3.866812281485327e-05,0.000386398286473013,6.431755365517875e-05,7.796626221595734,0.023154359338221058,0.0012325538115126164,309.1473760575555,82.3795680252517,21.043603896923365,77.55155859863335,34.052431631256816,56.55314330349872,61.77794369140718,63.65845399182276,3.87,6.779577839843915,0.007734193470795958
255.3888888889,35.0442407945,0.95000095000095,0.0023540023540023543,0.004507004507004507,0.03680603680603681,0.006332006332006332,0.022960657422617374,0.002066346276520876,0.9757713963819736,0.0006740387514705936,0.002784458433926977,0.017580544265090717,0.003189562167537996,0.6776894370627207,0.02010586522524257,0.02270882842306018,0.23995824004698435,0.03953762924199215,0.022404352755115483,1.5476372862085034e-05,6.393299620891499e-05,0.0004036608541739085,7.323444425698085e-05,0.0014003410449120813,4.154567974441055e-05,4.6924303056141834e-05,0.0004958368158415887,8.169843296665338e-05,7.796626221595734,0.023154359338221058,0.0012325538115126164,309.1473760575555,82.3795680252517,21.043603896923365,77.55155859863335,34.052431631256816,56.55314330349872,61.77794369140718,63.65845399182276,3.87,6.511154306290064,0.015313220414176598
255.3888888889,38.0877590414,0.95000095000095,0.0023540023540023543,0.004507004507004507,0.03680603680603681,0.006332006332006332,0.02291864084918794,0.002253840429033863,0.9706130642551702,0.0008971354059580025,0.0032061787836979703,0.021437152255661174,0.003846469299512662,0.6391343118864125,0.02432609724601509,0.02412572553628563,0.26859562485217975,0.043818240479107116,0.022245132223194023,2.056112416224188e-05,7.348126004186e-05,0.0004913103933768576,8.815584841295821e-05,0.0014405067517123348,5.482714145367813e-05,5.4375535593455234e-05,0.0006053716783534554,9.875932192093977e-05,7.796626221595734,0.023154359338221058,0.0012325538115126164,309.1473760575555,82.3795680252517,21.043603896923365,77.55155859863335,34.052431631256816,56.55314330349872,61.77794369140718,63.65845399182276,3.87,6.249438203849225,0.024784522211356297
255.3888888889,41.1312772884,0.95000095000095,0.0023540023540023543,0.004507004507004507,0.03680603680603681,0.006332006332006332,0.022877011422271585,0.0024433280138362913,0.9655013957679508,0.001160999012319696,0.0035814575737661736,0.02527052739008735,0.004485620255876059,0.6065237270103389,0.02878998238833445,0.025016368892703242,0.2924235073956606,0.04724641431296281,0.02208778645920257,2.6560187666083716e-05,8.193304582342982e-05,0.0005781141437498552,0.0001026175858296494,0.0014819364132607562,7.034337048727102e-05,6.112319492000459e-05,0.0007144865475240814,0.00011543848764417794,7.796626221595734,0.023154359338221058,0.0012325538115126164,309.1473760575555,82.3795680252517,21.043603896923365,77.55155859863335,34.052431631256816,56.55314330349872,61.77794369140718,63.65845399182276,3.87,5.9948596517737816,0.035934038098950793
255.3888888889,44.1747955354,0.95000095000095,0.0023540023540023543,0.004507004507004507,0.03680603680603681,0.006332006332006332,0.022836019874665332,0.002634624426705734,0.9604457747516307,0.0014746006863655117,0.003915831911265947,0.02905936695467832,0.005104425696059403,0.5786613250953269,0.033618929549679696,0.025524667818371344,0.3122195114728715,0.04997556606375059,0.02193275880076658,3.367401058103797e-05,8.942201535151791e-05,0.0006636002813222271,0.00011656476664396495,0.001524555261886056,8.857325299128533e-05,6.72479133178309e-05,0.0008225811514205585,0.00013166684709000343,7.796626221595734,0.023154359338221058,0.0012325538115126164,309.1473760575555,82.3795680252517,21.043603896923365,77.55155859863335,34.052431631256816,56.55314330349872,61.77794369140718,63.65845399182276,3.87,5.74793312928828,0.04855219540766598
255.3888888889,47.2183137823,0.95000095000095,0.0023540023540023543,0.004507004507004507,0.03680603680603681,0.006332006332006332,0.02279597984204521,0.002827480943955935,0.9554590821486403,0.001848913716059469,0.004213704683288555,0.0327784117060201,0.005699887745991578,0.5546463747688957,0.03893961415399298,0.025751896364363876,0.3285432039401985,0.052118910772549085,0.02178062597655942,4.2147799800972556e-05,9.605552702057738e-05,0.0007472160125046928,0.00012993452615954452,0.0015682520552932945,0.00011010101698541196,7.281299624096698e-05,0.0009289496484071396,0.00014736522702912222,7.796626221595734,0.023154359338221058,0.0012325538115126164,309.1473760575555,82.3795680252517,21.043603896923365,77.55155859863335,34.052431631256816,56.55314330349872,61.77794369140718,63.65845399182276,3.87,5.50926523979545,0.06243835247509644
255.3888888889,50.2618320293,0.95000095000095,0.0023540023540023543,0.004507004507004507,0.03680603680603681,0.006332006332006332,0.022757275001874803,0.0030215713161218603,0.9505579067992681,0.0022970891974919685,0.004478550896296789,0.036397913684925225,0.006268539422017989,0.5337856599216494,0.04488535490744158,0.025770463127638938,0.34179752583088197,0.05376099621238812,0.021632107690237424,5.227549057116063e-05,0.0001019196143569189,0.0008283173312223456,0.0001426548754869567,0.0016128714389764339,0.00013562430090227506,7.786729218964985e-05,0.0010327655999720136,0.0001624426840814879,7.796626221595734,0.023154359338221058,0.0012325538115126164,309.1473760575555,82.3795680252517,21.043603896923365,77.55155859863335,34.052431631256816,56.55314330349872,61.77794369140718,63.65845399182276,3.87,5.279554386739806,0.07739932697971241
266.4666666667,31.6435192022,0.95000095000095,0.0023540023540023543,0.004507004507004507,0.03680603680603681,0.006332006332006332,0.02186382398016974,0.00190245944571817,0.9952320185412319,0.00010614502257845177,0.0006505513449375574,0.0033788199300524885,0.0006324651611996417,0.9382943858020533,0.0029357857831698387,0.00550511969593862,0.04545756490338116,0.007807143815457174,0.02175957767281452,2.3207360900264125e-06,1.4223540095777446e-05,7.387392421135705e-05,1.3828106958058647e-05,0.001785067017133445,5.585213393796575e-06,1.0473266965347569e-05,8.648117372978426e-05,1.4852774495796694e-05,5.696348658300079,0.021909696187411315,0.0017447448301626594,309.1473760575555,82.3795680252517,29.02721421241045,77.74051463913618,34.052431631256816,56.55314330349872,61.77794369140718,63.65845399182276,3.87,5.480795853051686,0.008920968400976115
266.4666666667,34.412355358,0.95000095000095,0.0023540023540023543,0.004507004507004507,0.03680603680603681,0.006332006332006332,0.021814874902518513,0.0020715144486870116,0.9902052044093922,0.000233720775781028,0.0012678165837563043,0.006996381085173374,0.001296877145897061,0.8829904598134115,0.005887984266682322,0.009905924938192449,0.08649131692299286,0.014724314058720794,0.021601202662013663,5.098589485782704e-06,2.7657260173982164e-05,0.00015262517814340387,2.8291212701679638e-05,0.00182912749555627,1.2197044482074229e-05,2.052026663707465e-05,0.00017916801269194716,3.0501629319645422e-05,5.696348658300079,0.021909696187411315,0.0017447448301626594,309.1473760575555,82.3795680252517,29.02721421241045,77.74051463913618,34.052431631256816,56.55314330349872,61.77794369140718,63.65845399182276,3.87,5.257229689964605,0.019348978726659638
266.4666666667,37.1811915139,0.95000095000095,0.0023540023540023543,0.004507004507004507,0.03680603680603681,0.006332006332006332,0.021765554259941124,0.002242760998091106,0.9851954419614303,0.00037956751997423704,0.001821674458412622,0.01064853759212603,0.0019547784680568536,0.8358730668456675,0.008756653890745994,0.013214930575754093,0.12162896924875495,0.020526379439077494,0.021443324848658185,8.261497451310542e-06,3.9649754268528786e-05,0.0002317713227504419,4.2546836812656036e-05,0.0018746635136762631,1.9639081819947854e-05,2.9637930887782928e-05,0.00027278470846913013,4.6035763237982203e-05,5.696348658300079,0.021909696187411315,0.0017447448301626594,309.1473760575555,82.3795680252517,29.02721421241045,77.74051463913618,34.052431631256816,56.55314330349872,61.77794369140718,63.65845399182276,3.87,5.038455633232829,0.03063860586218592
266.4666666667,39.9500276698,0.95000095000095,0.0023540023540023543,0.004507004507004507,0.03680603680603681,0.006332006332006332,0.021715923827427253,0.002416174699684258,0.9802016079342329,0.0005468756484379394,0.002320420087003616,0.014326346366403824,0.002604749963921666,0.7953507368900714,0.011607858039904516,0.015703970721617885,0.15191905602687034,0.0254183783215358,0.021285983453421517,1.1875909924553176e-05,5.039006585700264e-05,0.0003111098464181647,5.656455180601678e-05,0.0019217063278490216,2.8046612913543793e-05,3.7943536742155474e-05,0.0003670629795720394,6.141524260749762e-05,5.696348658300079,0.021909696187411315,0.0017447448301626594,309.1473760575555,82.3795680252517,29.02721421241045,77.74051463913618,34.052431631256816,56.55314330349872,61.77794369140718,63.65845399182276,3.87,4.824615369313798,0.042639655757010786
266.4666666667,42.7188638257,0.95000095000095,0.0023540023540023543,0.004507004507004507,0.03680603680603681,0.006332006332006332,0.021666067367339215,0.002591716552469554,0.9752241181814765,0.0007395139036296312,0.002770925118284537,0.018020079145616916,0.003245363650992455,0.7602184937664811,0.014501627167861948,0.01756949563623879,0.17815406898003514,0.0295563144493831,0.02112927144277385,1.602235805512359e-05,6.0035050282605164e-05,0.0003904242487337206,7.031426749391648e-05,0.0019702708537880616,3.758410716868999e-05,4.5535152658981664e-05,0.00046172484946535976,7.660158938846123e-05,5.696348658300079,0.021909696187411315,0.0017447448301626594,309.1473760575555,82.3795680252517,29.02721421241045,77.74051463913618,34.052431631256816,56.55314330349872,61.77794369140718,63.65845399182276,3.87,4.6158809515533505,0.055214295188848794
266.4666666667,45.4876999816,0.95000095000095,0.0023540023540023543,0.004507004507004507,0.03680603680603681,0.006332006332006332,0.021616094972935387,0.0027693268870349927,0.9702649710123487,0.0009621818529108216,0.003178886326010079,0.02171884222718294,0.0038751185815473835,0.7295473438466056,0.017495708356605588,0.01895568881475727,0.20094061058039656,0.03306064840163487,0.02097333976231533,2.0798614313755267e-05,6.871510873119951e-05,0.000469476556284986,8.376493129011491e-05,0.0020203550746793674,4.845133555967066e-05,5.249449869697578e-05,0.0005564702355775203,9.15557425214579e-05,5.696348658300079,0.021909696187411315,0.0017447448301626594,309.1473760575555,82.3795680252517,29.02721421241045,77.74051463913618,34.052431631256816,56.55314330349872,61.77794369140718,63.65845399182276,3.87,4.412456632532191,0.0682389616618213
266.4666666667,48.2565361375,0.95000095000095,0.0023540023540023543,0.004507004507004507,0.03680603680603681,0.006332006332006332,0.02156614872173984,0.0029489183139868,0.9653278708223155,0.0012205878674464807,0.003549020826450709,0.025410146235047795,0.004492374248739483,0.7026093117185217,0.020648431479728946,0.01996980717573518,0.22074696472642202,0.036025484899592154,0.02081840442739452,2.6323379477302075e-05,7.653871095978802e-05,0.0005479989927461984,9.688321116202997e-05,0.002071937466904409,6.089053774567425e-05,5.888933010731049e-05,0.0006509647670387441,0.00010623621219066222,5.696348658300079,0.021909696187411315,0.0017447448301626594,309.1473760575555,82.3795680252517,29.02721421241045,77.74051463913618,34.052431631256816,56.55314330349872,61.77794369140718,63.65845399182276,3.87,4.214581900044438,0.08158999026867075
266.4666666667,51.0253722934,0.95000095000095,0.0023540023540023543,0.004507004507004507,0.03680603680603681,0.006332006332006332,0.021516409246267222,0.0031303673708665703,0.9604184055636343,0.0015216476273666225,0.0038852208535402662,0.029079441991089784,0.00509528396436893,0.6788252782637573,0.024020939233252082,0.020692588298438754,0.23793620017238337,0.03852499403216841,0.020664755461754603,3.2740393079031776e-05,8.359600189690401e-05,0.0006256851745333756,0.00010963221500330476,0.002124972501596286,7.519436439334097e-05,6.477540322820808e-05,0.0007448277173676057,0.00012059738428112932,5.696348658300079,0.021909696187411315,0.0017447448301626594,309.1473760575555,82.3795680252517,29.02721421241045,77.74051463913618,34.052431631256816,56.55314330349872,61.77794369140718,63.65845399182276,3.87,4.0225349461385385,0.09515087849967951
266.4666666667,53.7942084492,0.95000095000095,0.0023540023540023543,0.004507004507004507,0.03680603680603681,0.006332006332006332,0.021467103028057436,0.003313505167553692,0.9555442670443285,0.0018736865654850228,0.00419067730000743,0.032709639004122736,0.005681730086056378,0.657727954292256,0.027678791338214187,0.021185448061597372,0.2527897966759662,0.04061800963196615,0.020512767228510226,4.022262254355407e-05,8.996170135660105e-05,0.0007021811905120688,0.00012197028513498591,0.0021793849753919087,9.171381813081308e-05,7.019809162904324e-05,0.0008376202975906611,0.00013458798481126547,5.696348658300079,0.021909696187411315,0.0017447448301626594,309.1473760575555,82.3795680252517,29.02721421241045,77.74051463913618,34.052431631256816,56.55314330349872,61.77794369140718,63.65845399182276,3.87,3.8366356011272655,0.10881068235503877
266.4666666667,56.5630446051,0.95000095000095,0.0023540023540023543,0.004507004507004507,0.03680603680603681,0.006332006332006332,0.02141850916255424,0.003498107578450962,0.9507154552147684,0.00228661248234689,0.0044679825261633695,0.03628067854894203,0.006249271227779325,0.6389350693627791,0.03169275225699242,0.021495553505444222,0.2655251920104945,0.04235143286428987,0.02036290768849944,4.8975830404357756e-05,9.569752467476237e-05,0.0007770780459241998,0.00013385007305147806,0.0022350636082760287,0.00011086465685215401,7.519375862039258e-05,0.0009288356864415577,0.00014814986826082953,5.696348658300079,0.021909696187411315,0.0017447448301626594,309.1473760575555,82.3795680252517,29.02721421241045,77.74051463913618,34.052431631256816,56.55314330349872,61.77794369140718,63.65845399182276,3.87,3.6572458424863346,0.12246198911343509
277.5444444444,42.807078359,0.95000095000095,0.0023540023540023543,0.004507004507004507,0.03680603680603681,0.006332006332006332,0.020355335081785386,0.0027071092770211387,0.992819754260574,0.00018063142098368687,0.0009162106953949576,0.00513643615783524,0.0009469674652121144,0.9405931301404131,0.002831518776553343,0.005295946232960356,0.04376423900493306,0.007515165845140172,0.020209178773789808,3.6768131004219865e-06,1.8649775710279966e-05,0.0001045538791189346,1.9275840065941534e-05,0.0025462883885054638,7.6652307480671e-06,1.4336705177852133e-05,0.00011847457741202465,2.0344375177731368e-05,3.7632798104482377,0.02044340333334865,0.0024634476757375884,309.1473760575555,82.3795680252517,39.067456891519946,78.33152472642882,34.052431631256816,56.55314330349872,61.77794369140718,63.65845399182276,3.87,3.504832961619973,0.0216822278706843
277.5444444444,45.2210035252,0.95000095000095,0.0023540023540023543,0.004507004507004507,0.03680603680603681,0.006332006332006332,0.02029757499465565,0.002867121087652837,0.9881830125441887,0.00031534692478705183,0.0014452340533029416,0.008501355103266219,0.0015550513744551622,0.9074913846504836,0.004623716204509292,0.007915791841171234,0.06831873246530114,0.011650374838534667,0.020057718805560412,6.400777855199218e-06,2.9334746581746617e-05,0.0001725568927647446,3.1563771893546e-05,0.002601887685794674,1.325675423327073e-05,2.269553371329232e-05,0.0001958780785329774,3.340303537862276e-05,3.7632798104482377,0.02044340333334865,0.0024634476757375884,309.1473760575555,82.3795680252517,39.067456891519946,78.33152472642882,34.052431631256816,56.55314330349872,61.77794369140718,63.65845399182276,3.87,3.342744786254486,0.03553610433331622
277.5444444444,47.6349286913,0.95000095000095,0.0023540023540023543,0.004507004507004507,0.03680603680603681,0.006332006332006332,0.020239117586653553,0.0030292952718073995,0.9835429360630075,0.0004667170814394276,0.0019316077454412314,0.011899125028937634,0.002159614081174101,0.8778337435784742,0.0064145879612814505,0.010048095287009175,0.0903944629725357,0.01530911020069945,0.019906041134501687,9.445941890952337e-06,3.909403629127585e-05,0.00024082779063896114,4.3708683330675405e-05,0.002659217608855261,1.9431680981702564e-05,3.043864754360711e-05,0.00027383151928027144,4.637581514655727e-05,3.7632798104482377,0.02044340333334865,0.0024634476757375884,309.1473760575555,82.3795680252517,39.067456891519946,78.33152472642882,34.052431631256816,56.55314330349872,61.77794369140718,63.65845399182276,3.87,3.1844544430272266,0.04919558032738669
277.5444444444,50.0488538575,0.95000095000095,0.0023540023540023543,0.004507004507004507,0.03680603680603681,0.006332006332006332,0.020179990526834505,0.0031936419884324137,0.9788987086009194,0.0006372207152319253,0.0023798125890835027,0.015324453262681064,0.002759804832083934,0.8511670180866587,0.008225609281956987,0.01178226568191987,0.1102757267818336,0.018549380167630768,0.019754166666297084,1.285910799688296e-05,4.802459550334658e-05,0.000309247321669822,5.569283536736588e-05,0.002718322728130365,2.626965118329723e-05,3.762833840064556e-05,0.0003521811913553646,5.9240079362741106e-05,3.7632798104482377,0.02044340333334865,0.0024634476757375884,309.1473760575555,82.3795680252517,39.067456891519946,78.33152472642882,34.052431631256816,56.55314330349872,61.77794369140718,63.65845399182276,3.87,3.0300419576056803,0.0625908159598243
277.5444444444,52.4627790236,0.95000095000095,0.0023540023540023543,0.004507004507004507,0.03680603680603681,0.006332006332006332,0.020120234583415164,0.003360161044781961,0.9742501898784015,0.000829780694344073,0.002793702958719689,0.01877157254637159,0.003354753922163256,0.8271148372725696,0.01007818981878042,0.013189378398485205,0.12819798225295062,0.021419612257214015,0.019602142363290203,1.6695382222991866e-05,5.620995888582115e-05,0.00037768844313259235,6.749843588355681e-05,0.002779239055764459,3.3864340830984136e-05,4.4318435499478674e-05,0.00043076586598601386,7.197334670102474e-05,3.7632798104482377,0.02044340333334865,0.0024634476757375884,309.1473760575555,82.3795680252517,39.067456891519946,78.33152472642882,34.052431631256816,56.55314330349872,61.77794369140718,63.65845399182276,3.87,2.879598545948366,0.07566005882043214
277.5444444444,54.8767041898,0.95000095000095,0.0023540023540023543,0.004507004507004507,0.03680603680603681,0.006332006332006332,0.020059906325468217,0.0035288387222267127,0.9695979609201169,0.0010478474944036803,0.003176591801866917,0.022234056795629124,0.003943542987983435,0.8053620097202099,0.01199429165700606,0.01432633280155213,0.144356915620728,0.023960450200503792,0.019450044269422536,2.101972258111441e-05,6.372213397970065e-05,0.0004460130965554603,7.910710292940475e-05,0.0028419926453110028,4.232592084492378e-05,5.055531793762386e-05,0.0005094122736636392,8.455256446952258e-05,3.7632798104482377,0.02044340333334865,0.0024634476757375884,309.1473760575555,82.3795680252517,39.067456891519946,78.33152472642882,34.052431631256816,56.55314330349872,61.77794369140718,63.65845399182276,3.87,2.7332267600876285,0.08834236595131095
277.5444444444,57.290629356,0.95000095000095,0.0023540023540023543,0.004507004507004507,0.03680603680603681,0.006332006332006332,0.01999908173236168,0.0036996440173687967,0.9649434059752505,0.0012954946327646709,0.003531320141315435,0.02570460683095683,0.004525172419712485,0.7856424876066331,0.013996981379294832,0.0152389740307987,0.15891541187934907,0.026206145103924324,0.019297982043202492,2.590870304449653e-05,7.062316012930239e-05,0.000514068532910528,9.049929307485887e-05,0.0029065975290646193,5.178384842113057e-05,5.6378779103882864e-05,0.000587930452827132,9.695340795203221e-05,3.7632798104482377,0.02044340333334865,0.0024634476757375884,309.1473760575555,82.3795680252517,39.067456891519946,78.33152472642882,34.052431631256816,56.55314330349872,61.77794369140718,63.65845399182276,3.87,2.5910409708629514,0.10057451654421845
277.5444444444,59.7045545221,0.95000095000095,0.0023540023540023543,0.004507004507004507,0.03680603680603681,0.006332006332006332,0.019937859615618694,0.003872523529501685,0.9602887874146541,0.0015775265835087416,0.003860316597908547,0.029174838104641977,0.0050985312992866145,0.7677298424925748,0.016110936192474865,0.015964467981901726,0.1720090909548971,0.028185662378151382,0.019146103033926075,3.145250356190387e-05,7.696645040094336e-05,0.0005816838264387547,0.0001016538012910145,0.0029730518793531185,6.23899794876592e-05,6.18227778958907e-05,0.0006661092520110345,0.00010914964075398165,3.7632798104482377,0.02044340333334865,0.0024634476757375884,309.1473760575555,82.3795680252517,39.067456891519946,78.33152472642882,34.052431631256816,56.55314330349872,61.77794369140718,63.65845399182276,3.87,2.453167705275349,0.11230694256467233
277.5444444444,62.1184796883,0.95000095000095,0.0023540023540023543,0.004507004507004507,0.03680603680603681,0.006332006332006332,0.019876366627361138,0.004047396666109823,0.9556373806229896,0.0018995918965626127,0.004165644002187833,0.032635022013887155,0.005662361464372774,0.7514299703395297,0.018362844785127945,0.016533106557141186,0.18375053927553053,0.029923539042670595,0.018994598940073604,3.7756984978442764e-05,8.279786742655333e-05,0.0006486656624400227,0.00011254717244251475,0.0030413351567672156,7.4321716763619e-05,6.691604035981168e-05,0.0007437113200596643,0.00012111243215951208,3.7632798104482377,0.02044340333334865,0.0024634476757375884,309.1473760575555,82.3795680252517,39.067456891519946,78.33152472642882,34.052431631256816,56.55314330349872,61.77794369140718,63.65845399182276,3.87,2.319745776762307,0.12348325905629132
277.5444444444,64.5324048545,0.95000095000095,0.0023540023540023543,0.004507004507004507,0.03680603680603681,0.006332006332006332,0.019814761529082896,0.004224149104860755,0.9509935800713687,0.0022682962910034504,0.004449041242504836,0.036073854538792235,0.006215227856330785,0.7365750398155512,0.02078170774905728,0.01696971629845907,0.19423292872194226,0.03144060741499035,0.01884371100480297,4.4945750083536594e-05,8.815669125328798e-05,0.0007147948251209928,0.0001231532578221076,0.003111402795099635,8.778503218565812e-05,7.168261191187684e-05,0.0008204688519952751,0.0001328098136683099,3.7632798104482377,0.02044340333334865,0.0024634476757375884,309.1473760575555,82.3795680252517,39.067456891519946,78.33152472642882,34.052431631256816,56.55314330349872,61.77794369140718,63.65845399182276,3.87,2.190925919102541,0.1340578734634139
288.6222222222,56.9571357145,0.95000095000095,0.0023540023540023543,0.004507004507004507,0.03680603680603681,0.006332006332006332,0.018424786647526357,0.003938646994100685,0.9886481535927357,0.0003297619475041561,0.0013406352009645804,0.0081956543576172,0.0014857949011783643,0.9429031366664181,0.002725767429201613,0.005088529072658713,0.042060521870296755,0.007222044961424863,0.018215631299417025,6.075793527236863e-06,2.4700917549936018e-05,0.0001510031829759666,2.737545405619387e-05,0.003713762604959295,1.0735835691642485e-05,2.0041919736421185e-05,0.00016566154803475045,2.8445085678576033e-05,2.053150963683377,0.018614754479407993,0.003524905481451541,309.1473760575555,82.3795680252517,51.50579679726779,79.8075569573119,34.052431631256816,56.55314330349872,61.77794369140718,63.65845399182276,3.87,1.7553303747103934,0.03637773046134685
288.6222222222,58.8741832057,0.95000095000095,0.0023540023540023543,0.004507004507004507,0.03680603680603681,0.006332006332006332,0.018355670582201243,0.004088420200147571,0.9846184587066206,0.0004679628295211518,0.0017605459632080009,0.011144332816398471,0.0020086996842518657,0.9255484662525734,0.0036862285177418,0.006446997747961591,0.054932482735390836,0.00938582474633224,0.018073332077173446,8.58977154340506e-06,3.231600174547025e-05,0.00020456170203622534,3.68710297026989e-05,0.0037840310456426236,1.5070851134295614e-05,2.635803582307207e-05,0.00022458707205962958,3.837319548794968e-05,2.053150963683377,0.018614754479407993,0.003524905481451541,309.1473760575555,82.3795680252517,51.50579679726779,79.8075569573119,34.052431631256816,56.55314330349872,61.77794369140718,63.65845399182276,3.87,1.655804302427401,0.047915630009771615
288.6222222222,60.7912306969,0.95000095000095,0.0023540023540023543,0.004507004507004507,0.03680603680603681,0.006332006332006332,0.018285299307196065,0.004240514660286444,0.9805667372008378,0.0006199086476353739,0.002157127905055071,0.014124917143674764,0.002531309102796942,0.9094250802613931,0.004655999678186763,0.00762644933861292,0.06691506527466005,0.011377405447147087,0.017929956280397983,1.1335215165131952e-05,3.9443729387836785e-05,0.000258278337661438,4.6285744583672023e-05,0.003856430385280614,1.9743834893639934e-05,3.234007022631994e-05,0.0002837543152912203,4.824605459465007e-05,2.053150963683377,0.018614754479407993,0.003524905481451541,309.1473760575555,82.3795680252517,51.50579679726779,79.8075569573119,34.052431631256816,56.55314330349872,61.77794369140718,63.65845399182276,3.87,1.5590455017890084,0.05875904327094772
288.6222222222,62.7082781882,0.95000095000095,0.0023540023540023543,0.004507004507004507,0.03680603680603681,0.006332006332006332,0.018213642295737645,0.004394989257652901,0.9764916459546594,0.0007872210089201082,0.0025322269035898365,0.01713558905467536,0.003053317078155355,0.8944365252413915,0.005640337462586475,0.008649114693672941,0.07806494204496492,0.013209080557384175,0.017785469544194254,1.4338161864160544e-05,4.612107503362862e-05,0.00031210148956861423,5.5612025076988455e-05,0.003931038920088304,2.4789222557604777e-05,3.801276616690044e-05,0.0003430945816869171,5.805376715317524e-05,2.053150963683377,0.018614754479407993,0.003524905481451541,309.1473760575555,82.3795680252517,51.50579679726779,79.8075569573119,34.052431631256816,56.55314330349872,61.77794369140718,63.65845399182276,3.87,1.465093054058355,0.0688847404049806
288.6222222222,64.6253256794,0.95000095000095,0.0023540023540023543,0.004507004507004507,0.03680603680603681,0.006332006332006332,0.018140671874883548,0.004551902072457928,0.9723919777161115,0.0009717473944178844,0.0028875002556533374,0.02017436529336163,0.0035744093404556972,0.8804970504975781,0.006644654441130266,0.00953410117103915,0.08843234177493914,0.01489185211531339,0.017639843801517053,1.7628150627407887e-05,5.2381194676449554e-05,0.0003659765410709121,6.484218699172572e-05,0.0040079363489530185,3.0245816321347632e-05,4.339829487947666e-05,0.00040253535979765324,6.778625250643199e-05,2.053150963683377,0.018614754479407993,0.003524905481451541,309.1473760575555,82.3795680252517,51.50579679726779,79.8075569573119,34.052431631256816,56.55314330349872,61.77794369140718,63.65845399182276,3.87,1.3739877616376974,0.07826813797335852
288.6222222222,66.5423731706,0.95000095000095,0.0023540023540023543,0.004507004507004507,0.03680603680603681,0.006332006332006332,0.018066363061001588,0.004711307929725233,0.9682666464032901,0.0011755950504778138,0.0032244369117159087,0.02323906315947055,0.004094258475045505,0.8675300332500634,0.007674595036970507,0.010297888306259963,0.09806188654325707,0.01643559686344901,0.017493056773780286,2.123872699464867e-05,5.825384791435433e-05,0.00041984535223654155,7.39683600757548e-05,0.004087201124925819,3.615738045510907e-05,4.851652283670731e-05,0.00046199974367506315,7.743315783253449e-05,2.053150963683377,0.018614754479407993,0.003524905481451541,309.1473760575555,82.3795680252517,51.50579679726779,79.8075569573119,34.052431631256816,56.55314330349872,61.77794369140718,63.65845399182276,3.87,1.2857721333244985,0.0868903786127142
288.6222222222,68.4594206618,0.95000095000095,0.0023540023540023543,0.004507004507004507,0.03680603680603681,0.006332006332006332,0.017990695382462573,0.0048732583084718515,0.96411472351294,0.001401167655982324,0.0035443714478985726,0.0263272251675452,0.0046125122156336785,0.855466918262466,0.008736087592059483,0.01095471915147751,0.10699309990246558,0.017849175091531617,0.01734509430446843,2.5207980478537103e-05,6.376570704144103e-05,0.00047364508825480784,8.298230221935303e-05,0.004168911267045373,4.2573211441541725e-05,5.3385176121913485e-05,0.0005214050130488493,8.698364081417527e-05,2.053150963683377,0.018614754479407993,0.003524905481451541,309.1473760575555,82.3795680252517,51.50579679726779,79.8075569573119,34.052431631256816,56.55314330349872,61.77794369140718,63.65845399182276,3.87,1.2004899636480695,0.0947318634128842
288.6222222222,70.376468153,0.95000095000095,0.0023540023540023543,0.004507004507004507,0.03680603680603681,0.006332006332006332,0.017913653549049422,0.005037799510460952,0.9599354448250375,0.001651207378953423,0.0038484987351339213,0.029436063351711114,0.005128785709164143,0.8442461463981201,0.009835403862124132,0.011516938057591566,0.11526096672663108,0.019140544955533127,0.017195950988048367,2.957915692420558e-05,6.894067302514398e-05,0.0005273074407304234,9.18752903212822e-05,0.004253142823032995,4.954879276179471e-05,5.80200249085439e-05,0.0005806616417506781,9.642622800694064e-05,2.053150963683377,0.018614754479407993,0.003524905481451541,309.1473760575555,82.3795680252517,51.50579679726779,79.8075569573119,34.052431631256816,56.55314330349872,61.77794369140718,63.65845399182276,3.87,1.1181859344145937,0.10177378156776284
288.6222222222,72.2935156442,0.95000095000095,0.0023540023540023543,0.004507004507004507,0.03680603680603681,0.006332006332006332,0.01783522923275238,0.0052049707932735195,0.9557282445387426,0.0019288396872635416,0.004137885017943344,0.0325623804326773,0.005642650323373197,0.8338122561284612,0.010979208305216806,0.011995271617050234,0.12289640425802026,0.02031685969125158,0.017045632325564497,3.4401297975575676e-05,7.380012783379123e-05,0.0005807575193808903,0.00010063796199762532,0.00433996844022214,5.7146458561919534e-05,6.243503842412928e-05,0.0006396721947613309,0.00010574866130400052,2.053150963683377,0.018614754479407993,0.003524905481451541,309.1473760575555,82.3795680252517,51.50579679726779,79.8075569573119,34.052431631256816,56.55314330349872,61.77794369140718,63.65845399182276,3.87,1.0389053707874034,0.10800404575241607
288.6222222222,74.2105631354,0.95000095000095,0.0023540023540023543,0.004507004507004507,0.03680603680603681,0.006332006332006332,0.017755422261183387,0.005374802639890372,0.9514927743351245,0.0022376223026120377,0.004413478766009291,0.03570250016493967,0.006153624431314564,0.8241151378164082,0.012174593797468979,0.012399062302039231,0.12992665641088527,0.021384549673198302,0.01689415598678501,3.972992884391821e-05,7.836317913126155e-05,0.0006339129662084734,0.00010926020021472457,0.004429456218309249,6.543603888222923e-05,6.664251279316565e-05,0.0006983301358693555,0.00011493773403637303,2.053150963683377,0.018614754479407993,0.003524905481451541,309.1473760575555,82.3795680252517,51.50579679726779,79.8075569573119,34.052431631256816,56.55314330349872,61.77794369140718,63.65845399182276,3.87,0.9626934125943021,0.11340870747670007
299.7,85.8748140171,0.95000095000095,0.0023540023540023543,0.004507004507004507,0.03680603680603681,0.006332006332006332,0.01454377849969492,0.007641864276135385,0.9502556433996356,0.0023362480496525186,0.004489774373994303,0.036617275441816824,0.006301058734900673,0.9010591388551323,0.005765664434759127,0.007817941972028604,0.07307836693691058,0.012278887801169414,0.013820307595689384,3.397787415449049e-05,6.529828400897955e-05,0.0005325535432881023,9.164120255396328e-05,0.00688577164390235,4.406042507217009e-05,5.974365146894481e-05,0.0005584549616534902,9.383359403843112e-05,,0.016043759462599894,0.005304519934169865,309.1473760575555,82.3795680252517,,78.38946219324168,34.052431631256816,56.55314330349872,61.77794369140718,63.65845399182276,3.87,0.09333326700658537,0.07639804777044387
299.7,85.744426179,0.95000095000095,0.0023540023540023543,0.004507004507004507,0.03680603680603681,0.006332006332006332,0.014557413267946712,0.007622007707434953,0.9506430617634507,0.0023093777308941196,0.004463487642520748,0.03633011813480842,0.006253954728325946,0.9014743180753824,0.0057264412141111234,0.0077957261730489304,0.07277287549975649,0.012230639037701203,0.013838903920396743,3.361856602041873e-05,6.497683422854773e-05,0.0005288725437617316,9.104140353927021e-05,0.006871044200425233,4.364697907012815e-05,5.941908497603133e-05,0.0005546754179513481,9.322202501221338e-05,,0.016043759462599894,0.005304519934169865,309.1473760575555,82.3795680252517,,78.38946219324168,34.052431631256816,56.55314330349872,61.77794369140718,63.65845399182276,3.87,0.0950927419954535,0.07718609285643852
299.7,85.6140383409,0.95000095000095,0.0023540023540023543,0.004507004507004507,0.03680603680603681,0.006332006332006332,0.014570972736740635,0.007602234248096721,0.9510294388807861,0.0022827426589552904,0.00443717749791446,0.03604369859040168,0.006206942371942467,0.9018929187287443,0.005687206732758774,0.0077731943538834475,0.07246475070833638,0.012181929476277066,0.013857424025769678,3.3261781048632365e-05,6.465399235019062e-05,0.0005251917494920398,9.044118808009395e-05,0.006856401234875573,4.323547779978501e-05,5.909364433420481e-05,0.000550894009614706,9.260988147245246e-05,,0.016043759462599894,0.005304519934169865,309.1473760575555,82.3795680252517,,78.38946219324168,34.052431631256816,56.55314330349872,61.77794369140718,63.65845399182276,3.87,0.09686815138748078,0.07803040142377851
299.7,85.4836505028,0.95000095000095,0.0023540023540023543,0.004507004507004507,0.03680603680603681,0.006332006332006332,0.014584457621959953,0.007582543142282862,0.9514147846417338,0.0022563402988099125,0.004410843241222339,0.03575801104324994,0.006160020774984121,0.9023149426107367,0.005647961457358846,0.007750344780658404,0.07215399252007038,0.012132758631175598,0.013875868607513522,3.290749946871362e-05,6.432975632871568e-05,0.0005215111967058547,8.984056194314881e-05,0.006841841980272397,4.282591141637424e-05,5.876732366690916e-05,0.0005471107611713886,9.199716575579374e-05,,0.016043759462599894,0.005304519934169865,309.1473760575555,82.3795680252517,,78.38946219324168,34.052431631256816,56.55314330349872,61.77794369140718,63.65845399182276,3.87,0.09865944385919938,0.07874647305819026
299.7,85.3532626647,0.95000095000095,0.0023540023540023543,0.004507004507004507,0.03680603680603681,0.006332006332006332,0.014597869385852244,0.007562932954149101,0.9517991169978332,0.0022301675859599285,0.0043844836185211586,0.03547304373546209,0.006113188062223779,0.9027403767833693,0.005608706801417949,0.007727176732880891,0.0718406118592023,0.01208312782312963,0.013894239191503866,3.2555695128404445e-05,6.400411918758068e-05,0.0005178308591688998,8.923952086349391e-05,0.00682736494461592,4.2418273498604006e-05,5.844011955563908e-05,0.0005433257308761958,9.138388560274297e-05,,0.016043759462599894,0.005304519934169865,309.1473760575555,82.3795680252517,,78.38946219324168,34.052431631256816,56.55314330349872,61.77794369140718,63.65845399182276,3.87,0.10046664920921611,
299.7,85.2228748266,0.95000095000095,0.0023540023540023543,0.004507004507004507,0.03680603680603681,0.006332006332006332,0.014611208916094678,0.007543402722286227,0.9521824476414986,0.0022042219150267763,0.004358097794312444,0.035188789533072556,0.0060664431160895255,0.9031692182686334,0.005569443529124874,0.00770368879045935,0.07152461225828088,0.01203303715350155,0.013912536668728319,3.220634689789052e-05,6.367707734947053e-05,0.0005141507553722088,8.863806774678846e-05,0.006812969139772733,4.2012555479219984e-05,5.811202699359695e-05,0.0005395389548195829,9.07700452210949e-05,,0.016043759462599894,0.005304519934169865,309.1473760575555,82.3795680252517,,78.38946219324168,34.052431631256816,56.55314330349872,61.77794369140718,63.65845399182276,3.87,0.10228974244220072,0.08029988133242792
299.7,85.0924869885,0.95000095000095,0.0023540023540023543,0.004507004507004507,0.03680603680603681,0.006332006332006332,0.014624477149112176,0.007523951540493834,0.9525647887597835,0.0021785006728007434,0.004331684892933043,0.03490524091937877,0.0060197847551038365,0.9036014651418787,0.0055301722951106675,0.0076798794589020055,0.07120599649901636,0.011982486605092397,0.01393076198626632,3.185943330869997e-05,6.334862673385372e-05,0.0005104708982097101,8.80362045935899e-05,0.006798653635646724,4.1608748358994225e-05,5.77830408856127e-05,0.0005357504670511727,9.015564855133166e-05,,0.016043759462599894,0.005304519934169865,309.1473760575555,82.3795680252517,,78.38946219324168,34.052431631256816,56.55314330349872,61.77794369140718,63.65845399182276,3.87,0.10412870026923914,0.08107728479593686
