temperature,pressure,z_carbon dioxide,z_hydrogen,z_nitrogen,z_argon,z_methane,z_oxygen,z_water,z_carbon monoxide,z_nitrogen dioxide,z_nitrogen oxide,z_sulfur dioxide,z_hydrogen sulfide,z_propane,z_ethane,Tc,Pc,Tr,Pr,P_bubble,P_dew,liquid_density,vapor_density,x_carbon dioxide,x_hydrogen,x_nitrogen,x_argon,x_methane,x_oxygen,x_water,x_carbon monoxide,x_nitrogen dioxide,x_nitrogen oxide,x_sulfur dioxide,x_hydrogen sulfide,x_propane,x_ethane,y_carbon dioxide,y_hydrogen,y_nitrogen,y_argon,y_methane,y_oxygen,y_water,y_carbon monoxide,y_nitrogen dioxide,y_nitrogen oxide,y_sulfur dioxide,y_hydrogen sulfide,y_propane,y_ethane,gamma,interfacial_thickness,E_carbon dioxide,E_hydrogen,E_nitrogen,E_argon,E_methane,E_oxygen,E_water,E_carbon monoxide,E_nitrogen dioxide,E_nitrogen oxide,E_sulfur dioxide,E_hydrogen sulfide,E_propane,E_ethane,gamma0_CO2,rhoL0_CO2,rhoV0_CO2,Tc_CO2,Psat_CO2
200.0,2.274564523996958,0.9500000000000001,0.0,0.0,0.0,0.0,0.026879000000000004,0.0,0.0,0.0,0.0,0.0,0.023121000000000003,0.0,0.0,308.91,85.85,0.647437765044835,0.026494636272533,8.891467640344723,2.2645645239969583,1202.0847242841337,6.168770725961092,0.905262822414192,0.0,0.0,0.0,0.0,0.00024810781279436183,0.0,0.0,0.0,0.0,0.0,0.0944890697730138,0.0,0.0,0.9507157116095142,0.0,0.0,0.0,0.0,0.027305044729208642,0.0,0.0,0.0,0.0,0.0,0.021979243661277143,0.0,0.0,20.92385030101849,0.6020820408399061,1.0000000001573461,0.0,0.0,0.0,0.0,4.364078618684727,0.0,0.0,0.0,0.0,0.0,1.0,0.0,0.0,19.912634119959286,1222.376153128829,6.589392400662558,309.1473760575555,2.3922586739869414
200.0,3.008664870257821,0.9500000000000001,0.0,0.0,0.0,0.0,0.026879000000000004,0.0,0.0,0.0,0.0,0.0,0.023121000000000003,0.0,0.0,308.91,85.85,0.647437765044835,0.03504560128430776,8.891467640344723,2.2645645239969583,1216.1380274444562,7.785361660087145,0.9717830155756236,0.0,0.0,0.0,0.0,0.002711083665690951,0.0,0.0,0.0,0.0,0.0,0.02550590075868542,0.0,0.0,0.7809420033252703,0.0,0.0,0.0,0.0,0.21444621286344648,0.0,0.0,0.0,0.0,0.0,0.004611783811283348,0.0,0.0,19.97290094255251,0.6105524686747856,1.0000000006480032,0.0,0.0,0.0,0.0,4.046906116258284,0.0,0.0,0.0,0.0,0.0,1.0000000000599636,0.0,0.0,19.912634119959286,1222.376153128829,6.589392400662558,309.1473760575555,2.3922586739869414
200.0,3.7427652165186838,0.9500000000000001,0.0,0.0,0.0,0.0,0.026879000000000004,0.0,0.0,0.0,0.0,0.0,0.023121000000000003,0.0,0.0,308.91,85.85,0.647437765044835,0.043596566296082516,8.891467640344723,2.2645645239969583,1215.4149492956572,9.27996355276952,0.9699467378334565,0.0,0.0,0.0,0.0,0.005700258569671229,0.0,0.0,0.0,0.0,0.0,0.02435300359687216,0.0,0.0,0.6338914692077,0.0,0.0,0.0,0.0,0.3625118685657112,0.0,0.0,0.0,0.0,0.0,0.003596662226588772,0.0,0.0,19.725751894690404,0.6174520642672641,1.0000000007123058,0.0,0.0,0.0,0.0,3.98605227334248,0.0,0.0,0.0,0.0,0.0,1.0000000000672642,0.0,0.0,19.912634119959286,1222.376153128829,6.589392400662558,309.1473760575555,2.3922586739869414
200.0,4.476865562779547,0.9500000000000001,0.0,0.0,0.0,0.0,0.026879000000000004,0.0,0.0,0.0,0.0,0.0,0.023121000000000003,0.0,0.0,308.91,85.85,0.647437765044835,0.05214753130785727,8.891467640344723,2.2645645239969583,1214.5245720669873,10.781898335809654,0.9673391653879587,0.0,0.0,0.0,0.0,0.008700482903945367,0.0,0.0,0.0,0.0,0.0,0.02396035170809599,0.0,0.0,0.5344313831923361,0.0,0.0,0.0,0.0,0.46256439985598935,0.0,0.0,0.0,0.0,0.0,0.003004216951674569,0.0,0.0,19.48870631956824,0.624910624105371,1.00000000066325,0.0,0.0,0.0,0.0,3.9287931265946647,0.0,0.0,0.0,0.0,0.0,1.000000000038686,0.0,0.0,19.912634119959286,1222.376153128829,6.589392400662558,309.1473760575555,2.3922586739869414
200.0,5.210965909040409,0.9500000000000001,0.0,0.0,0.0,0.0,0.026879000000000004,0.0,0.0,0.0,0.0,0.0,0.023121000000000003,0.0,0.0,308.91,85.85,0.647437765044835,0.06069849631963203,8.891467640344723,2.2645645239969583,1213.5938166495391,12.292223918096372,0.9645580484141733,0.0,0.0,0.0,0.0,0.01170758518386066,0.0,0.0,0.0,0.0,0.0,0.023734366401966186,0.0,0.0,0.4628364288938239,0.0,0.0,0.0,0.0,0.5345679710964304,0.0,0.0,0.0,0.0,0.0,0.0025956000097457376,0.0,0.0,19.255655483033234,0.6319549134677147,1.0000000006398388,0.0,0.0,0.0,0.0,3.873022155066792,0.0,0.0,0.0,0.0,0.0,1.0000000000748026,0.0,0.0,19.912634119959286,1222.376153128829,6.589392400662558,309.1473760575555,2.3922586739869414
200.0,5.945066255301272,0.9500000000000001,0.0,0.0,0.0,0.0,0.026879000000000004,0.0,0.0,0.0,0.0,0.0,0.023121000000000003,0.0,0.0,308.91,85.85,0.647437765044835,0.06924946133140679,8.891467640344723,2.2645645239969583,1212.6447041404647,13.811125912807858,0.9617073919354174,0.0,0.0,0.0,0.0,0.014721005483132765,0.0,0.0,0.0,0.0,0.0,0.023571602581449826,0.0,0.0,0.4088716720238026,0.0,0.0,0.0,0.0,0.588834667047682,0.0,0.0,0.0,0.0,0.0,0.002293660928515425,0.0,0.0,19.025511568140836,0.6388202519064088,1.0000000008502115,0.0,0.0,0.0,0.0,3.818410524366214,0.0,0.0,0.0,0.0,0.0,1.0000000002123917,0.0,0.0,19.912634119959286,1222.376153128829,6.589392400662558,309.1473760575555,2.3922586739869414
200.0,6.679166601562136,0.9500000000000001,0.0,0.0,0.0,0.0,0.026879000000000004,0.0,0.0,0.0,0.0,0.0,0.023121000000000003,0.0,0.0,308.91,85.85,0.647437765044835,0.07780042634318154,8.891467640344723,2.2645645239969583,1211.684115041127,15.338698587427528,0.9588198721968527,0.0,0.0,0.0,0.0,0.01774065203649181,0.0,0.0,0.0,0.0,0.0,0.023439475766655414,0.0,0.0,0.36675666542520574,0.0,0.0,0.0,0.0,0.6311826021137784,0.0,0.0,0.0,0.0,0.0,0.0020607324610157672,0.0,0.0,18.797913647821616,0.6460330620615814,1.0000000007794734,0.0,0.0,0.0,0.0,3.764874079104729,0.0,0.0,0.0,0.0,0.0,1.0000000002370455,0.0,0.0,19.912634119959286,1222.376153128829,6.589392400662558,309.1473760575555,2.3922586739869414
200.0,7.413266947822997,0.9500000000000001,0.0,0.0,0.0,0.0,0.026879000000000004,0.0,0.0,0.0,0.0,0.0,0.023121000000000003,0.0,0.0,308.91,85.85,0.647437765044835,0.08635139135495629,8.891467640344723,2.2645645239969583,1210.7148640838727,16.87502681964734,0.9559089966608273,0.0,0.0,0.0,0.0,0.02076653918325563,0.0,0.0,0.0,0.0,0.0,0.023324464155917043,0.0,0.0,0.3329862348334671,0.0,0.0,0.0,0.0,0.6651383660908063,0.0,0.0,0.0,0.0,0.0,0.0018753990757266064,0.0,0.0,18.5726958519409,0.6528485447488998,1.0000000007377885,0.0,0.0,0.0,0.0,3.7123867117900646,0.0,0.0,0.0,0.0,0.0,1.0000000002173606,0.0,0.0,19.912634119959286,1222.376153128829,6.589392400662558,309.1473760575555,2.3922586739869414
200.0,8.14736729408386,0.9500000000000001,0.0,0.0,0.0,0.0,0.026879000000000004,0.0,0.0,0.0,0.0,0.0,0.023121000000000003,0.0,0.0,308.91,85.85,0.647437765044835,0.09490235636673106,8.891467640344723,2.2645645239969583,1209.7382959364188,18.420199692861644,0.9529813388581428,0.0,0.0,0.0,0.0,0.02379871313537405,0.0,0.0,0.0,0.0,0.0,0.02321994800648316,0.0,0.0,0.3053126878001116,0.0,0.0,0.0,0.0,0.6929629153310408,0.0,0.0,0.0,0.0,0.0,0.0017243968688477084,0.0,0.0,18.349762772354477,0.6596735551948378,1.0000000007715537,0.0,0.0,0.0,0.0,3.660938156833503,0.0,0.0,0.0,0.0,0.0,1.0000000001676603,0.0,0.0,19.912634119959286,1222.376153128829,6.589392400662558,309.1473760575555,2.3922586739869414
200.0,8.881467640344724,0.9500000000000001,0.0,0.0,0.0,0.0,0.026879000000000004,0.0,0.0,0.0,0.0,0.0,0.023121000000000003,0.0,0.0,308.91,85.85,0.647437765044835,0.10345332137850581,8.891467640344723,2.2645645239969583,1208.7551188945815,19.97431248823861,0.9500404679764662,0.0,0.0,0.0,0.0,0.026837227757911513,0.0,0.0,0.0,0.0,0.0,0.023122304265622205,0.0,0.0,0.282228759626682,0.0,0.0,0.0,0.0,0.7161722226508896,0.0,0.0,0.0,0.0,0.0,0.0015990177224283369,0.0,0.0,18.129048628846014,0.6666738434729205,1.0000000008350052,0.0,0.0,0.0,0.0,3.6105216465801773,0.0,0.0,0.0,0.0,0.0,1.000000000173981,0.0,0.0,19.912634119959286,1222.376153128829,6.589392400662558,309.1473760575555,2.3922586739869414
210.0,3.7232238198072123,0.9500000000000001,0.0,0.0,0.0,0.0,0.026879000000000004,0.0,0.0,0.0,0.0,0.0,0.023121000000000003,0.0,0.0,308.91,85.85,0.6798096532970768,0.043368943736834156,10.865310803979337,3.7132238198072125,1173.842799935049,9.781779766938294,0.9114878610534797,0.0,0.0,0.0,0.0,0.00038400063069146385,0.0,0.0,0.0,0.0,0.0,0.08812813831582895,0.0,0.0,0.9504438960170165,0.0,0.0,0.0,0.0,0.027184384873772473,0.0,0.0,0.0,0.0,0.0,0.02237171910921101,0.0,0.0,18.512862259267393,0.6478772766909331,1.0000000000246987,0.0,0.0,0.0,0.0,3.5721186610830604,0.0,0.0,0.0,0.0,0.0,1.0,0.0,0.0,17.573680559456403,1190.8566381540581,10.392958269289368,309.1473760575555,3.8905479503367095
210.0,4.51567792915967,0.9500000000000001,0.0,0.0,0.0,0.0,0.026879000000000004,0.0,0.0,0.0,0.0,0.0,0.023121000000000003,0.0,0.0,308.91,85.85,0.6798096532970768,0.05259962643167933,10.865310803979337,3.7132238198072125,1184.9764711219857,11.536333977890418,0.9707663205992562,0.0,0.0,0.0,0.0,0.002679874872782971,0.0,0.0,0.0,0.0,0.0,0.026553804527960873,0.0,0.0,0.8446799818246243,0.0,0.0,0.0,0.0,0.14960908528617164,0.0,0.0,0.0,0.0,0.0,0.005710932889204195,0.0,0.0,17.67740866847191,0.6557819848949997,1.00000000014297,0.0,0.0,0.0,0.0,3.3467251045778217,0.0,0.0,0.0,0.0,0.0,1.0,0.0,0.0,17.573680559456403,1190.8566381540581,10.392958269289368,309.1473760575555,3.8905479503367095
210.0,5.308132038512129,0.9500000000000001,0.0,0.0,0.0,0.0,0.026879000000000004,0.0,0.0,0.0,0.0,0.0,0.023121000000000003,0.0,0.0,308.91,85.85,0.6798096532970768,0.06183030912652451,10.865310803979337,3.7132238198072125,1184.3147520158784,13.109722513773258,0.9695899562826618,0.0,0.0,0.0,0.0,0.005668327335269007,0.0,0.0,0.0,0.0,0.0,0.02474171638206922,0.0,0.0,0.7261379338588795,0.0,0.0,0.0,0.0,0.26926162395573333,0.0,0.0,0.0,0.0,0.0,0.004600442185387095,0.0,0.0,17.453806634911544,0.6624882408052948,1.000000000147675,0.0,0.0,0.0,0.0,3.3017150338672847,0.0,0.0,0.0,0.0,0.0,1.0,0.0,0.0,17.573680559456403,1190.8566381540581,10.392958269289368,309.1473760575555,3.8905479503367095
210.0,6.100586147864588,0.9500000000000001,0.0,0.0,0.0,0.0,0.026879000000000004,0.0,0.0,0.0,0.0,0.0,0.023121000000000003,0.0,0.0,308.91,85.85,0.6798096532970768,0.0710609918213697,10.865310803979337,3.7132238198072125,1183.4086516725795,14.68839057485279,0.9671534275453485,0.0,0.0,0.0,0.0,0.008675034276537178,0.0,0.0,0.0,0.0,0.0,0.024171538178114436,0.0,0.0,0.6373205871327284,0.0,0.0,0.0,0.0,0.3587080352887422,0.0,0.0,0.0,0.0,0.0,0.0039713775785294525,0.0,0.0,17.244587405832245,0.6693861739566621,1.0000000001124714,0.0,0.0,0.0,0.0,3.2608924876034577,0.0,0.0,0.0,0.0,0.0,1.0,0.0,0.0,17.573680559456403,1190.8566381540581,10.392958269289368,309.1473760575555,3.8905479503367095
210.0,6.893040257217046,0.9500000000000001,0.0,0.0,0.0,0.0,0.026879000000000004,0.0,0.0,0.0,0.0,0.0,0.023121000000000003,0.0,0.0,308.91,85.85,0.6798096532970768,0.08029167451621487,10.865310803979337,3.7132238198072125,1182.4472995708954,16.275413845167705,0.9644474516000856,0.0,0.0,0.0,0.0,0.01168907589777564,0.0,0.0,0.0,0.0,0.0,0.02386347250213875,0.0,0.0,0.5686477448582085,0.0,0.0,0.0,0.0,0.42782942171877486,0.0,0.0,0.0,0.0,0.0,0.0035228334230167383,0.0,0.0,17.039819673575817,0.6759858068192856,1.0000000000780331,0.0,0.0,0.0,0.0,3.221408720420913,0.0,0.0,0.0,0.0,0.0,1.0,0.0,0.0,17.573680559456403,1190.8566381540581,10.392958269289368,309.1473760575555,3.8905479503367095
210.0,7.685494366569504,0.9500000000000001,0.0,0.0,0.0,0.0,0.026879000000000004,0.0,0.0,0.0,0.0,0.0,0.023121000000000003,0.0,0.0,308.91,85.85,0.6798096532970768,0.08952235721106004,10.865310803979337,3.7132238198072125,1181.4622534545356,17.871293981281234,0.9616378426129153,0.0,0.0,0.0,0.0,0.0147088229564893,0.0,0.0,0.0,0.0,0.0,0.023653334430595495,0.0,0.0,0.514027922351232,0.0,0.0,0.0,0.0,0.4827931713365737,0.0,0.0,0.0,0.0,0.0,0.0031789063121943554,0.0,0.0,16.83781928358134,0.6825750501426008,1.0000000000833684,0.0,0.0,0.0,0.0,3.1828016411607996,0.0,0.0,0.0,0.0,0.0,1.0,0.0,0.0,17.573680559456403,1190.8566381540581,10.392958269289368,309.1473760575555,3.8905479503367095
210.0,8.477948475921963,0.9500000000000001,0.0,0.0,0.0,0.0,0.026879000000000004,0.0,0.0,0.0,0.0,0.0,0.023121000000000003,0.0,0.0,308.91,85.85,0.6798096532970768,0.09875303990590523,10.865310803979337,3.7132238198072125,1180.4632159308294,19.47620850234519,0.9587758380621744,0.0,0.0,0.0,0.0,0.017733875457654272,0.0,0.0,0.0,0.0,0.0,0.023490286480171336,0.0,0.0,0.46957383244924805,0.0,0.0,0.0,0.0,0.5275214576805477,0.0,0.0,0.0,0.0,0.0,0.0029047098702042816,0.0,0.0,16.63805060209315,0.6894224572887154,1.0000000001432863,0.0,0.0,0.0,0.0,3.144936058637153,0.0,0.0,0.0,0.0,0.0,1.0,0.0,0.0,17.573680559456403,1190.8566381540581,10.392958269289368,309.1473760575555,3.8905479503367095
210.0,9.270402585274422,0.9500000000000001,0.0,0.0,0.0,0.0,0.026879000000000004,0.0,0.0,0.0,0.0,0.0,0.023121000000000003,0.0,0.0,308.91,85.85,0.6798096532970768,0.1079837226007504,10.865310803979337,3.7132238198072125,1179.4541263748388,21.090266892853435,0.9558824271870003,0.0,0.0,0.0,0.0,0.02076413150398791,0.0,0.0,0.0,0.0,0.0,0.023353441309011673,0.0,0.0,0.4327044463973692,0.0,0.0,0.0,0.0,0.5646152410608679,0.0,0.0,0.0,0.0,0.0,0.002680312541762907,0.0,0.0,16.44028229579798,0.6959902854878784,1.0000000006496528,0.0,0.0,0.0,0.0,3.107760069904847,0.0,0.0,0.0,0.0,0.0,1.0000000002610097,0.0,0.0,17.573680559456403,1190.8566381540581,10.392958269289368,309.1473760575555,3.8905479503367095
210.0,10.06285669462688,0.9500000000000001,0.0,0.0,0.0,0.0,0.026879000000000004,0.0,0.0,0.0,0.0,0.0,0.023121000000000003,0.0,0.0,308.91,85.85,0.6798096532970768,0.11721440529559558,10.865310803979337,3.7132238198072125,1178.4368643107093,22.713564143800042,0.952967775823932,0.0,0.0,0.0,0.0,0.023799583321197783,0.0,0.0,0.0,0.0,0.0,0.023232640854870146,0.0,0.0,0.4016421967185098,0.0,0.0,0.0,0.0,0.5958647541662535,0.0,0.0,0.0,0.0,0.0,0.0024930491152367305,0.0,0.0,16.244392063086124,0.7024499838062696,1.0000000006489427,0.0,0.0,0.0,0.0,3.0712493550902558,0.0,0.0,0.0,0.0,0.0,1.0000000002523564,0.0,0.0,17.573680559456403,1190.8566381540581,10.392958269289368,309.1473760575555,3.8905479503367095
210.0,10.855310803979338,0.9500000000000001,0.0,0.0,0.0,0.0,0.026879000000000004,0.0,0.0,0.0,0.0,0.0,0.023121000000000003,0.0,0.0,308.91,85.85,0.6798096532970768,0.12644508799044074,10.865310803979337,3.7132238198072125,1177.4124234677133,24.34619498910306,0.9500373906473631,0.0,0.0,0.0,0.0,0.026840257362915232,0.0,0.0,0.0,0.0,0.0,0.02312235198972148,0.0,0.0,0.3751239078860357,0.0,0.0,0.0,0.0,0.6225417492722213,0.0,0.0,0.0,0.0,0.0,0.002334342841743015,0.0,0.0,16.050304915227976,0.7092705030260454,1.000000000690536,0.0,0.0,0.0,0.0,3.0353900417865796,0.0,0.0,0.0,0.0,0.0,1.0000000002932607,0.0,0.0,17.573680559456403,1190.8566381540581,10.392958269289368,309.1473760575555,3.8905479503367095
220.0,5.799453189620951,0.9500000000000001,0.0,0.0,0.0,0.0,0.026879000000000004,0.0,0.0,0.0,0.0,0.0,0.023121000000000003,0.0,0.0,308.91,85.85,0.7121815415493186,0.06755332777659814,13.420510852661357,5.789453189620951,1143.9051697108632,14.866154196606395,0.9176853120416748,0.0,0.0,0.0,0.0,0.000574308787673651,0.0,0.0,0.0,0.0,0.0,0.08174037917065162,0.0,0.0,0.9502821178229504,0.0,0.0,0.0,0.0,0.027108648580477557,0.0,0.0,0.0,0.0,0.0,0.02260923359657201,0.0,0.0,16.15280460818435,0.6999694038448666,1.0,0.0,0.0,0.0,0.0,2.9721160620920557,0.0,0.0,0.0,0.0,0.0,1.0,0.0,0.0,15.292125087996885,1157.7035382192419,15.715634367687219,309.1473760575555,6.021849278923348
220.0,6.645126263292107,0.9500000000000001,0.0,0.0,0.0,0.0,0.026879000000000004,0.0,0.0,0.0,0.0,0.0,0.023121000000000003,0.0,0.0,308.91,85.85,0.7121815415493186,0.07740391687003037,13.420510852661357,5.789453189620951,1152.2170923984665,16.77304677390605,0.9692850770657275,0.0,0.0,0.0,0.0,0.002692654907792215,0.0,0.0,0.0,0.0,0.0,0.028022268026480255,0.0,0.0,0.8863513921952793,0.0,0.0,0.0,0.0,0.10670378824206306,0.0,0.0,0.0,0.0,0.0,0.006944819562657757,0.0,0.0,15.434887216767326,0.7080344455171158,1.0,0.0,0.0,0.0,0.0,2.8124949409360323,0.0,0.0,0.0,0.0,0.0,1.0,0.0,0.0,15.292125087996885,1157.7035382192419,15.715634367687219,309.1473760575555,6.021849278923348
220.0,7.4907993369632635,0.9500000000000001,0.0,0.0,0.0,0.0,0.026879000000000004,0.0,0.0,0.0,0.0,0.0,0.023121000000000003,0.0,0.0,308.91,85.85,0.7121815415493186,0.0872545059634626,13.420510852661357,5.789453189620951,1151.6221192844425,18.429676016632545,0.9690624961758335,0.0,0.0,0.0,0.0,0.005663331579253551,0.0,0.0,0.0,0.0,0.0,0.025274172244912917,0.0,0.0,0.7953052417103439,0.0,0.0,0.0,0.0,0.1990470449416459,0.0,0.0,0.0,0.0,0.0,0.005647713348010155,0.0,0.0,15.228126442477913,0.714735709855858,1.000000000001933,0.0,0.0,0.0,0.0,2.777542787613103,0.0,0.0,0.0,0.0,0.0,1.0,0.0,0.0,15.292125087996885,1157.7035382192419,15.715634367687219,309.1473760575555,6.021849278923348
220.0,8.33647241063442,0.9500000000000001,0.0,0.0,0.0,0.0,0.026879000000000004,0.0,0.0,0.0,0.0,0.0,0.023121000000000003,0.0,0.0,308.91,85.85,0.7121815415493186,0.09710509505689481,13.420510852661357,5.789453189620951,1150.6940407679708,20.08606702839767,0.966873256455813,0.0,0.0,0.0,0.0,0.008669313555058344,0.0,0.0,0.0,0.0,0.0,0.02445742998912853,0.0,0.0,0.7210500201655778,0.0,0.0,0.0,0.0,0.2739627419722979,0.0,0.0,0.0,0.0,0.0,0.004987237862124103,0.0,0.0,15.041968816505685,0.7211682321446325,1.0000000000136033,0.0,0.0,0.0,0.0,2.7475629275723747,0.0,0.0,0.0,0.0,0.0,1.0,0.0,0.0,15.292125087996885,1157.7035382192419,15.715634367687219,309.1473760575555,6.021849278923348
220.0,9.182145484305575,0.9500000000000001,0.0,0.0,0.0,0.0,0.026879000000000004,0.0,0.0,0.0,0.0,0.0,0.023121000000000003,0.0,0.0,308.91,85.85,0.7121815415493186,0.10695568415032704,13.420510852661357,5.789453189620951,1149.6938835661724,21.750131478480284,0.9642776418371255,0.0,0.0,0.0,0.0,0.011685277270294486,0.0,0.0,0.0,0.0,0.0,0.024037080892580023,0.0,0.0,0.660058363105152,0.0,0.0,0.0,0.0,0.3354238485843367,0.0,0.0,0.0,0.0,0.0,0.0045177883105113024,0.0,0.0,14.861189022758133,0.7275493528288883,1.000000000065882,0.0,0.0,0.0,0.0,2.7189067591602187,0.0,0.0,0.0,0.0,0.0,1.0,0.0,0.0,15.292125087996885,1157.7035382192419,15.715634367687219,309.1473760575555,6.021849278923348
220.0,10.027818557976733,0.9500000000000001,0.0,0.0,0.0,0.0,0.026879000000000004,0.0,0.0,0.0,0.0,0.0,0.023121000000000003,0.0,0.0,308.91,85.85,0.7121815415493186,0.11680627324375928,13.420510852661357,5.789453189620951,1148.664024436995,23.423155450803648,0.9615299388007391,0.0,0.0,0.0,0.0,0.01470730311670187,0.0,0.0,0.0,0.0,0.0,0.023762758082559145,0.0,0.0,0.6091807736405687,0.0,0.0,0.0,0.0,0.3866682744219327,0.0,0.0,0.0,0.0,0.0,0.004150951937498621,0.0,0.0,14.683287352283436,0.7342504707955918,1.0000000002104208,0.0,0.0,0.0,0.0,2.6909848361999544,0.0,0.0,0.0,0.0,0.0,1.0,0.0,0.0,15.292125087996885,1157.7035382192419,15.715634367687219,309.1473760575555,6.021849278923348
220.0,10.873491631647887,0.9500000000000001,0.0,0.0,0.0,0.0,0.026879000000000004,0.0,0.0,0.0,0.0,0.0,0.023121000000000003,0.0,0.0,308.91,85.85,0.7121815415493186,0.12665686233719148,13.420510852661357,5.789453189620951,1147.617302033376,25.10555183735515,0.9587075807659636,0.0,0.0,0.0,0.0,0.017734315480263652,0.0,0.0,0.0,0.0,0.0,0.023558103753772718,0.0,0.0,0.5661330295295695,0.0,0.0,0.0,0.0,0.43001535174310795,0.0,0.0,0.0,0.0,0.0,0.0038516187273225275,0.0,0.0,14.507489638047673,0.7407427144222929,1.00000000029028,0.0,0.0,0.0,0.0,2.663619868188388,0.0,0.0,0.0,0.0,0.0,1.0000000000001752,0.0,0.0,15.292125087996885,1157.7035382192419,15.715634367687219,309.1473760575555,6.021849278923348
220.0,11.719164705319045,0.9500000000000001,0.0,0.0,0.0,0.0,0.026879000000000004,0.0,0.0,0.0,0.0,0.0,0.023121000000000003,0.0,0.0,308.91,85.85,0.7121815415493186,0.1365074514306237,13.420510852661357,5.789453189620951,1146.558885901901,26.797521971378004,0.9558420143646879,0.0,0.0,0.0,0.0,0.020765950626705613,0.0,0.0,0.0,0.0,0.0,0.023392035008606506,0.0,0.0,0.5292571016546688,0.0,0.0,0.0,0.0,0.4671418871634766,0.0,0.0,0.0,0.0,0.0,0.0036010111818544997,0.0,0.0,14.333471890091179,0.7470493705046373,1.000000000210099,0.0,0.0,0.0,0.0,2.636740646525408,0.0,0.0,0.0,0.0,0.0,1.0,0.0,0.0,15.292125087996885,1157.7035382192419,15.715634367687219,309.1473760575555,6.021849278923348
220.0,12.564837778990201,0.9500000000000001,0.0,0.0,0.0,0.0,0.026879000000000004,0.0,0.0,0.0,0.0,0.0,0.023121000000000003,0.0,0.0,308.91,85.85,0.7121815415493186,0.14635804052405593,13.420510852661357,5.789453189620951,1145.49123158645,28.49920213739013,0.952948387165123,0.0,0.0,0.0,0.0,0.023802082357916747,0.0,0.0,0.0,0.0,0.0,0.023249530476960305,0.0,0.0,0.49732787324212563,0.0,0.0,0.0,0.0,0.4992846831398424,0.0,0.0,0.0,0.0,0.0,0.0033874436180318865,0.0,0.0,14.16107043295738,0.7536946011940202,1.0000000001105447,0.0,0.0,0.0,0.0,2.610312710023931,0.0,0.0,0.0,0.0,0.0,1.0,0.0,0.0,15.292125087996885,1157.7035382192419,15.715634367687219,309.1473760575555,6.021849278923348
220.0,13.410510852661357,0.9500000000000001,0.0,0.0,0.0,0.0,0.026879000000000004,0.0,0.0,0.0,0.0,0.0,0.023121000000000003,0.0,0.0,308.91,85.85,0.7121815415493186,0.15620862961748816,13.420510852661357,5.789453189620951,1144.4156358685302,30.21070742096029,0.9500348766645738,0.0,0.0,0.0,0.0,0.026842677836969624,0.0,0.0,0.0,0.0,0.0,0.0231224454984566,0.0,0.0,0.46942264409167594,0.0,0.0,0.0,0.0,0.5273743679869077,0.0,0.0,0.0,0.0,0.0,0.0032029879214164796,0.0,0.0,13.990190631906835,0.7602741031943004,1.0000000000416989,0.0,0.0,0.0,0.0,2.5843166922124694,0.0,0.0,0.0,0.0,0.0,1.0,0.0,0.0,15.292125087996885,1157.7035382192419,15.715634367687219,309.1473760575555,6.021849278923348
230.0,8.661760222143075,0.9500000000000001,0.0,0.0,0.0,0.0,0.026879000000000004,0.0,0.0,0.0,0.0,0.0,0.023121000000000003,0.0,0.0,308.91,85.85,0.7445534298015603,0.10089412023463104,16.702443515169023,8.651760222143075,1111.7759883005017,21.831610682373427,0.9236178124413651,0.0,0.0,0.0,0.0,0.0008354350396315102,0.0,0.0,0.0,0.0,0.0,0.0755467525190034,0.0,0.0,0.9501815463195937,0.0,0.0,0.0,0.0,0.027058216122891495,0.0,0.0,0.0,0.0,0.0,0.022760237557514783,0.0,0.0,13.8533150919955,0.7607433685576155,1.0,0.0,0.0,0.0,0.0,2.5096373534894085,0.0,0.0,0.0,0.0,0.0,1.0,0.0,0.0,13.07457663241674,1122.454729495443,22.974460145533122,309.1473760575555,8.939933858638554
230.0,9.554058365812624,0.9500000000000001,0.0,0.0,0.0,0.0,0.026879000000000004,0.0,0.0,0.0,0.0,0.0,0.023121000000000003,0.0,0.0,308.91,85.85,0.7445534298015603,0.11128780857091002,16.702443515169023,8.651760222143075,1117.4493389664387,23.905104794015013,0.9672877340604653,0.0,0.0,0.0,0.0,0.002782826952288019,0.0,0.0,0.0,0.0,0.0,0.02992943898724669,0.0,0.0,0.912579510445177,0.0,0.0,0.0,0.0,0.07903682407858502,0.0,0.0,0.0,0.0,0.0,0.008383665476237864,0.0,0.0,13.252308066238704,0.7688490956095827,1.0,0.0,0.0,0.0,0.0,2.3976494726540167,0.0,0.0,0.0,0.0,0.0,1.0,0.0,0.0,13.07457663241674,1122.454729495443,22.974460145533122,309.1473760575555,8.939933858638554
230.0,10.446356509482174,0.9500000000000001,0.0,0.0,0.0,0.0,0.026879000000000004,0.0,0.0,0.0,0.0,0.0,0.023121000000000003,0.0,0.0,308.91,85.85,0.7445534298015603,0.12168149690718898,16.702443515169023,8.651760222143075,1116.895881140684,25.656338708189004,0.9683147004132323,0.0,0.0,0.0,0.0,0.0057073836191783335,0.0,0.0,0.0,0.0,0.0,0.0259779159675894,0.0,0.0,0.8451480093279747,0.0,0.0,0.0,0.0,0.14808688618905055,0.0,0.0,0.0,0.0,0.0,0.006765104482974817,0.0,0.0,13.057382343541729,0.7753415210563177,1.0,0.0,0.0,0.0,0.0,2.369267487706604,0.0,0.0,0.0,0.0,0.0,1.0,0.0,0.0,13.07457663241674,1122.454729495443,22.974460145533122,309.1473760575555,8.939933858638554
230.0,11.338654653151725,0.9500000000000001,0.0,0.0,0.0,0.0,0.026879000000000004,0.0,0.0,0.0,0.0,0.0,0.023121000000000003,0.0,0.0,308.91,85.85,0.7445534298015603,0.13207518524346798,16.702443515169023,8.651760222143075,1115.9325075719285,27.39505124008051,0.9664662431031921,0.0,0.0,0.0,0.0,0.008700410257165466,0.0,0.0,0.0,0.0,0.0,0.024833346639642383,0.0,0.0,0.7858486333570333,0.0,0.0,0.0,0.0,0.2081006867701668,0.0,0.0,0.0,0.0,0.0,0.006050679872799995,0.0,0.0,12.890679990525275,0.7819992174717584,1.0,0.0,0.0,0.0,0.0,2.346635822807352,0.0,0.0,0.0,0.0,0.0,1.0,0.0,0.0,13.07457663241674,1122.454729495443,22.974460145533122,309.1473760575555,8.939933858638554
230.0,12.230952796821274,0.9500000000000001,0.0,0.0,0.0,0.0,0.026879000000000004,0.0,0.0,0.0,0.0,0.0,0.023121000000000003,0.0,0.0,308.91,85.85,0.7445534298015603,0.14246887357974694,16.702443515169023,8.651760222143075,1114.8813033570702,29.139400456388948,0.9640258935463636,0.0,0.0,0.0,0.0,0.011709721458336637,0.0,0.0,0.0,0.0,0.0,0.02426438499529971,0.0,0.0,0.7346268685077332,0.0,0.0,0.0,0.0,0.2598092593946678,0.0,0.0,0.0,0.0,0.0,0.005563872097598957,0.0,0.0,12.730704690217264,0.7884815736495618,1.0,0.0,0.0,0.0,0.0,2.325385583076701,0.0,0.0,0.0,0.0,0.0,1.0,0.0,0.0,13.07457663241674,1122.454729495443,22.974460145533122,309.1473760575555,8.939933858638554
230.0,13.123250940490824,0.9500000000000001,0.0,0.0,0.0,0.0,0.026879000000000004,0.0,0.0,0.0,0.0,0.0,0.023121000000000003,0.0,0.0,308.91,85.85,0.7445534298015603,0.1528625619160259,16.702443515169023,8.651760222143075,1113.7946873250064,30.89238776777673,0.9613674686232554,0.0,0.0,0.0,0.0,0.014726963917015739,0.0,0.0,0.0,0.0,0.0,0.02390556745972894,0.0,0.0,0.6901320651853287,0.0,0.0,0.0,0.0,0.30468267162994184,0.0,0.0,0.0,0.0,0.0,0.005185263184729566,0.0,0.0,12.573924733503274,0.794818091503474,1.0,0.0,0.0,0.0,0.0,2.3048036944940113,0.0,0.0,0.0,0.0,0.0,1.0,0.0,0.0,13.07457663241674,1122.454729495443,22.974460145533122,309.1473760575555,8.939933858638554
230.0,14.015549084160373,0.9500000000000001,0.0,0.0,0.0,0.0,0.026879000000000004,0.0,0.0,0.0,0.0,0.0,0.023121000000000003,0.0,0.0,308.91,85.85,0.7445534298015603,0.1632562502523049,16.702443515169023,8.651760222143075,1112.688400258282,32.654954259242984,0.9586038701504033,0.0,0.0,0.0,0.0,0.017749735334206835,0.0,0.0,0.0,0.0,0.0,0.023646394515389822,0.0,0.0,0.6511806794139274,0.0,0.0,0.0,0.0,0.34394569408008985,0.0,0.0,0.0,0.0,0.0,0.004873626505982736,0.0,0.0,12.419262778020764,0.801368056874329,1.0,0.0,0.0,0.0,0.0,2.2846749059040854,0.0,0.0,0.0,0.0,0.0,1.0,0.0,0.0,13.07457663241674,1122.454729495443,22.974460145533122,309.1473760575555,8.939933858638554
230.0,14.907847227829922,0.9500000000000001,0.0,0.0,0.0,0.0,0.026879000000000004,0.0,0.0,0.0,0.0,0.0,0.023121000000000003,0.0,0.0,308.91,85.85,0.7445534298015603,0.17364993858858385,16.702443515169023,8.651760222143075,1111.5687387152168,34.427520110781366,0.9557806693815376,0.0,0.0,0.0,0.0,0.02077714580618702,0.0,0.0,0.0,0.0,0.0,0.023442184812275415,0.0,0.0,0.6168251625685882,0.0,0.0,0.0,0.0,0.3785656551037859,0.0,0.0,0.0,0.0,0.0,0.004609182327625946,0.0,0.0,12.266276056436464,0.8079861794156735,1.0,0.0,0.0,0.0,0.0,2.2649119835242693,0.0,0.0,0.0,0.0,0.0,1.0,0.0,0.0,13.07457663241674,1122.454729495443,22.974460145533122,309.1473760575555,8.939933858638554
230.0,15.800145371499472,0.9500000000000001,0.0,0.0,0.0,0.0,0.026879000000000004,0.0,0.0,0.0,0.0,0.0,0.023121000000000003,0.0,0.0,308.91,85.85,0.7445534298015603,0.1840436269248628,16.702443515169023,8.651760222143075,1110.4386794074412,36.21033010872479,0.9529197240067826,0.0,0.0,0.0,0.0,0.02380882419842581,0.0,0.0,0.0,0.0,0.0,0.023271451794791502,0.0,0.0,0.5863139521218059,0.0,0.0,0.0,0.0,0.40930559270941463,0.0,0.0,0.0,0.0,0.0,0.004380455168779455,0.0,0.0,12.114746061552891,0.8144786868236984,1.0,0.0,0.0,0.0,0.0,2.2454724876750247,0.0,0.0,0.0,0.0,0.0,1.0,0.0,0.0,13.07457663241674,1122.454729495443,22.974460145533122,309.1473760575555,8.939933858638554
230.0,16.69244351516902,0.9500000000000001,0.0,0.0,0.0,0.0,0.026879000000000004,0.0,0.0,0.0,0.0,0.0,0.023121000000000003,0.0,0.0,308.91,85.85,0.7445534298015603,0.19443731526114177,16.702443515169023,8.651760222143075,1109.2997888977993,38.00356037929059,0.9500327991937912,0.0,0.0,0.0,0.0,0.026844611735951165,0.0,0.0,0.0,0.0,0.0,0.0231225890702576,0.0,0.0,0.5590476411916735,0.0,0.0,0.0,0.0,0.4367723964898214,0.0,0.0,0.0,0.0,0.0,0.0041799623185050615,0.0,0.0,11.964550442967441,0.8209278896547296,1.0,0.0,0.0,0.0,0.0,2.226332820888753,0.0,0.0,0.0,0.0,0.0,1.0,0.0,0.0,13.07457663241674,1122.454729495443,22.974460145533122,309.1473760575555,8.939933858638554
240.0,12.483487548537136,0.9500000000000001,0.0,0.0,0.0,0.0,0.026879000000000004,0.0,0.0,0.0,0.0,0.0,0.023121000000000003,0.0,0.0,308.91,85.85,0.776925318053802,0.1454104548460936,20.866712266704514,12.473487548537136,1076.8800355954631,31.201692069202124,0.9292071160447472,0.0,0.0,0.0,0.0,0.0011895178309508166,0.0,0.0,0.0,0.0,0.0,0.06960336612430201,0.0,0.0,0.9501165303012516,0.0,0.0,0.0,0.0,0.02702297248128746,0.0,0.0,0.0,0.0,0.0,0.02286049721746082,0.0,0.0,11.623989861089576,0.8323827045440993,1.0,0.0,0.0,0.0,0.0,2.147619632122635,0.0,0.0,0.0,0.0,0.0,1.0,0.0,0.0,10.929530438687102,1084.5239266392234,32.702949864390106,309.1473760575555,12.810833440082819
240.0,13.413845850555733,0.9500000000000001,0.0,0.0,0.0,0.0,0.026879000000000004,0.0,0.0,0.0,0.0,0.0,0.023121000000000003,0.0,0.0,308.91,85.85,0.776925318053802,0.15624747641882042,20.866712266704514,12.473487548537136,1080.1759730158403,33.45321003263798,0.9648786522091861,0.0,0.0,0.0,0.0,0.0029924866029741154,0.0,0.0,0.0,0.0,0.0,0.03212886118783973,0.0,0.0,0.9284240660617181,0.0,0.0,0.0,0.0,0.061517475839358654,0.0,0.0,0.0,0.0,0.0,0.010058458098923195,0.0,0.0,11.136399103458462,0.8411381473059556,1.0,0.0,0.0,0.0,0.0,2.0703200314202053,0.0,0.0,0.0,0.0,0.0,1.0,0.0,0.0,10.929530438687102,1084.5239266392234,32.702949864390106,309.1473760575555,12.810833440082819
240.0,14.344204152574331,0.9500000000000001,0.0,0.0,0.0,0.0,0.026879000000000004,0.0,0.0,0.0,0.0,0.0,0.023121000000000003,0.0,0.0,308.91,85.85,0.776925318053802,0.16708449799154726,20.866712266704514,12.473487548537136,1079.582803351163,35.31946104810239,0.9673005191849922,0.0,0.0,0.0,0.0,0.005831294024856092,0.0,0.0,0.0,0.0,0.0,0.026868186790151648,0.0,0.0,0.8801718882977193,0.0,0.0,0.0,0.0,0.11183145421212888,0.0,0.0,0.0,0.0,0.0,0.007996657490151927,0.0,0.0,10.95123264705037,0.8479126912444223,1.0,0.0,0.0,0.0,0.0,2.046599160651453,0.0,0.0,0.0,0.0,0.0,1.0,0.0,0.0,10.929530438687102,1084.5239266392234,32.702949864390106,309.1473760575555,12.810833440082819
240.0,15.274562454592928,0.9500000000000001,0.0,0.0,0.0,0.0,0.026879000000000004,0.0,0.0,0.0,0.0,0.0,0.023121000000000003,0.0,0.0,308.91,85.85,0.776925318053802,0.17792151956427407,20.866712266704514,12.473487548537136,1078.5581985437602,37.150092112477125,0.9658949184919206,0.0,0.0,0.0,0.0,0.008792049403395393,0.0,0.0,0.0,0.0,0.0,0.025313032104684018,0.0,0.0,0.8344391851310241,0.0,0.0,0.0,0.0,0.15837654435676793,0.0,0.0,0.0,0.0,0.0,0.007184270512207992,0.0,0.0,10.801404519089875,0.8548403353724616,1.0,0.0,0.0,0.0,0.0,2.029075213915451,0.0,0.0,0.0,0.0,0.0,1.0,0.0,0.0,10.929530438687102,1084.5239266392234,32.702949864390106,309.1473760575555,12.810833440082819
240.0,16.204920756611525,0.9500000000000001,0.0,0.0,0.0,0.0,0.026879000000000004,0.0,0.0,0.0,0.0,0.0,0.023121000000000003,0.0,0.0,308.91,85.85,0.776925318053802,0.18875854113700088,20.866712266704514,12.473487548537136,1077.4370629290863,38.98172588224627,0.9636642467473081,0.0,0.0,0.0,0.0,0.01178105517489687,0.0,0.0,0.0,0.0,0.0,0.024554698077794975,0.0,0.0,0.793189459107116,0.0,0.0,0.0,0.0,0.20014262280904646,0.0,0.0,0.0,0.0,0.0,0.006667918083837524,0.0,0.0,10.659937253888124,0.8616142481709539,1.0,0.0,0.0,0.0,0.0,2.013015459213075,0.0,0.0,0.0,0.0,0.0,1.0,0.0,0.0,10.929530438687102,1084.5239266392234,32.702949864390106,309.1473760575555,12.810833440082819
240.0,17.135279058630122,0.9500000000000001,0.0,0.0,0.0,0.0,0.026879000000000004,0.0,0.0,0.0,0.0,0.0,0.023121000000000003,0.0,0.0,308.91,85.85,0.776925318053802,0.1995955627097277,20.866712266704514,12.473487548537136,1076.2769584565096,40.820807105116984,0.961129955495236,0.0,0.0,0.0,0.0,0.014782185808444882,0.0,0.0,0.0,0.0,0.0,0.024087858696319128,0.0,0.0,0.7561110362305825,0.0,0.0,0.0,0.0,0.2376110886876622,0.0,0.0,0.0,0.0,0.0,0.006277875081755188,0.0,0.0,10.522140859921299,0.868274417484011,1.0,0.0,0.0,0.0,0.0,1.9976000435362464,0.0,0.0,0.0,0.0,0.0,1.0,0.0,0.0,10.929530438687102,1084.5239266392234,32.702949864390106,309.1473760575555,12.810833440082819
240.0,18.065637360648722,0.9500000000000001,0.0,0.0,0.0,0.0,0.026879000000000004,0.0,0.0,0.0,0.0,0.0,0.023121000000000003,0.0,0.0,308.91,85.85,0.776925318053802,0.21043258428245457,20.866712266704514,12.473487548537136,1075.095226220618,42.66935284095908,0.9584503511236899,0.0,0.0,0.0,0.0,0.01779065752503346,0.0,0.0,0.0,0.0,0.0,0.023758991351276633,0.0,0.0,0.722694079774866,0.0,0.0,0.0,0.0,0.2713462439470632,0.0,0.0,0.0,0.0,0.0,0.005959676278070742,0.0,0.0,10.386583605023933,0.8749251396675788,1.0,0.0,0.0,0.0,0.0,1.9825796418091626,0.0,0.0,0.0,0.0,0.0,1.0,0.0,0.0,10.929530438687102,1084.5239266392234,32.702949864390106,309.1473760575555,12.810833440082819
240.0,18.99599566266732,0.9500000000000001,0.0,0.0,0.0,0.0,0.026879000000000004,0.0,0.0,0.0,0.0,0.0,0.023121000000000003,0.0,0.0,308.91,85.85,0.776925318053802,0.22126960585518138,20.866712266704514,12.473487548537136,1073.8987873879657,44.52823393503014,0.9556892980498358,0.0,0.0,0.0,0.0,0.020804620430709575,0.0,0.0,0.0,0.0,0.0,0.023506081519454616,0.0,0.0,0.6924607735322728,0.0,0.0,0.0,0.0,0.30184983152315636,0.0,0.0,0.0,0.0,0.0,0.005689394944570987,0.0,0.0,10.252681640958567,0.8818689744316338,1.0,0.0,0.0,0.0,0.0,1.9678530314547766,0.0,0.0,0.0,0.0,0.0,1.0,0.0,0.0,10.929530438687102,1084.5239266392234,32.702949864390106,309.1473760575555,12.810833440082819
240.0,19.926353964685916,0.9500000000000001,0.0,0.0,0.0,0.0,0.026879000000000004,0.0,0.0,0.0,0.0,0.0,0.023121000000000003,0.0,0.0,308.91,85.85,0.776925318053802,0.2321066274279082,20.866712266704514,12.473487548537136,1072.6909021211868,46.39792289565805,0.9528773883196067,0.0,0.0,0.0,0.0,0.023823247558235845,0.0,0.0,0.0,0.0,0.0,0.02329936412215746,0.0,0.0,0.6649980302057323,0.0,0.0,0.0,0.0,0.3295477288511227,0.0,0.0,0.0,0.0,0.0,0.005454240943144973,0.0,0.0,10.120150395412722,0.8887140856074467,1.0,0.0,0.0,0.0,0.0,1.9533710621324307,0.0,0.0,0.0,0.0,0.0,1.0,0.0,0.0,10.929530438687102,1084.5239266392234,32.702949864390106,309.1473760575555,12.810833440082819
240.0,20.856712266704513,0.9500000000000001,0.0,0.0,0.0,0.0,0.026879000000000004,0.0,0.0,0.0,0.0,0.0,0.023121000000000003,0.0,0.0,308.91,85.85,0.776925318053802,0.242943649000635,20.866712266704514,12.473487548537136,1071.4732780017023,48.27872754877771,0.9500310690259473,0.0,0.0,0.0,0.0,0.02684613979226785,0.0,0.0,0.0,0.0,0.0,0.02312279118178495,0.0,0.0,0.639955480273489,0.0,0.0,0.0,0.0,0.35479810958978425,0.0,0.0,0.0,0.0,0.0,0.005246410136726709,0.0,0.0,9.988833240265791,0.8954712902396842,1.0,0.0,0.0,0.0,0.0,1.9391066491403817,0.0,0.0,0.0,0.0,0.0,1.0,0.0,0.0,10.929530438687102,1084.5239266392234,32.702949864390106,309.1473760575555,12.810833440082819
250.0,17.45364108900166,0.9500000000000001,0.0,0.0,0.0,0.0,0.026879000000000004,0.0,0.0,0.0,0.0,0.0,0.023121000000000003,0.0,0.0,308.91,85.85,0.8092972063060437,0.20330391483985627,26.077659793193043,17.44364108900166,1038.4653422053434,43.680392578361285,0.9344394170839632,0.0,0.0,0.0,0.0,0.0016680827666951316,0.0,0.0,0.0,0.0,0.0,0.06389250014934178,0.0,0.0,0.9500730108755423,0.0,0.0,0.0,0.0,0.02699729062897965,0.0,0.0,0.0,0.0,0.0,0.022929698495478063,0.0,0.0,9.475994208430953,0.9197959278762667,1.0,0.0,0.0,0.0,0.0,1.86036773345565,0.0,0.0,0.0,0.0,0.0,1.0,0.0,0.0,8.867997289596042,1043.1279606987764,45.61929334068271,309.1473760575555,17.81267416850522
250.0,18.410754278356258,0.9500000000000001,0.0,0.0,0.0,0.0,0.026879000000000004,0.0,0.0,0.0,0.0,0.0,0.023121000000000003,0.0,0.0,308.91,85.85,0.8092972063060437,0.21445258332389353,26.077659793193043,17.44364108900166,1039.7260335986805,46.11742545282767,0.9623651656782809,0.0,0.0,0.0,0.0,0.0033683834882811004,0.0,0.0,0.0,0.0,0.0,0.03426645083343799,0.0,0.0,0.9375769009870778,0.0,0.0,0.0,0.0,0.050499768567052045,0.0,0.0,0.0,0.0,0.0,0.011923330445870212,0.0,0.0,9.094279081775921,0.9295675386967204,1.0,0.0,0.0,0.0,0.0,1.808143446066452,0.0,0.0,0.0,0.0,0.0,1.0,0.0,0.0,8.867997289596042,1043.1279606987764,45.61929334068271,309.1473760575555,17.81267416850522
250.0,19.367867467710855,0.9500000000000001,0.0,0.0,0.0,0.0,0.026879000000000004,0.0,0.0,0.0,0.0,0.0,0.023121000000000003,0.0,0.0,308.91,85.85,0.8092972063060437,0.22560125180793078,26.077659793193043,17.44364108900166,1038.9498978887218,48.128189625128975,0.9659940754524432,0.0,0.0,0.0,0.0,0.006077976563886801,0.0,0.0,0.0,0.0,0.0,0.027927947983670036,0.0,0.0,0.9043181558353447,0.0,0.0,0.0,0.0,0.08629031851598926,0.0,0.0,0.0,0.0,0.0,0.009391525648666027,0.0,0.0,8.92096011072626,0.9373018169085549,1.0,0.0,0.0,0.0,0.0,1.7882946534224842,0.0,0.0,0.0,0.0,0.0,1.0,0.0,0.0,8.867997289596042,1043.1279606987764,45.61929334068271,309.1473760575555,17.81267416850522
250.0,20.324980657065453,0.9500000000000001,0.0,0.0,0.0,0.0,0.026879000000000004,0.0,0.0,0.0,0.0,0.0,0.023121000000000003,0.0,0.0,308.91,85.85,0.8092972063060437,0.236749920291968,26.077659793193043,17.44364108900166,1037.8183894666874,50.06757061566544,0.9651185142917165,0.0,0.0,0.0,0.0,0.008977991701578921,0.0,0.0,0.0,0.0,0.0,0.02590349400670471,0.0,0.0,0.870165352845737,0.0,0.0,0.0,0.0,0.12140685198562894,0.0,0.0,0.0,0.0,0.0,0.008427795168634076,0.0,0.0,8.786544014348785,0.9445764242400606,1.0,0.0,0.0,0.0,0.0,1.7744330031603905,0.0,0.0,0.0,0.0,0.0,1.0,0.0,0.0,8.867997289596042,1043.1279606987764,45.61929334068271,309.1473760575555,17.81267416850522
250.0,21.282093846420054,0.9500000000000001,0.0,0.0,0.0,0.0,0.026879000000000004,0.0,0.0,0.0,0.0,0.0,0.023121000000000003,0.0,0.0,308.91,85.85,0.8092972063060437,0.2478985887760053,26.077659793193043,17.44364108900166,1036.5979318460365,51.998850714597545,0.9631583271397419,0.0,0.0,0.0,0.0,0.011925868038301054,0.0,0.0,0.0,0.0,0.0,0.024915804821956992,0.0,0.0,0.8380966259374065,0.0,0.0,0.0,0.0,0.15404607082494182,0.0,0.0,0.0,0.0,0.0,0.007857303237651632,0.0,0.0,8.66207973013379,0.9516955903401161,1.0,0.0,0.0,0.0,0.0,1.7620916472228003,0.0,0.0,0.0,0.0,0.0,1.0,0.0,0.0,8.867997289596042,1043.1279606987764,45.61929334068271,309.1473760575555,17.81267416850522
250.0,22.239207035774648,0.9500000000000001,0.0,0.0,0.0,0.0,0.026879000000000004,0.0,0.0,0.0,0.0,0.0,0.023121000000000003,0.0,0.0,308.91,85.85,0.8092972063060437,0.2590472572600425,26.077659793193043,17.44364108900166,1035.3401523954756,53.93474658017804,0.9607909776240953,0.0,0.0,0.0,0.0,0.014893445327853574,0.0,0.0,0.0,0.0,0.0,0.024315577048051134,0.0,0.0,0.8084015539390087,0.0,0.0,0.0,0.0,0.18415260169531217,0.0,0.0,0.0,0.0,0.0,0.007445844365679231,0.0,0.0,8.541838317149153,0.9589928840107312,1.0,0.0,0.0,0.0,0.0,1.750388785632669,0.0,0.0,0.0,0.0,0.0,1.0,0.0,0.0,8.867997289596042,1043.1279606987764,45.61929334068271,309.1473760575555,17.81267416850522
250.0,23.19632022512925,0.9500000000000001,0.0,0.0,0.0,0.0,0.026879000000000004,0.0,0.0,0.0,0.0,0.0,0.023121000000000003,0.0,0.0,308.91,85.85,0.8092972063060437,0.2701959257440798,26.077659793193043,17.44364108900166,1034.0609614338712,55.87932839944834,0.9582280477046775,0.0,0.0,0.0,0.0,0.01787202368297013,0.0,0.0,0.0,0.0,0.0,0.023899928612352433,0.0,0.0,0.7809637061502194,0.0,0.0,0.0,0.0,0.2119175352722213,0.0,0.0,0.0,0.0,0.0,0.007118758577559287,0.0,0.0,8.42402590588015,0.9663573164806394,1.0,0.0,0.0,0.0,0.0,1.7390475048535383,0.0,0.0,0.0,0.0,0.0,1.0,0.0,0.0,8.867997289596042,1043.1279606987764,45.61929334068271,309.1473760575555,17.81267416850522
250.0,24.153433414483846,0.9500000000000001,0.0,0.0,0.0,0.0,0.026879000000000004,0.0,0.0,0.0,0.0,0.0,0.023121000000000003,0.0,0.0,308.91,85.85,0.8092972063060437,0.28134459422811703,26.077659793193043,17.44364108900166,1032.7667377064097,57.83433737455558,0.9555557246660037,0.0,0.0,0.0,0.0,0.020858134763903236,0.0,0.0,0.0,0.0,0.0,0.023586140570093,0.0,0.0,0.7555907626303112,0.0,0.0,0.0,0.0,0.23756471414594463,0.0,0.0,0.0,0.0,0.0,0.0068445232237442,0.0,0.0,8.307907014716767,0.973658181712321,1.0,0.0,0.0,0.0,0.0,1.727957818049271,0.0,0.0,0.0,0.0,0.0,1.0,0.0,0.0,8.867997289596042,1043.1279606987764,45.61929334068271,309.1473760575555,17.81267416850522
250.0,25.110546603838444,0.9500000000000001,0.0,0.0,0.0,0.0,0.026879000000000004,0.0,0.0,0.0,0.0,0.0,0.023121000000000003,0.0,0.0,308.91,85.85,0.8092972063060437,0.29249326271215426,26.077659793193043,17.44364108900166,1031.460477687911,59.80068693629175,0.9528154695907954,0.0,0.0,0.0,0.0,0.023850169841747506,0.0,0.0,0.0,0.0,0.0,0.023334360567457114,0.0,0.0,0.7320862885793866,0.0,0.0,0.0,0.0,0.2613065438830172,0.0,0.0,0.0,0.0,0.0,0.006607167537596205,0.0,0.0,8.19312431834887,0.9810380305569603,1.0,0.0,0.0,0.0,0.0,1.7170632210794923,0.0,0.0,0.0,0.0,0.0,1.0,0.0,0.0,8.867997289596042,1043.1279606987764,45.61929334068271,309.1473760575555,17.81267416850522
250.0,26.06765979319304,0.9500000000000001,0.0,0.0,0.0,0.0,0.026879000000000004,0.0,0.0,0.0,0.0,0.0,0.023121000000000003,0.0,0.0,308.91,85.85,0.8092972063060437,0.30364193119619154,26.077659793193043,17.44364108900166,1030.1437374454076,61.77894000344752,0.9500296229986005,0.0,0.0,0.0,0.0,0.026847310523105773,0.0,0.0,0.0,0.0,0.0,0.02312306647829376,0.0,0.0,0.7102682350288809,0.0,0.0,0.0,0.0,0.2833342741377214,0.0,0.0,0.0,0.0,0.0,0.006397490833397695,0.0,0.0,8.079482475437946,0.9886376237768851,1.0,0.0,0.0,0.0,0.0,1.7063336636457698,0.0,0.0,0.0,0.0,0.0,1.0,0.0,0.0,8.867997289596042,1043.1279606987764,45.61929334068271,309.1473760575555,17.81267416850522
260.0,23.77990053021363,0.9500000000000001,0.0,0.0,0.0,0.0,0.026879000000000004,0.0,0.0,0.0,0.0,0.0,0.023121000000000003,0.0,0.0,308.91,85.85,0.8416690945582855,0.2769935996530417,32.50734935348392,23.76990053021363,995.4653616151593,60.27524027243986,0.939323050271249,0.0,0.0,0.0,0.0,0.002319018759723023,0.0,0.0,0.0,0.0,0.0,0.058357930969028145,0.0,0.0,0.9500429661146778,0.0,0.0,0.0,0.0,0.02697783412372114,0.0,0.0,0.0,0.0,0.0,0.022979199761601007,0.0,0.0,7.4235489711422185,1.0309791117503622,1.0,0.0,0.0,0.0,0.0,1.6296221739823886,0.0,0.0,0.0,0.0,0.0,1.0,0.0,0.0,6.904600482435524,997.156902480031,62.751778068246196,309.1473760575555,24.136843090349437
260.0,24.74850595502144,0.9500000000000001,0.0,0.0,0.0,0.0,0.026879000000000004,0.0,0.0,0.0,0.0,0.0,0.023121000000000003,0.0,0.0,308.91,85.85,0.8416690945582855,0.28827613226582927,32.50734935348392,23.76990053021363,995.0855259885359,62.903114253083,0.9601338608545662,0.0,0.0,0.0,0.0,0.003961822030181193,0.0,0.0,0.0,0.0,0.0,0.03590431711525256,0.0,0.0,0.9426675770421735,0.0,0.0,0.0,0.0,0.043460877754792675,0.0,0.0,0.0,0.0,0.0,0.013871545203033879,0.0,0.0,7.136227710930133,1.0420266888248384,1.0,0.0,0.0,0.0,0.0,1.5951919938619423,0.0,0.0,0.0,0.0,0.0,1.0,0.0,0.0,6.904600482435524,997.156902480031,62.751778068246196,309.1473760575555,24.136843090349437
260.0,25.71711137982925,0.9500000000000001,0.0,0.0,0.0,0.0,0.026879000000000004,0.0,0.0,0.0,0.0,0.0,0.023121000000000003,0.0,0.0,308.91,85.85,0.8416690945582855,0.2995586648786168,32.50734935348392,23.76990053021363,993.958097068993,65.09382276443898,0.9644130057852672,0.0,0.0,0.0,0.0,0.006507333878693745,0.0,0.0,0.0,0.0,0.0,0.029079660336038992,0.0,0.0,0.9206592037926323,0.0,0.0,0.0,0.0,0.0683499404113862,0.0,0.0,0.0,0.0,0.0,0.010990855795981505,0.0,0.0,6.9804851204711715,1.050955042222494,1.0,0.0,0.0,0.0,0.0,1.5790403229576828,0.0,0.0,0.0,0.0,0.0,1.0,0.0,0.0,6.904600482435524,997.156902480031,62.751778068246196,309.1473760575555,24.136843090349437
260.0,26.68571680463706,0.9500000000000001,0.0,0.0,0.0,0.0,0.026879000000000004,0.0,0.0,0.0,0.0,0.0,0.023121000000000003,0.0,0.0,308.91,85.85,0.8416690945582855,0.3108411974914043,32.50734935348392,23.76990053021363,992.6483900949171,67.16898285136354,0.9640973033821756,0.0,0.0,0.0,0.0,0.009307907841854438,0.0,0.0,0.0,0.0,0.0,0.026594788775969904,0.0,0.0,0.8960772789426155,0.0,0.0,0.0,0.0,0.09408909511047718,0.0,0.0,0.0,0.0,0.0,0.009833625946907206,0.0,0.0,6.861403035153772,1.0593116712419985,1.0,0.0,0.0,0.0,0.0,1.5679401602355993,0.0,0.0,0.0,0.0,0.0,1.0,0.0,0.0,6.904600482435524,997.156902480031,62.751778068246196,309.1473760575555,24.136843090349437
260.0,27.65432222944487,0.9500000000000001,0.0,0.0,0.0,0.0,0.026879000000000004,0.0,0.0,0.0,0.0,0.0,0.023121000000000003,0.0,0.0,308.91,85.85,0.8416690945582855,0.3221237301041919,32.50734935348392,23.76990053021363,991.2835031749556,69.22042674817551,0.9624660081047968,0.0,0.0,0.0,0.0,0.012183828622494746,0.0,0.0,0.0,0.0,0.0,0.02535016327270846,0.0,0.0,0.8720271860572173,0.0,0.0,0.0,0.0,0.11879486063822814,0.0,0.0,0.0,0.0,0.0,0.009177953304554698,0.0,0.0,6.753254468950332,1.0674460160014838,1.0,0.0,0.0,0.0,0.0,1.558329773534374,0.0,0.0,0.0,0.0,0.0,1.0,0.0,0.0,6.904600482435524,997.156902480031,62.751778068246196,309.1473760575555,24.136843090349437
260.0,28.62292765425268,0.9500000000000001,0.0,0.0,0.0,0.0,0.026879000000000004,0.0,0.0,0.0,0.0,0.0,0.023121000000000003,0.0,0.0,308.91,85.85,0.8416690945582855,0.33340626271697943,32.50734935348392,23.76990053021363,989.8923198190854,71.27082085484079,0.9603155281853806,0.0,0.0,0.0,0.0,0.015091430473421428,0.0,0.0,0.0,0.0,0.0,0.024593041341197927,0.0,0.0,0.849132054819089,0.0,0.0,0.0,0.0,0.14214095221958264,0.0,0.0,0.0,0.0,0.0,0.008726992961328147,0.0,0.0,6.649809047362091,1.0758050787492863,1.0,0.0,0.0,0.0,0.0,1.5493482892454038,0.0,0.0,0.0,0.0,0.0,1.0,0.0,0.0,6.904600482435524,997.156902480031,62.751778068246196,309.1473760575555,24.136843090349437
260.0,29.59153307906049,0.9500000000000001,0.0,0.0,0.0,0.0,0.026879000000000004,0.0,0.0,0.0,0.0,0.0,0.023121000000000003,0.0,0.0,308.91,85.85,0.8416690945582855,0.34468879532976693,32.50734935348392,23.76990053021363,988.4840908281474,73.32786324150632,0.9579108525708944,0.0,0.0,0.0,0.0,0.01801625701269277,0.0,0.0,0.0,0.0,0.0,0.02407289041641295,0.0,0.0,0.8275030776923487,0.0,0.0,0.0,0.0,0.16411562897514054,0.0,0.0,0.0,0.0,0.0,0.008381293332510815,0.0,0.0,6.548993529450018,1.084133345668046,1.0,0.0,0.0,0.0,0.0,1.5407093150460234,0.0,0.0,0.0,0.0,0.0,1.0,0.0,0.0,6.904600482435524,997.156902480031,62.751778068246196,309.1473760575555,24.136843090349437
260.0,30.560138503868302,0.9500000000000001,0.0,0.0,0.0,0.0,0.026879000000000004,0.0,0.0,0.0,0.0,0.0,0.023121000000000003,0.0,0.0,308.91,85.85,0.8416690945582855,0.3559713279425545,32.50734935348392,23.76990053021363,987.0625359149816,75.39489477984529,0.9553628419288278,0.0,0.0,0.0,0.0,0.020952329626041176,0.0,0.0,0.0,0.0,0.0,0.023684828445130958,0.0,0.0,0.8071154462469415,0.0,0.0,0.0,0.0,0.18478588274298366,0.0,0.0,0.0,0.0,0.0,0.008098671010074755,0.0,0.0,6.449936291071299,1.092408319257433,1.0,0.0,0.0,0.0,0.0,1.5322928552820259,0.0,0.0,0.0,0.0,0.0,1.0,0.0,0.0,6.904600482435524,997.156902480031,62.751778068246196,309.1473760575555,24.136843090349437
260.0,31.52874392867611,0.9500000000000001,0.0,0.0,0.0,0.0,0.026879000000000004,0.0,0.0,0.0,0.0,0.0,0.023121000000000003,0.0,0.0,308.91,85.85,0.8416690945582855,0.36725386055534204,32.50734935348392,23.76990053021363,985.6293702776069,77.47365070721902,0.9527255706613512,0.0,0.0,0.0,0.0,0.02389679175628435,0.0,0.0,0.0,0.0,0.0,0.02337763758236443,0.0,0.0,0.7879032727229682,0.0,0.0,0.0,0.0,0.20423862718546462,0.0,0.0,0.0,0.0,0.0,0.007858100091567396,0.0,0.0,6.3522111765887415,1.1006868257978184,1.0,0.0,0.0,0.0,0.0,1.524039831310013,0.0,0.0,0.0,0.0,0.0,1.0,0.0,0.0,6.904600482435524,997.156902480031,62.751778068246196,309.1473760575555,24.136843090349437
260.0,32.49734935348392,0.9500000000000001,0.0,0.0,0.0,0.0,0.026879000000000004,0.0,0.0,0.0,0.0,0.0,0.023121000000000003,0.0,0.0,308.91,85.85,0.8416690945582855,0.37853639316812954,32.50734935348392,23.76990053021363,984.1854466124956,79.56517028425051,0.9500284172946069,0.0,0.0,0.0,0.0,0.026848142745945595,0.0,0.0,0.0,0.0,0.0,0.02312343995944753,0.0,0.0,0.7697895077887624,0.0,0.0,0.0,0.0,0.22256268552882377,0.0,0.0,0.0,0.0,0.0,0.007647806682413668,0.0,0.0,6.255584312839043,1.1094357971596098,1.0,0.0,0.0,0.0,0.0,1.515918037804745,0.0,0.0,0.0,0.0,0.0,1.0,0.0,0.0,6.904600482435524,997.156902480031,62.751778068246196,309.1473760575555,24.136843090349437
270.0,31.69531199683226,0.9500000000000001,0.0,0.0,0.0,0.0,0.026879000000000004,0.0,0.0,0.0,0.0,0.0,0.023121000000000003,0.0,0.0,308.91,85.85,0.8740409828105272,0.36919408266548936,40.33444675726145,31.685311996832258,946.2435072064427,82.54455257193852,0.9438653109035845,0.0,0.0,0.0,0.0,0.00322122093283001,0.0,0.0,0.0,0.0,0.0,0.052913468163585525,0.0,0.0,0.9500216515652748,0.0,0.0,0.0,0.0,0.026962496969395067,0.0,0.0,0.0,0.0,0.0,0.023015851465330042,0.0,0.0,5.486006680627317,1.1797521216274618,1.0,0.0,0.0,0.0,0.0,1.4420725210601208,0.0,0.0,0.0,0.0,0.0,1.0,0.0,0.0,5.059537269865927,944.9186937925283,85.68956037822859,309.1473760575555,31.990969447409064
270.0,32.654104747991056,0.9500000000000001,0.0,0.0,0.0,0.0,0.026879000000000004,0.0,0.0,0.0,0.0,0.0,0.023121000000000003,0.0,0.0,308.91,85.85,0.8740409828105272,0.380362315061049,40.33444675726145,31.685311996832258,944.6185342334833,85.36936136407292,0.9584508288730985,0.0,0.0,0.0,0.0,0.004843164504763314,0.0,0.0,0.0,0.0,0.0,0.03670600662213809,0.0,0.0,0.9454449322335496,0.0,0.0,0.0,0.0,0.038756500476985936,0.0,0.0,0.0,0.0,0.0,0.015798567289464414,0.0,0.0,5.279574058218642,1.1931987123494756,1.0,0.0,0.0,0.0,0.0,1.420012053627708,0.0,0.0,0.0,0.0,0.0,1.0,0.0,0.0,5.059537269865927,944.9186937925283,85.68956037822859,309.1473760575555,31.990969447409064
270.0,33.61289749914986,0.9500000000000001,0.0,0.0,0.0,0.0,0.026879000000000004,0.0,0.0,0.0,0.0,0.0,0.023121000000000003,0.0,0.0,308.91,85.85,0.8740409828105272,0.39153054745660876,40.33444675726145,31.685311996832258,943.0059267523479,87.77746884662359,0.9626343583056035,0.0,0.0,0.0,0.0,0.007205392683976333,0.0,0.0,0.0,0.0,0.0,0.030160249010420283,0.0,0.0,0.9315033468638709,0.0,0.0,0.0,0.0,0.05568108726544579,0.0,0.0,0.0,0.0,0.0,0.012815565870683165,0.0,0.0,5.14833074481411,1.2042156211438226,1.0,0.0,0.0,0.0,0.0,1.4074985425029618,0.0,0.0,0.0,0.0,0.0,1.0,0.0,0.0,5.059537269865927,944.9186937925283,85.68956037822859,309.1473760575555,31.990969447409064
270.0,34.571690250308656,0.9500000000000001,0.0,0.0,0.0,0.0,0.026879000000000004,0.0,0.0,0.0,0.0,0.0,0.023121000000000003,0.0,0.0,308.91,85.85,0.8740409828105272,0.4026987798521684,40.33444675726145,31.685311996832258,941.4221623349707,90.02867468375418,0.962799656589744,0.0,0.0,0.0,0.0,0.009858482416659613,0.0,0.0,0.0,0.0,0.0,0.02734186099359644,0.0,0.0,0.9146504044284559,0.0,0.0,0.0,0.0,0.07388560590156312,0.0,0.0,0.0,0.0,0.0,0.011463989669981047,0.0,0.0,5.046132106275305,1.2142545089855952,1.0,0.0,0.0,0.0,0.0,1.3986478325279073,0.0,0.0,0.0,0.0,0.0,1.0,0.0,0.0,5.059537269865927,944.9186937925283,85.68956037822859,309.1473760575555,31.990969447409064
270.0,35.53048300146746,0.9500000000000001,0.0,0.0,0.0,0.0,0.026879000000000004,0.0,0.0,0.0,0.0,0.0,0.023121000000000003,0.0,0.0,308.91,85.85,0.8740409828105272,0.41386701224772815,40.33444675726145,31.685311996832258,939.8460717115197,92.23350697155428,0.9615355983695847,0.0,0.0,0.0,0.0,0.012617859114220349,0.0,0.0,0.0,0.0,0.0,0.025846542516194972,0.0,0.0,0.8974135953054846,0.0,0.0,0.0,0.0,0.09189011619857035,0.0,0.0,0.0,0.0,0.0,0.010696288495945038,0.0,0.0,4.954567731212039,1.2241763202777969,1.0,0.0,0.0,0.0,0.0,1.3912076298023883,0.0,0.0,0.0,0.0,0.0,1.0,0.0,0.0,5.059537269865927,944.9186937925283,85.68956037822859,309.1473760575555,31.990969447409064
270.0,36.489275752626256,0.9500000000000001,0.0,0.0,0.0,0.0,0.026879000000000004,0.0,0.0,0.0,0.0,0.0,0.023121000000000003,0.0,0.0,308.91,85.85,0.8740409828105272,0.4250352446432878,40.33444675726145,31.685311996832258,938.2680503969738,94.42738055352947,0.9596554051928783,0.0,0.0,0.0,0.0,0.015425391064154644,0.0,0.0,0.0,0.0,0.0,0.024919203742967064,0.0,0.0,0.880533437890795,0.0,0.0,0.0,0.0,0.10928287851390257,0.0,0.0,0.0,0.0,0.0,0.01018368359530244,0.0,0.0,4.867882710326951,1.2342789960537481,1.0,0.0,0.0,0.0,0.0,1.3843826387207645,0.0,0.0,0.0,0.0,0.0,1.0,0.0,0.0,5.059537269865927,944.9186937925283,85.68956037822859,309.1473760575555,31.990969447409064
270.0,37.44806850378506,0.9500000000000001,0.0,0.0,0.0,0.0,0.026879000000000004,0.0,0.0,0.0,0.0,0.0,0.023121000000000003,0.0,0.0,308.91,85.85,0.8740409828105272,0.43620347703884754,40.33444675726145,31.685311996832258,936.6839340165916,96.62369435340122,0.9574608549776537,0.0,0.0,0.0,0.0,0.018259548460981444,0.0,0.0,0.0,0.0,0.0,0.024279596561364847,0.0,0.0,0.8642437179967021,0.0,0.0,0.0,0.0,0.1259523795399802,0.0,0.0,0.0,0.0,0.0,0.009803902463317797,0.0,0.0,4.783942014351924,1.2442927313476582,1.0,0.0,0.0,0.0,0.0,1.3778718698662038,0.0,0.0,0.0,0.0,0.0,1.0,0.0,0.0,5.059537269865927,944.9186937925283,85.68956037822859,309.1473760575555,31.990969447409064
270.0,38.406861254943855,0.9500000000000001,0.0,0.0,0.0,0.0,0.026879000000000004,0.0,0.0,0.0,0.0,0.0,0.023121000000000003,0.0,0.0,308.91,85.85,0.8740409828105272,0.4473717094344072,40.33444675726145,31.685311996832258,935.0916467047871,98.82853322374658,0.9550850592792948,0.0,0.0,0.0,0.0,0.021110900580356053,0.0,0.0,0.0,0.0,0.0,0.023804040140349193,0.0,0.0,0.8486154869761657,0.0,0.0,0.0,0.0,0.1418817794395284,0.0,0.0,0.0,0.0,0.0,0.009502733584305773,0.0,0.0,4.701808432497095,1.2542577682405147,1.0,0.0,0.0,0.0,0.0,1.3715580379149273,0.0,0.0,0.0,0.0,0.0,1.0,0.0,0.0,5.059537269865927,944.9186937925283,85.68956037822859,309.1473760575555,31.990969447409064
270.0,39.36565400610266,0.9500000000000001,0.0,0.0,0.0,0.0,0.026879000000000004,0.0,0.0,0.0,0.0,0.0,0.023121000000000003,0.0,0.0,308.91,85.85,0.8740409828105272,0.45853994182996693,40.33444675726145,31.685311996832258,933.489999448504,101.04510629210841,0.9525949080316627,0.0,0.0,0.0,0.0,0.023974768390789616,0.0,0.0,0.0,0.0,0.0,0.023430323577547662,0.0,0.0,0.8336591766846276,0.0,0.0,0.0,0.0,0.15708812201561237,0.0,0.0,0.0,0.0,0.0,0.009252701299759983,0.0,0.0,4.621006307315842,1.2644616323537676,1.0,0.0,0.0,0.0,0.0,1.365382001252797,0.0,0.0,0.0,0.0,0.0,1.0,0.0,0.0,5.059537269865927,944.9186937925283,85.68956037822859,309.1473760575555,31.990969447409064
270.0,40.324446757261455,0.9500000000000001,0.0,0.0,0.0,0.0,0.026879000000000004,0.0,0.0,0.0,0.0,0.0,0.023121000000000003,0.0,0.0,308.91,85.85,0.8740409828105272,0.4697081742255266,40.33444675726145,31.685311996832258,931.8782186757882,103.27532457309921,0.9500274243944252,0.0,0.0,0.0,0.0,0.026848619330851097,0.0,0.0,0.0,0.0,0.0,0.023123956274723696,0.0,0.0,0.8193603597113303,0.0,0.0,0.0,0.0,0.17160123626181817,0.0,0.0,0.0,0.0,0.0,0.009038404026851585,0.0,0.0,4.541272872880742,1.2749516075380036,1.0,0.0,0.0,0.0,0.0,1.3593108166053853,0.0,0.0,0.0,0.0,0.0,1.0,0.0,0.0,5.059537269865927,944.9186937925283,85.68956037822859,309.1473760575555,31.990969447409064
280.0,41.472416984971325,0.9500000000000001,0.0,0.0,0.0,0.0,0.026879000000000004,0.0,0.0,0.0,0.0,0.0,0.023121000000000003,0.0,0.0,308.91,85.85,0.906412871062769,0.48307998817671904,49.74099513347,41.46241698497133,888.0244925999976,113.16228891998719,0.9480498068841331,0.0,0.0,0.0,0.0,0.004519898163499709,0.0,0.0,0.0,0.0,0.0,0.047430294952367155,0.0,0.0,0.9500061784279391,0.0,0.0,0.0,0.0,0.02694983611277032,0.0,0.0,0.0,0.0,0.0,0.0230439854592906,0.0,0.0,3.691575502909913,1.3964675139429596,1.0,0.0,0.0,0.0,0.0,1.2881262902057875,0.0,0.0,0.0,0.0,0.0,1.0,0.0,0.0,3.36236315025514,883.565911920707,117.15200417178997,309.1473760575555,41.604637885718795
280.0,42.39003677924896,0.9500000000000001,0.0,0.0,0.0,0.0,0.026879000000000004,0.0,0.0,0.0,0.0,0.0,0.023121000000000003,0.0,0.0,308.91,85.85,0.906412871062769,0.49376862876236416,49.74099513347,41.46241698497133,885.510986950362,116.19238503426196,0.9573788983026773,0.0,0.0,0.0,0.0,0.006139569543873735,0.0,0.0,0.0,0.0,0.0,0.036481532153448896,0.0,0.0,0.946976663223468,0.0,0.0,0.0,0.0,0.03537651280615774,0.0,0.0,0.0,0.0,0.0,0.01764682397037437,0.0,0.0,3.552753762488637,1.4133705028948114,1.0,0.0,0.0,0.0,0.0,1.274759828532403,0.0,0.0,0.0,0.0,0.0,1.0,0.0,0.0,3.36236315025514,883.565911920707,117.15200417178997,309.1473760575555,41.604637885718795
280.0,43.307656573526586,0.9500000000000001,0.0,0.0,0.0,0.0,0.026879000000000004,0.0,0.0,0.0,0.0,0.0,0.023121000000000003,0.0,0.0,308.91,85.85,0.906412871062769,0.5044572693480092,49.74099513347,41.46241698497133,883.351024165271,118.85603014734923,0.9607767930671325,0.0,0.0,0.0,0.0,0.008308867509903374,0.0,0.0,0.0,0.0,0.0,0.030914339422964076,0.0,0.0,0.9385829281814615,0.0,0.0,0.0,0.0,0.04655243485195278,0.0,0.0,0.0,0.0,0.0,0.014864636966585737,0.0,0.0,3.4516641484219632,1.4280082642853154,1.0,0.0,0.0,0.0,0.0,1.2658383648183213,0.0,0.0,0.0,0.0,0.0,1.0,0.0,0.0,3.36236315025514,883.565911920707,117.15200417178997,309.1473760575555,41.604637885718795
280.0,44.22527636780422,0.9500000000000001,0.0,0.0,0.0,0.0,0.026879000000000004,0.0,0.0,0.0,0.0,0.0,0.023121000000000003,0.0,0.0,308.91,85.85,0.906412871062769,0.5151459099336543,49.74099513347,41.46241698497133,881.3855812805891,121.33913949917454,0.9612071005201762,0.0,0.0,0.0,0.0,0.010758264462093834,0.0,0.0,0.0,0.0,0.0,0.02803463501773004,0.0,0.0,0.9278079250623403,0.0,0.0,0.0,0.0,0.05880095612623849,0.0,0.0,0.0,0.0,0.0,0.013391118811421172,0.0,0.0,3.3694372432849558,1.441607930564868,1.0,0.0,0.0,0.0,0.0,1.2592007072209122,0.0,0.0,0.0,0.0,0.0,1.0,0.0,0.0,3.36236315025514,883.565911920707,117.15200417178997,309.1473760575555,41.604637885718795
280.0,45.14289616208185,0.9500000000000001,0.0,0.0,0.0,0.0,0.026879000000000004,0.0,0.0,0.0,0.0,0.0,0.023121000000000003,0.0,0.0,308.91,85.85,0.906412871062769,0.5258345505192994,49.74099513347,41.46241698497133,879.5049823896082,123.75025709378802,0.9603013667130111,0.0,0.0,0.0,0.0,0.013337124355191904,0.0,0.0,0.0,0.0,0.0,0.02636150893179695,0.0,0.0,0.9162624451012082,0.0,0.0,0.0,0.0,0.071229403759753,0.0,0.0,0.0,0.0,0.0,0.012508151139038769,0.0,0.0,3.2958914297025594,1.454755673673865,1.0,0.0,0.0,0.0,0.0,1.2535370523946328,0.0,0.0,0.0,0.0,0.0,1.0,0.0,0.0,3.36236315025514,883.565911920707,117.15200417178997,309.1473760575555,41.604637885718795
280.0,46.06051595635948,0.9500000000000001,0.0,0.0,0.0,0.0,0.026879000000000004,0.0,0.0,0.0,0.0,0.0,0.023121000000000003,0.0,0.0,308.91,85.85,0.906412871062769,0.5365231911049445,49.74099513347,41.46241698497133,877.6598682657847,126.1358181312866,0.9587397192381056,0.0,0.0,0.0,0.0,0.01598237460368408,0.0,0.0,0.0,0.0,0.0,0.02527790615821032,0.0,0.0,0.9045988388992344,0.0,0.0,0.0,0.0,0.08348487389533432,0.0,0.0,0.0,0.0,0.0,0.011916287205431314,0.0,0.0,3.2268132638632645,1.4678676673030773,1.0,0.0,0.0,0.0,0.0,1.2483596403535682,0.0,0.0,0.0,0.0,0.0,1.0,0.0,0.0,3.36236315025514,883.565911920707,117.15200417178997,309.1473760575555,41.604637885718795
280.0,46.97813575063711,0.9500000000000001,0.0,0.0,0.0,0.0,0.026879000000000004,0.0,0.0,0.0,0.0,0.0,0.023121000000000003,0.0,0.0,308.91,85.85,0.906412871062769,0.5472118316905895,49.74099513347,41.46241698497133,875.8278023126311,128.51648226406877,0.9568184208905489,0.0,0.0,0.0,0.0,0.01866655275564948,0.0,0.0,0.0,0.0,0.0,0.024515026353801678,0.0,0.0,0.8930859657722792,0.0,0.0,0.0,0.0,0.09542911021777702,0.0,0.0,0.0,0.0,0.0,0.011484924009943723,0.0,0.0,3.1603769971307036,1.48108763528151,1.0,0.0,0.0,0.0,0.0,1.2434564858259853,0.0,0.0,0.0,0.0,0.0,1.0,0.0,0.0,3.36236315025514,883.565911920707,117.15200417178997,309.1473760575555,41.604637885718795
280.0,47.89575554491474,0.9500000000000001,0.0,0.0,0.0,0.0,0.026879000000000004,0.0,0.0,0.0,0.0,0.0,0.023121000000000003,0.0,0.0,308.91,85.85,0.906412871062769,0.5579004722762346,49.74099513347,41.46241698497133,873.9975667550199,130.90250462319892,0.9546805436360746,0.0,0.0,0.0,0.0,0.021376452599408083,0.0,0.0,0.0,0.0,0.0,0.023943003764517266,0.0,0.0,0.8818411442331067,0.0,0.0,0.0,0.0,0.1070080114543131,0.0,0.0,0.0,0.0,0.0,0.011150844312580215,0.0,0.0,3.0956996774358227,1.4943628717803294,1.0,0.0,0.0,0.0,0.0,1.2387253681517212,0.0,0.0,0.0,0.0,0.0,1.0,0.0,0.0,3.36236315025514,883.565911920707,117.15200417178997,309.1473760575555,41.604637885718795
280.0,48.813375339192376,0.9500000000000001,0.0,0.0,0.0,0.0,0.026879000000000004,0.0,0.0,0.0,0.0,0.0,0.023121000000000003,0.0,0.0,308.91,85.85,0.906412871062769,0.5685891128618797,49.74099513347,41.46241698497133,872.1629656819592,133.29955523375622,0.95240207540083,0.0,0.0,0.0,0.0,0.024105128747244384,0.0,0.0,0.0,0.0,0.0,0.02349279585192548,0.0,0.0,0.8709163414825664,0.0,0.0,0.0,0.0,0.11820331348676211,0.0,0.0,0.0,0.0,0.0,0.010880345030671586,0.0,0.0,3.032313591125981,1.507857361527254,1.0,0.0,0.0,0.0,0.0,1.2341119179015128,0.0,0.0,0.0,0.0,0.0,1.0,0.0,0.0,3.36236315025514,883.565911920707,117.15200417178997,309.1473760575555,41.604637885718795
280.0,49.73099513347,0.9500000000000001,0.0,0.0,0.0,0.0,0.026879000000000004,0.0,0.0,0.0,0.0,0.0,0.023121000000000003,0.0,0.0,308.91,85.85,0.906412871062769,0.5792777534475249,49.74099513347,41.46241698497133,870.3202587835443,135.71108824550498,0.9500266345681609,0.0,0.0,0.0,0.0,0.026848662249926585,0.0,0.0,0.0,0.0,0.0,0.02312470318191246,0.0,0.0,0.8603328022476562,0.0,0.0,0.0,0.0,0.12901322717256786,0.0,0.0,0.0,0.0,0.0,0.010653970579775811,0.0,0.0,2.969950497386857,1.5215946076959597,1.0,0.0,0.0,0.0,0.0,1.229644096673888,0.0,0.0,0.0,0.0,0.0,1.0,0.0,0.0,3.36236315025514,883.565911920707,117.15200417178997,309.1473760575555,41.604637885718795
290.0,53.45681990361951,0.9500000000000001,0.0,0.0,0.0,0.0,0.026879000000000004,0.0,0.0,0.0,0.0,0.0,0.023121000000000003,0.0,0.0,308.91,85.85,0.9387847593150108,0.6226769936356379,60.89877008512147,53.44681990361951,815.3214042257088,157.4983495989492,0.9517847603490459,0.0,0.0,0.0,0.0,0.006532193333657064,0.0,0.0,0.0,0.0,0.0,0.04168304631729706,0.0,0.0,0.9499947643195444,0.0,0.0,0.0,0.0,0.026938688337458376,0.0,0.0,0.0,0.0,0.0,0.02306654734299719,0.0,0.0,2.085457380081513,1.7588801541826713,1.0,0.0,0.0,0.0,0.0,1.1611681630630222,0.0,0.0,0.0,0.0,0.0,1.0,0.0,0.0,1.8603626585801172,807.5195142910154,162.56670985963757,309.1473760575555,53.23978678261965
290.0,54.28259214600862,0.9500000000000001,0.0,0.0,0.0,0.0,0.026879000000000004,0.0,0.0,0.0,0.0,0.0,0.023121000000000003,0.0,0.0,308.91,85.85,0.9387847593150108,0.6322957733955576,60.89877008512147,53.44681990361951,812.2262248040769,160.74140634106587,0.9567925417629068,0.0,0.0,0.0,0.0,0.008134080146311692,0.0,0.0,0.0,0.0,0.0,0.035073378090781496,0.0,0.0,0.9478921602582251,0.0,0.0,0.0,0.0,0.03269586331908259,0.0,0.0,0.0,0.0,0.0,0.01941197642269229,0.0,0.0,2.0026188108309375,1.7830219848882891,1.0,0.0,0.0,0.0,0.0,1.1537959719993973,0.0,0.0,0.0,0.0,0.0,1.0,0.0,0.0,1.8603626585801172,807.5195142910154,162.56670985963757,309.1473760575555,53.23978678261965
290.0,55.108364388397725,0.9500000000000001,0.0,0.0,0.0,0.0,0.026879000000000004,0.0,0.0,0.0,0.0,0.0,0.023121000000000003,0.0,0.0,308.91,85.85,0.9387847593150108,0.6419145531554773,60.89877008512147,53.44681990361951,809.5291917737965,163.70035036175938,0.9589255940307666,0.0,0.0,0.0,0.0,0.010087194461206109,0.0,0.0,0.0,0.0,0.0,0.030987211508027336,0.0,0.0,0.943210101397142,0.0,0.0,0.0,0.0,0.03965290127472847,0.0,0.0,0.0,0.0,0.0,0.0171369973281294,0.0,0.0,1.9350696675327534,1.8047905892783234,1.0,0.0,0.0,0.0,0.0,1.148143015476849,0.0,0.0,0.0,0.0,0.0,1.0,0.0,0.0,1.8603626585801172,807.5195142910154,162.56670985963757,309.1473760575555,53.23978678261965
290.0,55.93413663078683,0.9500000000000001,0.0,0.0,0.0,0.0,0.026879000000000004,0.0,0.0,0.0,0.0,0.0,0.023121000000000003,0.0,0.0,308.91,85.85,0.9387847593150108,0.6515333329153971,60.89877008512147,53.44681990361951,807.0840456990452,166.4883833014904,0.9592960103159663,0.0,0.0,0.0,0.0,0.012260224383552213,0.0,0.0,0.0,0.0,0.0,0.02844376530048151,0.0,0.0,0.9370571602632745,0.0,0.0,0.0,0.0,0.04723272848348299,0.0,0.0,0.0,0.0,0.0,0.01571011125324254,0.0,0.0,1.876899835379221,1.8255573239136034,1.0,0.0,0.0,0.0,0.0,1.1435260876748687,0.0,0.0,0.0,0.0,0.0,1.0,0.0,0.0,1.8603626585801172,807.5195142910154,162.56670985963757,309.1473760575555,53.23978678261965
290.0,56.75990887317594,0.9500000000000001,0.0,0.0,0.0,0.0,0.026879000000000004,0.0,0.0,0.0,0.0,0.0,0.023121000000000003,0.0,0.0,308.91,85.85,0.9387847593150108,0.6611521126753167,60.89877008512147,53.44681990361951,804.7779089449758,169.18838089322878,0.9586639535393622,0.0,0.0,0.0,0.0,0.01456195894496033,0.0,0.0,0.0,0.0,0.0,0.026774087515677482,0.0,0.0,0.9301847924020333,0.0,0.0,0.0,0.0,0.05504913322952969,0.0,0.0,0.0,0.0,0.0,0.01476607436843688,0.0,0.0,1.8241700053165506,1.845599918441851,1.0,0.0,0.0,0.0,0.0,1.139473066978019,0.0,0.0,0.0,0.0,0.0,1.0,0.0,0.0,1.8603626585801172,807.5195142910154,162.56670985963757,309.1473760575555,53.23978678261965
290.0,57.585681115565045,0.9500000000000001,0.0,0.0,0.0,0.0,0.026879000000000004,0.0,0.0,0.0,0.0,0.0,0.023121000000000003,0.0,0.0,308.91,85.85,0.9387847593150108,0.6707708924352365,60.89877008512147,53.44681990361951,802.5450428739994,171.84773203128248,0.9574489456632476,0.0,0.0,0.0,0.0,0.016941759832730198,0.0,0.0,0.0,0.0,0.0,0.02560929450402235,0.0,0.0,0.9230029010263283,0.0,0.0,0.0,0.0,0.06289438639818336,0.0,0.0,0.0,0.0,0.0,0.01410271257548839,0.0,0.0,1.774731221643904,1.8656909525505525,1.0,0.0,0.0,0.0,0.0,1.1357817375392072,0.0,0.0,0.0,0.0,0.0,1.0,0.0,0.0,1.8603626585801172,807.5195142910154,162.56670985963757,309.1473760575555,53.23978678261965
290.0,58.41145335795415,0.9500000000000001,0.0,0.0,0.0,0.0,0.026879000000000004,0.0,0.0,0.0,0.0,0.0,0.023121000000000003,0.0,0.0,308.91,85.85,0.9387847593150108,0.6803896721951561,60.89877008512147,53.44681990361951,800.3489186861186,174.4925885662834,0.9558761037039777,0.0,0.0,0.0,0.0,0.019372445420674667,0.0,0.0,0.0,0.0,0.0,0.02475145087534762,0.0,0.0,0.9157272251870745,0.0,0.0,0.0,0.0,0.07066149052071662,0.0,0.0,0.0,0.0,0.0,0.013611284292208894,0.0,0.0,1.7274356707366347,1.88576395934059,1.0,0.0,0.0,0.0,0.0,1.1323192974277938,0.0,0.0,0.0,0.0,0.0,1.0,0.0,0.0,1.8603626585801172,807.5195142910154,162.56670985963757,309.1473760575555,53.23978678261965
290.0,59.23722560034326,0.9500000000000001,0.0,0.0,0.0,0.0,0.026879000000000004,0.0,0.0,0.0,0.0,0.0,0.023121000000000003,0.0,0.0,308.91,85.85,0.9387847593150108,0.6900084519550759,60.89877008512147,53.44681990361951,798.1686111676618,177.13795434589082,0.9540705886418869,0.0,0.0,0.0,0.0,0.021838960810326765,0.0,0.0,0.0,0.0,0.0,0.024090450547786333,0.0,0.0,0.9084740467188099,0.0,0.0,0.0,0.0,0.07829476571311823,0.0,0.0,0.0,0.0,0.0,0.013231187568071717,0.0,0.0,1.681651205043841,1.9061369729568718,1.0,0.0,0.0,0.0,0.0,1.1289848759598289,0.0,0.0,0.0,0.0,0.0,1.0,0.0,0.0,1.8603626585801172,807.5195142910154,162.56670985963757,309.1473760575555,53.23978678261965
290.0,60.062997842732365,0.9500000000000001,0.0,0.0,0.0,0.0,0.026879000000000004,0.0,0.0,0.0,0.0,0.0,0.023121000000000003,0.0,0.0,308.91,85.85,0.9387847593150108,0.6996272317149955,60.89877008512147,53.44681990361951,795.9914736274839,179.79297337524014,0.9521055901143511,0.0,0.0,0.0,0.0,0.024332583523643467,0.0,0.0,0.0,0.0,0.0,0.023561826362005385,0.0,0.0,0.9013081860025719,0.0,0.0,0.0,0.0,0.08576493253817895,0.0,0.0,0.0,0.0,0.0,0.012926881459249135,0.0,0.0,1.637007022919793,1.9268274644636452,1.0,0.0,0.0,0.0,0.0,1.1257413898137958,0.0,0.0,0.0,0.0,0.0,1.0,0.0,0.0,1.8603626585801172,807.5195142910154,162.56670985963757,309.1473760575555,53.23978678261965
290.0,60.88877008512147,0.9500000000000001,0.0,0.0,0.0,0.0,0.026879000000000004,0.0,0.0,0.0,0.0,0.0,0.023121000000000003,0.0,0.0,308.91,85.85,0.9387847593150108,0.7092460114749153,60.89877008512147,53.44681990361951,793.8094053643403,182.4635904110087,0.9500260701292135,0.0,0.0,0.0,0.0,0.026848044265562615,0.0,0.0,0.0,0.0,0.0,0.02312588560522395,0.0,0.0,0.8942667114286451,0.0,0.0,0.0,0.0,0.09305684155238318,0.0,0.0,0.0,0.0,0.0,0.012676447018971691,0.0,0.0,1.5932774572718924,1.947883397897426,1.0,0.0,0.0,0.0,0.0,1.122613549239631,0.0,0.0,0.0,0.0,0.0,1.0,0.0,0.0,1.8603626585801172,807.5195142910154,162.56670985963757,309.1473760575555,53.23978678261965
300.0,68.17945203265796,0.9500000000000001,0.0,0.0,0.0,0.0,0.026879000000000004,0.0,0.0,0.0,0.0,0.0,0.023121000000000003,0.0,0.0,308.91,85.85,0.9711566475672525,0.7941695053309024,73.89463940164686,68.16945203265796,713.5328253891822,230.08518063338937,0.9546672631206684,0.0,0.0,0.0,0.0,0.010219437370625434,0.0,0.0,0.0,0.0,0.0,0.03511329950870613,0.0,0.0,0.9499863920942482,0.0,0.0,0.0,0.0,0.026927572740011854,0.0,0.0,0.0,0.0,0.0,0.02308603516573997,0.0,0.0,,,,0.0,0.0,0.0,0.0,,0.0,0.0,0.0,0.0,0.0,,0.0,0.0,,702.1497327186648,236.41935010129552,309.1473760575555,67.21043472378976
300.0,68.8133617403234,0.9500000000000001,0.0,0.0,0.0,0.0,0.026879000000000004,0.0,0.0,0.0,0.0,0.0,0.023121000000000003,0.0,0.0,308.91,85.85,0.9711566475672525,0.8015534273770927,73.89463940164686,68.16945203265796,710.1389953431693,233.51959725088884,0.9562582324641227,0.0,0.0,0.0,0.0,0.011689266016764153,0.0,0.0,0.0,0.0,0.0,0.03205250151911303,0.0,0.0,0.9486178347843279,0.0,0.0,0.0,0.0,0.030233736671623775,0.0,0.0,0.0,0.0,0.0,0.021148428544048206,0.0,0.0,,,,0.0,0.0,0.0,0.0,,0.0,0.0,0.0,0.0,0.0,,0.0,0.0,,702.1497327186648,236.41935010129552,309.1473760575555,67.21043472378976
300.0,69.44727144798883,0.9500000000000001,0.0,0.0,0.0,0.0,0.026879000000000004,0.0,0.0,0.0,0.0,0.0,0.023121000000000003,0.0,0.0,308.91,85.85,0.9711566475672525,0.8089373494232828,73.89463940164686,68.16945203265796,706.980761324942,236.8013063221707,0.9569159995045606,0.0,0.0,0.0,0.0,0.013317579239344114,0.0,0.0,0.0,0.0,0.0,0.029766421256095323,0.0,0.0,0.9464422974701677,0.0,0.0,0.0,0.0,0.0338552152117695,0.0,0.0,0.0,0.0,0.0,0.019702487318062803,0.0,0.0,,,,0.0,0.0,0.0,0.0,,0.0,0.0,0.0,0.0,0.0,,0.0,0.0,,702.1497327186648,236.41935010129552,309.1473760575555,67.21043472378976
300.0,70.08118115565426,0.9500000000000001,0.0,0.0,0.0,0.0,0.026879000000000004,0.0,0.0,0.0,0.0,0.0,0.023121000000000003,0.0,0.0,308.91,85.85,0.9711566475672525,0.8163212714694731,73.89463940164686,68.16945203265796,703.9921342091359,239.97753905276187,0.9568881716986429,0.0,0.0,0.0,0.0,0.015065600402728049,0.0,0.0,0.0,0.0,0.0,0.028046227898628977,0.0,0.0,0.9437029867117398,0.0,0.0,0.0,0.0,0.03767854703483999,0.0,0.0,0.0,0.0,0.0,0.018618466253420143,0.0,0.0,,,,0.0,0.0,0.0,0.0,,0.0,0.0,0.0,0.0,0.0,,0.0,0.0,,702.1497327186648,236.41935010129552,309.1473760575555,67.21043472378976
300.0,70.71509086331969,0.9500000000000001,0.0,0.0,0.0,0.0,0.026879000000000004,0.0,0.0,0.0,0.0,0.0,0.023121000000000003,0.0,0.0,308.91,85.85,0.9711566475672525,0.8237051935156633,73.89463940164686,68.16945203265796,701.1168329881821,243.088361162332,0.956369639529935,0.0,0.0,0.0,0.0,0.01690243900402183,0.0,0.0,0.0,0.0,0.0,0.026727921466043227,0.0,0.0,0.9405913908016782,0.0,0.0,0.0,0.0,0.04161540119087507,0.0,0.0,0.0,0.0,0.0,0.017793208007446687,0.0,0.0,,,,0.0,0.0,0.0,0.0,,0.0,0.0,0.0,0.0,0.0,,0.0,0.0,,702.1497327186648,236.41935010129552,309.1473760575555,67.21043472378976
300.0,71.34900057098513,0.9500000000000001,0.0,0.0,0.0,0.0,0.026879000000000004,0.0,0.0,0.0,0.0,0.0,0.023121000000000003,0.0,0.0,308.91,85.85,0.9711566475672525,0.8310891155618536,73.89463940164686,68.16945203265796,698.3125118561494,246.1640250648022,0.9554997301833908,0.0,0.0,0.0,0.0,0.018805901214595803,0.0,0.0,0.0,0.0,0.0,0.025694368602013285,0.0,0.0,0.9372442450807638,0.0,0.0,0.0,0.0,0.04560327666658874,0.0,0.0,0.0,0.0,0.0,0.017152478252647565,0.0,0.0,,,,0.0,0.0,0.0,0.0,,0.0,0.0,0.0,0.0,0.0,,0.0,0.0,,702.1497327186648,236.41935010129552,309.1473760575555,67.21043472378976
300.0,71.98291027865055,0.9500000000000001,0.0,0.0,0.0,0.0,0.026879000000000004,0.0,0.0,0.0,0.0,0.0,0.023121000000000003,0.0,0.0,308.91,85.85,0.9711566475672525,0.8384730376080437,73.89463940164686,68.16945203265796,695.5486519171905,249.22639774438136,0.9543743558034483,0.0,0.0,0.0,0.0,0.020760754686570432,0.0,0.0,0.0,0.0,0.0,0.02486488950998116,0.0,0.0,0.9337554068836913,0.0,0.0,0.0,0.0,0.049599695381952046,0.0,0.0,0.0,0.0,0.0,0.016644897734356574,0.0,0.0,,,,0.0,0.0,0.0,0.0,,0.0,0.0,0.0,0.0,0.0,,0.0,0.0,,702.1497327186648,236.41935010129552,309.1473760575555,67.21043472378976
300.0,72.61681998631599,0.9500000000000001,0.0,0.0,0.0,0.0,0.026879000000000004,0.0,0.0,0.0,0.0,0.0,0.023121000000000003,0.0,0.0,308.91,85.85,0.9711566475672525,0.845856959654234,73.89463940164686,68.16945203265796,692.8034447194037,252.2912703511361,0.9530590799068508,0.0,0.0,0.0,0.0,0.022756669572056593,0.0,0.0,0.0,0.0,0.0,0.024184250521092694,0.0,0.0,0.9301887715915687,0.0,0.0,0.0,0.0,0.053576056686920635,0.0,0.0,0.0,0.0,0.0,0.016235171721510715,0.0,0.0,,,,0.0,0.0,0.0,0.0,,0.0,0.0,0.0,0.0,0.0,,0.0,0.0,,702.1497327186648,236.41935010129552,309.1473760575555,67.21043472378976
300.0,73.25072969398141,0.9500000000000001,0.0,0.0,0.0,0.0,0.026879000000000004,0.0,0.0,0.0,0.0,0.0,0.023121000000000003,0.0,0.0,308.91,85.85,0.9711566475672525,0.8532408817004242,73.89463940164686,68.16945203265796,690.0610625634249,255.370271554166,0.951599071970711,0.0,0.0,0.0,0.0,0.024786643013820473,0.0,0.0,0.0,0.0,0.0,0.023614285015468625,0.0,0.0,0.9265881190595593,0.0,0.0,0.0,0.0,0.05751302619930652,0.0,0.0,0.0,0.0,0.0,0.01589885474113428,0.0,0.0,,,,0.0,0.0,0.0,0.0,,0.0,0.0,0.0,0.0,0.0,,0.0,0.0,,702.1497327186648,236.41935010129552,309.1473760575555,67.21043472378976
300.0,73.88463940164685,0.9500000000000001,0.0,0.0,0.0,0.0,0.026879000000000004,0.0,0.0,0.0,0.0,0.0,0.023121000000000003,0.0,0.0,308.91,85.85,0.9711566475672525,0.8606248037466145,73.89463940164686,68.16945203265796,687.3096982316347,258.47223718751354,0.9500258955584818,0.0,0.0,0.0,0.0,0.026845913382147923,0.0,0.0,0.0,0.0,0.0,0.023128191059370192,0.0,0.0,0.9229838373504332,0.0,0.0,0.0,0.0,0.06139740785905738,0.0,0.0,0.0,0.0,0.0,0.015618754790509382,0.0,0.0,0.506321400715291,2.9713143607872596,1.0,0.0,0.0,0.0,0.0,1.0368822271468967,0.0,0.0,0.0,0.0,0.0,1.0,0.0,0.0,,702.1497327186648,236.41935010129552,309.1473760575555,67.21043472378976
